date,hour,operator_id,is_new,aht_sec,fcr,day_of_week
2026-08-07,19,1,True,264.0,1,4
2026-08-20,13,5,True,346.0,1,3
2026-08-29,8,39,True,278.0,0,5
2026-08-15,9,31,False,300.0,0,5
2026-08-11,14,36,True,329.0,1,1
2026-08-08,9,3,False,310.0,1,5
2026-08-29,12,38,True,346.0,0,5
2026-08-21,18,12,True,324.0,1,4
2026-08-07,16,16,True,242.0,0,4
2026-08-26,12,8,False,306.0,0,2
2026-08-19,19,11,False,292.0,1,2
2026-08-23,10,45,True,296.0,1,6
2026-08-11,18,14,False,222.0,1,1
2026-08-11,20,27,False,354.0,1,1
2026-08-24,13,18,True,371.0,1,0
2026-08-21,14,8,False,309.0,1,4
2026-08-04,17,33,True,295.0,0,1
2026-08-08,21,4,False,197.0,1,5
2026-08-24,18,49,False,315.0,1,0
2026-08-03,17,30,False,297.0,1,0
2026-08-22,18,20,False,270.0,1,5
2026-08-21,15,30,True,365.0,1,4
2026-08-02,10,27,False,326.0,1,6
2026-08-24,18,25,True,332.0,0,0
2026-08-12,11,6,True,329.0,0,2
2026-08-30,17,5,False,284.0,1,6
2026-08-06,11,14,False,315.0,1,3
2026-08-02,9,14,False,264.0,1,6
2026-08-28,14,34,True,338.0,1,4
2026-08-21,19,41,False,251.0,1,4
2026-08-01,11,25,False,341.0,0,5
2026-08-12,11,39,True,349.0,0,2
2026-08-26,20,18,True,305.0,1,2
2026-08-22,19,20,True,331.0,0,5
2026-08-29,15,43,True,286.0,0,5
2026-08-12,13,8,False,342.0,1,2
2026-08-25,13,26,False,347.0,1,1
2026-08-17,18,21,False,312.0,1,0
2026-08-27,16,27,False,343.0,1,3
2026-08-27,11,32,True,334.0,1,3
2026-08-31,16,42,False,311.0,0,0
2026-08-10,8,50,True,393.0,0,0
2026-08-28,18,17,False,284.0,1,4
2026-08-28,16,49,True,323.0,1,4
2026-08-16,8,1,False,342.0,0,6
2026-08-15,14,27,True,346.0,1,5
2026-08-30,13,36,True,292.0,0,6
2026-08-30,14,11,False,193.0,1,6
2026-08-15,16,41,True,313.0,1,5
2026-08-30,17,41,False,198.0,1,6
2026-08-19,11,35,True,288.0,0,2
2026-08-12,19,38,False,253.0,1,2
2026-08-23,16,38,True,298.0,1,6
2026-08-20,10,42,True,365.0,1,3
2026-08-25,17,42,True,364.0,0,1
2026-08-03,18,49,True,345.0,0,0
2026-08-05,18,47,True,350.0,0,2
2026-08-19,16,36,True,347.0,0,2
2026-08-07,20,10,True,233.0,1,4
2026-08-21,8,40,True,345.0,1,4
2026-08-09,21,1,False,226.0,1,6
2026-08-07,12,22,False,305.0,1,4
2026-08-18,17,17,True,238.0,0,1
2026-08-04,12,12,False,277.0,0,1
2026-08-25,8,44,False,326.0,1,1
2026-08-28,8,13,True,300.0,0,4
2026-08-14,10,25,False,331.0,0,4
2026-08-18,16,26,True,341.0,1,1
2026-08-26,14,46,False,296.0,1,2
2026-08-09,13,40,True,350.0,1,6
2026-08-26,16,46,False,266.0,1,2
2026-08-21,11,39,False,294.0,1,4
2026-08-02,11,49,True,328.0,1,6
2026-08-20,10,43,True,332.0,1,3
2026-08-28,12,33,False,258.0,0,4
2026-08-15,12,8,True,275.0,1,5
2026-08-28,19,13,False,275.0,1,4
2026-08-07,21,26,False,282.0,0,4
2026-08-12,17,17,False,253.0,1,2
2026-08-29,14,24,False,315.0,1,5
2026-08-08,14,24,False,234.0,0,5
2026-08-15,13,12,False,275.0,1,5
2026-08-03,11,31,True,375.0,0,0
2026-08-14,14,16,True,357.0,1,4
2026-08-17,21,42,True,387.0,1,0
2026-08-04,9,16,False,274.0,1,1
2026-08-18,20,30,False,324.0,1,1
2026-08-08,19,28,True,285.0,0,5
2026-08-04,16,3,False,269.0,1,1
2026-08-02,14,33,True,313.0,0,6
2026-08-30,9,24,True,315.0,0,6
2026-08-06,17,30,False,268.0,1,3
2026-08-22,9,40,True,318.0,0,5
2026-08-10,20,48,False,253.0,1,0
2026-08-04,13,28,True,356.0,0,1
2026-08-22,18,47,False,277.0,0,5
2026-08-29,14,39,False,289.0,1,5
2026-08-31,16,2,True,327.0,1,0
2026-08-18,11,13,False,290.0,1,1
2026-08-26,15,37,False,284.0,1,2
2026-08-12,21,10,True,326.0,1,2
2026-08-02,17,40,True,379.0,1,6
2026-08-10,20,13,False,323.0,1,0
2026-08-30,9,19,True,339.0,1,6
2026-08-04,13,6,True,304.0,1,1
2026-08-14,11,18,True,323.0,1,4
2026-08-31,15,40,True,337.0,1,0
2026-08-16,16,9,False,340.0,0,6
2026-08-15,9,17,True,283.0,1,5
2026-08-08,14,4,True,347.0,1,5
2026-08-14,14,50,True,366.0,1,4
2026-08-23,15,6,True,261.0,0,6
2026-08-28,20,11,False,285.0,1,4
2026-08-25,12,42,True,282.0,0,1
2026-08-30,18,26,False,302.0,0,6
2026-08-08,20,11,True,318.0,0,5
2026-08-21,10,8,True,327.0,0,4
2026-08-16,8,3,False,288.0,1,6
2026-08-13,11,2,True,357.0,1,3
2026-08-18,10,18,False,302.0,0,1
2026-08-15,9,2,False,307.0,1,5
2026-08-21,13,26,True,328.0,0,4
2026-08-24,14,12,True,343.0,0,0
2026-08-26,17,37,False,272.0,0,2
2026-08-25,14,26,True,389.0,1,1
2026-08-28,19,36,True,279.0,0,4
2026-08-28,15,16,True,251.0,0,4
2026-08-28,20,14,True,260.0,0,4
2026-08-13,21,2,False,215.0,1,3
2026-08-09,9,21,True,365.0,0,6
2026-08-29,21,7,True,360.0,0,5
2026-08-15,18,11,False,333.0,1,5
2026-08-13,19,44,True,286.0,0,3
2026-08-01,17,29,True,352.0,1,5
2026-08-25,20,37,False,295.0,0,1
2026-08-07,13,48,True,329.0,1,4
2026-08-09,20,39,False,318.0,1,6
2026-08-24,13,28,False,252.0,1,0
2026-08-01,17,40,True,425.0,0,5
2026-08-12,19,4,False,341.0,1,2
2026-08-08,8,4,True,323.0,1,5
2026-08-24,9,27,True,294.0,0,0
2026-08-31,20,6,False,289.0,0,0
2026-08-11,16,34,False,288.0,1,1
2026-08-19,15,41,True,363.0,0,2
2026-08-17,19,40,False,241.0,1,0
2026-08-08,20,18,False,304.0,1,5
2026-08-03,11,44,False,227.0,1,0
2026-08-03,13,48,False,299.0,1,0
2026-08-01,9,30,True,334.0,0,5
2026-08-27,19,33,True,405.0,1,3
2026-08-05,12,20,False,223.0,1,2
2026-08-10,9,36,True,393.0,0,0
2026-08-07,20,46,False,224.0,1,4
2026-08-26,12,50,True,271.0,0,2
2026-08-09,14,5,True,253.0,0,6
2026-08-28,14,35,True,331.0,1,4
2026-08-07,16,19,False,234.0,0,4
2026-08-09,10,12,True,279.0,1,6
2026-08-08,19,26,False,296.0,1,5
2026-08-12,11,19,True,346.0,0,2
2026-08-02,16,11,True,322.0,1,6
2026-08-01,21,20,True,332.0,0,5
2026-08-16,15,9,False,353.0,1,6
2026-08-23,19,20,True,334.0,1,6
2026-08-23,14,27,True,353.0,0,6
2026-08-30,15,5,True,326.0,0,6
2026-08-24,16,10,True,277.0,0,0
2026-08-05,19,9,False,310.0,1,2
2026-08-03,11,25,False,262.0,0,0
2026-08-12,12,13,True,321.0,1,2
2026-08-08,16,32,False,293.0,1,5
2026-08-22,14,8,False,203.0,1,5
2026-08-27,21,45,True,274.0,1,3
2026-08-03,11,27,False,324.0,1,0
2026-08-01,13,22,False,255.0,1,5
2026-08-03,18,28,True,300.0,1,0
2026-08-05,8,18,True,351.0,1,2
2026-08-15,8,23,False,289.0,1,5
2026-08-14,16,41,False,297.0,0,4
2026-08-03,15,31,True,318.0,1,0
2026-08-01,20,41,True,340.0,1,5
2026-08-05,8,34,True,316.0,1,2
2026-08-26,20,7,False,300.0,1,2
2026-08-23,18,5,False,329.0,1,6
2026-08-31,9,21,False,275.0,1,0
2026-08-14,20,6,True,369.0,0,4
2026-08-07,11,45,False,286.0,0,4
2026-08-27,8,50,False,334.0,1,3
2026-08-09,9,35,True,343.0,0,6
2026-08-15,12,42,True,323.0,1,5
2026-08-15,15,23,False,294.0,0,5
2026-08-26,13,3,False,331.0,1,2
2026-08-10,13,33,True,331.0,1,0
2026-08-28,11,38,False,307.0,0,4
2026-08-13,9,23,True,323.0,1,3
2026-08-19,10,16,False,355.0,1,2
2026-08-31,20,25,False,318.0,1,0
2026-08-07,13,49,False,285.0,0,4
2026-08-17,13,16,False,277.0,1,0
2026-08-20,12,25,False,324.0,0,3
2026-08-29,13,42,True,298.0,1,5
2026-08-04,18,7,False,213.0,1,1
2026-08-30,13,8,True,325.0,1,6
2026-08-05,20,3,True,380.0,1,2
2026-08-23,8,5,True,408.0,0,6
2026-08-07,13,19,True,318.0,0,4
2026-08-13,12,7,False,286.0,1,3
2026-08-15,15,50,True,341.0,1,5
2026-08-11,16,22,False,270.0,1,1
2026-08-29,21,26,False,319.0,0,5
2026-08-04,13,50,True,319.0,0,1
2026-08-13,20,25,False,333.0,0,3
2026-08-07,19,6,True,357.0,1,4
2026-08-27,19,5,True,360.0,0,3
2026-08-19,17,38,False,274.0,1,2
2026-08-22,11,38,True,405.0,1,5
2026-08-28,10,22,True,352.0,0,4
2026-08-02,17,31,False,292.0,0,6
2026-08-10,19,22,False,258.0,1,0
2026-08-13,8,11,True,341.0,1,3
2026-08-30,14,32,False,285.0,1,6
2026-08-25,12,17,False,253.0,1,1
2026-08-21,11,41,False,276.0,0,4
2026-08-06,16,22,True,314.0,1,3
2026-08-28,14,16,False,283.0,0,4
2026-08-28,17,42,False,211.0,1,4
2026-08-12,20,15,False,287.0,0,2
2026-08-12,15,8,False,265.0,0,2
2026-08-20,11,46,True,327.0,1,3
2026-08-30,17,48,True,363.0,1,6
2026-08-30,19,3,True,410.0,0,6
2026-08-11,17,13,True,349.0,1,1
2026-08-26,15,30,False,231.0,0,2
2026-08-23,11,28,True,314.0,0,6
2026-08-28,8,9,False,328.0,1,4
2026-08-25,18,12,False,304.0,0,1
2026-08-07,15,25,True,359.0,1,4
2026-08-30,8,37,True,341.0,0,6
2026-08-01,20,21,False,278.0,1,5
2026-08-01,19,39,False,358.0,0,5
2026-08-25,10,39,True,335.0,1,1
2026-08-27,14,19,True,280.0,1,3
2026-08-30,10,8,False,352.0,1,6
2026-08-25,20,38,False,233.0,0,1
2026-08-20,15,3,True,180.0,0,3
2026-08-13,12,22,False,315.0,0,3
2026-08-09,10,1,True,369.0,1,6
2026-08-03,12,38,True,341.0,0,0
2026-08-07,12,19,True,272.0,0,4
2026-08-06,15,21,True,318.0,1,3
2026-08-08,19,13,True,317.0,1,5
2026-08-27,16,27,True,299.0,1,3
2026-08-09,13,17,True,378.0,1,6
2026-08-30,17,50,True,280.0,1,6
2026-08-05,10,20,True,345.0,0,2
2026-08-01,9,30,False,346.0,1,5
2026-08-19,18,38,True,340.0,0,2
2026-08-10,10,11,True,382.0,0,0
2026-08-12,16,27,False,303.0,1,2
2026-08-24,14,38,False,298.0,1,0
2026-08-15,18,28,True,339.0,1,5
2026-08-27,18,26,False,309.0,0,3
2026-08-22,16,39,False,265.0,1,5
2026-08-24,20,33,False,240.0,1,0
2026-08-09,13,32,True,360.0,0,6
2026-08-20,15,25,False,326.0,1,3
2026-08-17,17,24,True,332.0,0,0
2026-08-30,18,40,False,263.0,1,6
2026-08-17,16,27,False,218.0,1,0
2026-08-26,10,46,True,336.0,0,2
2026-08-20,14,22,False,227.0,1,3
2026-08-12,16,20,True,261.0,0,2
2026-08-30,9,33,False,297.0,1,6
2026-08-07,19,5,True,297.0,0,4
2026-08-02,14,29,True,334.0,1,6
2026-08-03,12,5,True,318.0,1,0
2026-08-17,15,46,False,256.0,1,0
2026-08-05,11,39,True,260.0,1,2
2026-08-17,8,17,True,310.0,1,0
2026-08-24,18,29,True,292.0,1,0
2026-08-17,20,11,False,243.0,1,0
2026-08-27,17,22,False,269.0,1,3
2026-08-17,15,31,True,274.0,1,0
2026-08-02,13,39,True,315.0,1,6
2026-08-02,20,1,True,342.0,1,6
2026-08-28,15,15,True,287.0,0,4
2026-08-22,10,19,True,350.0,1,5
2026-08-23,15,10,False,226.0,1,6
2026-08-05,15,9,True,276.0,1,2
2026-08-01,19,13,True,323.0,0,5
2026-08-01,8,45,True,372.0,1,5
2026-08-19,11,26,False,323.0,1,2
2026-08-30,14,6,False,345.0,1,6
2026-08-02,20,40,False,277.0,1,6
2026-08-21,21,44,True,333.0,0,4
2026-08-12,18,2,True,283.0,1,2
2026-08-26,8,29,True,294.0,1,2
2026-08-06,10,48,True,342.0,0,3
2026-08-23,10,12,False,261.0,1,6
2026-08-04,13,23,False,331.0,0,1
2026-08-23,12,50,False,226.0,1,6
2026-08-11,19,3,False,307.0,0,1
2026-08-24,18,50,True,284.0,0,0
2026-08-27,14,11,False,248.0,1,3
2026-08-17,10,5,True,354.0,0,0
2026-08-31,18,45,True,297.0,0,0
2026-08-06,8,10,False,284.0,1,3
2026-08-24,18,47,True,292.0,1,0
2026-08-05,10,6,True,404.0,1,2
2026-08-20,15,16,True,295.0,0,3
2026-08-02,12,31,False,287.0,1,6
2026-08-06,10,23,False,284.0,0,3
2026-08-22,21,30,True,347.0,1,5
2026-08-11,15,40,False,255.0,1,1
2026-08-31,13,20,True,314.0,1,0
2026-08-16,10,25,True,348.0,1,6
2026-08-16,21,35,False,263.0,0,6
2026-08-01,12,5,False,328.0,0,5
2026-08-09,8,47,False,352.0,0,6
2026-08-28,13,3,True,346.0,0,4
2026-08-27,21,47,False,301.0,1,3
2026-08-06,19,34,False,168.0,1,3
2026-08-16,20,12,False,309.0,1,6
2026-08-29,21,27,True,322.0,1,5
2026-08-03,16,5,False,271.0,1,0
2026-08-20,19,41,False,212.0,1,3
2026-08-28,14,22,True,340.0,1,4
2026-08-27,18,4,True,267.0,1,3
2026-08-04,20,28,True,337.0,0,1
2026-08-19,15,7,False,316.0,1,2
2026-08-26,13,48,False,263.0,1,2
2026-08-03,18,45,False,333.0,1,0
2026-08-31,12,34,False,255.0,0,0
2026-08-19,19,2,False,312.0,0,2
2026-08-20,13,9,True,270.0,0,3
2026-08-07,14,15,True,362.0,1,4
2026-08-20,16,31,True,356.0,0,3
2026-08-09,15,36,True,339.0,0,6
2026-08-01,12,49,True,309.0,0,5
2026-08-08,14,41,False,224.0,0,5
2026-08-07,15,15,True,304.0,1,4
2026-08-18,8,33,True,389.0,1,1
2026-08-08,15,31,True,325.0,1,5
2026-08-01,18,27,True,262.0,1,5
2026-08-11,14,2,False,236.0,0,1
2026-08-28,18,9,False,335.0,0,4
2026-08-25,19,43,False,308.0,0,1
2026-08-25,19,1,True,279.0,1,1
2026-08-18,9,19,False,227.0,1,1
2026-08-23,9,9,False,273.0,1,6
2026-08-31,19,2,False,214.0,1,0
2026-08-30,13,37,True,316.0,1,6
2026-08-10,10,49,False,391.0,1,0
2026-08-03,8,1,False,241.0,1,0
2026-08-07,15,46,False,273.0,0,4
2026-08-28,14,12,False,333.0,1,4
2026-08-16,11,26,True,358.0,0,6
2026-08-26,21,10,False,292.0,1,2
2026-08-16,8,47,True,339.0,1,6
2026-08-25,9,1,False,252.0,0,1
2026-08-20,16,1,True,310.0,0,3
2026-08-28,11,43,True,338.0,1,4
2026-08-17,10,31,True,377.0,1,0
2026-08-02,15,11,False,255.0,1,6
2026-08-01,11,5,True,320.0,0,5
2026-08-16,14,35,False,243.0,0,6
2026-08-30,20,11,False,302.0,1,6
2026-08-12,21,4,True,369.0,1,2
2026-08-05,21,38,True,363.0,0,2
2026-08-05,21,50,True,291.0,1,2
2026-08-27,12,39,False,290.0,0,3
2026-08-23,12,21,False,257.0,1,6
2026-08-09,18,36,True,365.0,1,6
2026-08-09,13,46,True,316.0,1,6
2026-08-03,19,28,False,227.0,1,0
2026-08-19,20,8,False,284.0,1,2
2026-08-16,11,20,False,306.0,0,6
2026-08-16,9,43,False,308.0,0,6
2026-08-03,13,46,True,302.0,0,0
2026-08-20,20,21,True,309.0,0,3
2026-08-24,12,35,True,285.0,1,0
2026-08-22,10,43,True,317.0,1,5
2026-08-24,11,32,True,294.0,0,0
2026-08-01,10,36,True,371.0,1,5
2026-08-24,10,41,True,296.0,1,0
2026-08-20,11,5,False,293.0,1,3
2026-08-11,9,45,False,300.0,1,1
2026-08-17,11,4,False,326.0,1,0
2026-08-08,17,7,False,326.0,0,5
2026-08-04,18,34,True,352.0,0,1
2026-08-06,9,20,False,312.0,0,3
2026-08-08,21,7,True,296.0,0,5
2026-08-20,17,24,False,239.0,0,3
2026-08-30,15,21,True,286.0,1,6
2026-08-03,17,9,False,312.0,1,0
2026-08-16,12,19,True,327.0,0,6
2026-08-30,20,20,True,367.0,1,6
2026-08-25,14,28,False,321.0,1,1
2026-08-03,18,32,True,295.0,1,0
2026-08-25,11,34,False,289.0,1,1
2026-08-29,17,16,False,281.0,1,5
2026-08-18,13,38,False,269.0,1,1
2026-08-14,20,50,False,271.0,1,4
2026-08-18,19,17,False,335.0,0,1
2026-08-02,21,11,True,340.0,1,6
2026-08-22,17,4,False,283.0,0,5
2026-08-03,11,40,False,256.0,1,0
2026-08-16,13,50,False,309.0,1,6
2026-08-29,8,45,True,304.0,0,5
2026-08-09,13,40,False,300.0,1,6
2026-08-04,13,42,False,301.0,1,1
2026-08-01,9,18,False,281.0,0,5
2026-08-04,19,50,True,341.0,0,1
2026-08-01,17,49,True,329.0,0,5
2026-08-14,17,48,True,320.0,1,4
2026-08-21,16,6,False,281.0,1,4
2026-08-16,13,46,False,284.0,1,6
2026-08-20,19,32,True,333.0,1,3
2026-08-24,18,5,True,327.0,1,0
2026-08-08,20,15,True,288.0,1,5
2026-08-07,14,45,True,314.0,1,4
2026-08-03,9,16,False,309.0,1,0
2026-08-17,9,48,False,302.0,1,0
2026-08-01,9,17,True,376.0,0,5
2026-08-16,17,37,False,307.0,1,6
2026-08-12,20,43,True,298.0,0,2
2026-08-27,18,15,False,278.0,0,3
2026-08-19,16,35,True,308.0,1,2
2026-08-22,10,8,True,332.0,1,5
2026-08-23,20,35,True,332.0,1,6
2026-08-22,11,36,False,312.0,0,5
2026-08-14,8,27,False,312.0,0,4
2026-08-30,8,14,False,354.0,1,6
2026-08-06,11,23,True,338.0,1,3
2026-08-06,21,20,True,305.0,0,3
2026-08-13,9,6,True,319.0,1,3
2026-08-19,15,24,False,304.0,0,2
2026-08-22,20,23,True,268.0,1,5
2026-08-08,11,36,False,234.0,1,5
2026-08-27,10,12,False,293.0,0,3
2026-08-27,10,2,False,331.0,0,3
2026-08-02,13,27,True,374.0,0,6
2026-08-21,19,32,True,319.0,0,4
2026-08-30,20,29,True,375.0,0,6
2026-08-01,13,50,False,285.0,0,5
2026-08-28,13,46,False,221.0,1,4
2026-08-15,13,40,True,322.0,1,5
2026-08-01,15,40,True,295.0,0,5
2026-08-05,15,44,False,317.0,1,2
2026-08-28,16,33,False,279.0,1,4
2026-08-29,8,29,True,293.0,0,5
2026-08-16,17,33,False,222.0,0,6
2026-08-19,15,36,True,319.0,1,2
2026-08-04,12,17,True,228.0,1,1
2026-08-03,10,10,False,272.0,0,0
2026-08-17,18,1,False,294.0,0,0
2026-08-17,17,43,False,240.0,0,0
2026-08-12,10,17,True,372.0,1,2
2026-08-28,13,42,False,330.0,1,4
2026-08-30,15,28,True,279.0,0,6
2026-08-29,17,38,True,310.0,0,5
2026-08-14,9,36,False,338.0,0,4
2026-08-21,19,45,True,328.0,1,4
2026-08-06,16,27,False,225.0,1,3
2026-08-03,12,43,False,279.0,1,0
2026-08-28,12,37,True,290.0,0,4
2026-08-09,8,46,True,389.0,0,6
2026-08-05,13,25,True,346.0,1,2
2026-08-24,20,34,True,320.0,1,0
2026-08-29,18,3,False,290.0,1,5
2026-08-17,18,29,False,232.0,1,0
2026-08-14,12,35,True,294.0,0,4
2026-08-21,14,43,True,383.0,0,4
2026-08-31,14,41,False,283.0,1,0
2026-08-03,11,10,False,325.0,1,0
2026-08-28,12,38,True,334.0,0,4
2026-08-01,17,38,True,375.0,1,5
2026-08-20,21,1,False,218.0,1,3
2026-08-31,15,1,True,312.0,0,0
2026-08-29,9,32,True,404.0,0,5
2026-08-21,8,22,False,343.0,0,4
2026-08-23,21,19,False,351.0,1,6
2026-08-01,13,35,False,282.0,1,5
2026-08-03,18,6,False,263.0,1,0
2026-08-18,21,34,False,257.0,1,1
2026-08-25,11,15,True,284.0,0,1
2026-08-10,20,44,True,365.0,1,0
2026-08-31,17,42,True,343.0,0,0
2026-08-22,10,45,True,330.0,1,5
2026-08-26,14,3,False,301.0,1,2
2026-08-03,15,50,False,286.0,0,0
2026-08-08,18,37,False,323.0,1,5
2026-08-14,19,22,False,326.0,1,4
2026-08-24,11,45,True,285.0,1,0
2026-08-18,19,29,True,339.0,1,1
2026-08-15,19,14,False,221.0,1,5
2026-08-22,17,30,False,287.0,1,5
2026-08-23,19,15,False,312.0,0,6
2026-08-02,18,50,False,232.0,0,6
2026-08-31,18,29,False,268.0,1,0
2026-08-27,13,14,False,282.0,1,3
2026-08-10,20,3,True,342.0,1,0
2026-08-02,18,22,False,273.0,1,6
2026-08-26,18,33,False,238.0,1,2
2026-08-17,9,23,True,336.0,0,0
2026-08-08,15,7,False,214.0,1,5
2026-08-01,13,20,True,313.0,0,5
2026-08-09,18,7,False,267.0,0,6
2026-08-11,16,17,True,315.0,0,1
2026-08-22,18,32,False,262.0,1,5
2026-08-16,20,15,True,272.0,1,6
2026-08-07,20,13,False,278.0,0,4
2026-08-29,13,47,True,359.0,1,5
2026-08-10,13,3,True,372.0,0,0
2026-08-23,19,25,True,426.0,1,6
2026-08-26,9,49,False,366.0,1,2
2026-08-03,12,32,True,277.0,0,0
2026-08-18,16,16,True,304.0,0,1
2026-08-25,8,1,False,304.0,0,1
2026-08-24,11,46,False,285.0,0,0
2026-08-13,17,3,False,285.0,1,3
2026-08-28,17,20,True,418.0,1,4
2026-08-26,21,28,False,255.0,0,2
2026-08-07,10,22,True,304.0,1,4
2026-08-25,8,36,True,410.0,0,1
2026-08-04,8,41,False,280.0,1,1
2026-08-13,8,1,False,320.0,1,3
2026-08-20,8,14,False,346.0,1,3
2026-08-01,20,45,True,352.0,1,5
2026-08-08,9,15,True,346.0,0,5
2026-08-14,18,32,True,362.0,0,4
2026-08-16,12,18,False,249.0,1,6
2026-08-14,9,48,True,318.0,1,4
2026-08-12,11,38,True,349.0,1,2
2026-08-19,16,22,True,238.0,1,2
2026-08-23,10,16,False,349.0,1,6
2026-08-15,9,11,True,350.0,1,5
2026-08-28,11,7,False,294.0,1,4
2026-08-02,16,9,True,255.0,1,6
2026-08-02,11,1,False,237.0,1,6
2026-08-23,19,42,True,312.0,1,6
2026-08-31,12,8,False,317.0,1,0
2026-08-22,11,11,False,205.0,1,5
2026-08-19,20,5,True,364.0,1,2
2026-08-25,15,29,False,266.0,0,1
2026-08-26,21,6,True,329.0,1,2
2026-08-31,20,12,False,303.0,0,0
2026-08-30,11,43,False,299.0,1,6
2026-08-29,9,39,True,310.0,0,5
2026-08-22,19,7,True,353.0,1,5
2026-08-26,11,44,True,235.0,0,2
2026-08-26,9,12,True,320.0,1,2
2026-08-22,16,33,True,327.0,0,5
2026-08-17,18,19,True,311.0,1,0
2026-08-20,21,36,True,265.0,1,3
2026-08-10,15,19,False,310.0,0,0
2026-08-06,16,21,True,271.0,1,3
2026-08-15,11,19,True,325.0,0,5
2026-08-22,8,43,False,311.0,1,5
2026-08-11,10,9,True,333.0,1,1
2026-08-28,14,45,True,367.0,0,4
2026-08-05,8,22,True,342.0,1,2
2026-08-01,18,19,False,302.0,1,5
2026-08-08,15,37,False,278.0,0,5
2026-08-21,16,11,True,345.0,0,4
2026-08-28,15,25,False,336.0,0,4
2026-08-12,12,35,False,290.0,1,2
2026-08-12,19,5,False,319.0,1,2
2026-08-05,18,45,False,343.0,1,2
2026-08-07,21,31,False,352.0,1,4
2026-08-04,19,14,True,313.0,0,1
2026-08-06,20,13,True,374.0,1,3
2026-08-13,16,34,True,330.0,1,3
2026-08-20,11,34,False,333.0,1,3
2026-08-30,16,18,False,303.0,0,6
2026-08-15,8,6,False,316.0,0,5
2026-08-03,19,42,False,305.0,1,0
2026-08-23,18,21,True,335.0,1,6
2026-08-08,10,40,False,304.0,0,5
2026-08-20,11,5,False,282.0,0,3
2026-08-16,18,2,False,274.0,1,6
2026-08-13,17,6,False,353.0,1,3
2026-08-18,8,50,False,324.0,1,1
2026-08-28,19,8,True,305.0,1,4
2026-08-10,13,2,False,271.0,0,0
2026-08-30,20,23,True,375.0,1,6
2026-08-19,11,20,False,259.0,1,2
2026-08-17,11,4,False,229.0,0,0
2026-08-24,8,15,True,288.0,0,0
2026-08-31,12,30,False,215.0,0,0
2026-08-19,16,20,True,269.0,1,2
2026-08-28,13,24,True,275.0,1,4
2026-08-26,15,9,True,375.0,1,2
2026-08-23,18,21,False,283.0,1,6
2026-08-26,11,38,False,273.0,1,2
2026-08-05,16,41,False,223.0,1,2
2026-08-26,14,13,True,315.0,1,2
2026-08-21,21,5,False,229.0,1,4
2026-08-30,21,46,False,283.0,1,6
2026-08-23,14,14,True,403.0,0,6
2026-08-31,15,50,True,347.0,0,0
2026-08-09,9,7,True,330.0,1,6
2026-08-12,19,6,False,316.0,1,2
2026-08-21,13,12,False,261.0,1,4
2026-08-01,14,46,False,248.0,1,5
2026-08-26,10,16,True,401.0,1,2
2026-08-26,15,32,False,234.0,0,2
2026-08-01,8,42,True,330.0,0,5
2026-08-15,8,11,True,357.0,0,5
2026-08-02,17,4,False,245.0,0,6
2026-08-30,10,29,True,359.0,0,6
2026-08-22,13,34,False,270.0,1,5
2026-08-16,14,9,True,347.0,0,6
2026-08-25,9,10,False,321.0,1,1
2026-08-08,21,8,True,328.0,0,5
2026-08-13,13,36,False,350.0,1,3
2026-08-21,19,32,True,301.0,1,4
2026-08-01,12,45,True,378.0,0,5
2026-08-16,13,6,False,329.0,1,6
2026-08-29,8,6,True,415.0,1,5
2026-08-07,21,27,False,305.0,1,4
2026-08-31,17,2,False,250.0,1,0
2026-08-05,14,9,True,404.0,0,2
2026-08-22,15,38,True,307.0,0,5
2026-08-29,21,5,False,265.0,1,5
2026-08-23,14,34,False,273.0,1,6
2026-08-03,16,14,False,241.0,0,0
2026-08-12,8,10,False,326.0,1,2
2026-08-26,17,47,False,258.0,1,2
2026-08-16,16,49,True,309.0,1,6
2026-08-19,18,7,False,323.0,0,2
2026-08-05,18,20,False,309.0,1,2
2026-08-22,20,11,True,333.0,1,5
2026-08-25,10,13,True,339.0,1,1
2026-08-29,9,17,True,338.0,1,5
2026-08-14,13,37,True,305.0,1,4
2026-08-28,18,44,False,284.0,1,4
2026-08-05,12,36,True,344.0,1,2
2026-08-15,11,33,True,323.0,1,5
2026-08-17,11,10,True,345.0,1,0
2026-08-30,15,34,False,247.0,0,6
2026-08-14,17,45,False,258.0,0,4
2026-08-30,20,13,True,303.0,1,6
2026-08-20,10,25,True,310.0,1,3
2026-08-05,20,44,False,344.0,1,2
2026-08-12,8,33,False,334.0,1,2
2026-08-16,12,10,True,281.0,0,6
2026-08-26,15,24,True,337.0,1,2
2026-08-26,10,5,True,317.0,0,2
2026-08-16,9,10,True,311.0,0,6
2026-08-21,8,39,False,245.0,0,4
2026-08-07,20,47,False,331.0,1,4
2026-08-04,11,27,True,273.0,1,1
2026-08-01,18,50,False,282.0,1,5
2026-08-30,9,36,True,300.0,0,6
2026-08-30,21,33,False,329.0,0,6
2026-08-05,15,28,False,267.0,1,2
2026-08-23,18,40,True,319.0,1,6
2026-08-26,20,43,True,328.0,1,2
2026-08-10,17,3,False,294.0,1,0
2026-08-22,19,31,True,329.0,0,5
2026-08-05,16,29,True,319.0,1,2
2026-08-04,20,44,False,272.0,1,1
2026-08-02,17,45,False,219.0,0,6
2026-08-20,8,50,True,300.0,1,3
2026-08-31,9,44,False,327.0,1,0
2026-08-10,13,42,True,310.0,1,0
2026-08-26,20,21,False,266.0,0,2
2026-08-19,17,32,False,226.0,1,2
2026-08-26,19,28,False,219.0,0,2
2026-08-01,14,21,True,292.0,1,5
2026-08-24,9,47,False,334.0,0,0
2026-08-05,15,35,False,258.0,0,2
2026-08-13,20,30,True,349.0,1,3
2026-08-04,17,47,True,298.0,0,1
2026-08-16,16,17,True,346.0,1,6
2026-08-24,15,29,True,306.0,1,0
2026-08-16,16,48,False,231.0,1,6
2026-08-23,13,2,True,311.0,0,6
2026-08-02,18,33,True,398.0,0,6
2026-08-17,14,4,False,352.0,0,0
2026-08-28,13,49,True,341.0,1,4
2026-08-27,14,39,False,275.0,1,3
2026-08-20,10,25,True,345.0,1,3
2026-08-24,11,5,False,301.0,0,0
2026-08-12,16,4,False,279.0,1,2
2026-08-18,10,29,False,310.0,0,1
2026-08-03,9,37,True,346.0,1,0
2026-08-28,19,8,False,275.0,1,4
2026-08-01,20,20,True,285.0,0,5
2026-08-01,18,41,True,306.0,1,5
2026-08-29,14,6,True,352.0,1,5
2026-08-19,13,36,False,281.0,1,2
2026-08-11,10,32,True,345.0,1,1
2026-08-05,13,5,False,271.0,0,2
2026-08-12,14,40,True,278.0,1,2
2026-08-03,13,20,True,312.0,1,0
2026-08-01,8,45,False,264.0,1,5
2026-08-01,19,4,True,285.0,1,5
2026-08-08,21,39,False,346.0,0,5
2026-08-10,8,22,True,328.0,0,0
2026-08-11,16,33,False,251.0,0,1
2026-08-12,13,31,False,347.0,1,2
2026-08-29,19,41,True,361.0,1,5
2026-08-13,9,29,True,323.0,1,3
2026-08-12,18,5,False,302.0,1,2
2026-08-31,8,10,False,295.0,1,0
2026-08-14,18,11,True,297.0,1,4
2026-08-02,19,50,True,347.0,0,6
2026-08-29,9,37,False,285.0,1,5
2026-08-19,15,22,False,283.0,1,2
2026-08-18,12,24,True,365.0,1,1
2026-08-03,14,21,True,357.0,1,0
2026-08-23,14,36,True,298.0,1,6
2026-08-17,9,16,False,317.0,1,0
2026-08-26,11,2,True,283.0,1,2
2026-08-08,9,15,False,316.0,1,5
2026-08-29,14,41,True,326.0,0,5
2026-08-26,12,49,True,340.0,1,2
2026-08-10,8,26,False,293.0,1,0
2026-08-26,9,30,False,381.0,1,2
2026-08-30,13,2,False,246.0,1,6
2026-08-02,21,29,True,377.0,0,6
2026-08-19,11,6,False,247.0,1,2
2026-08-09,14,1,False,301.0,1,6
2026-08-07,9,40,True,361.0,0,4
2026-08-04,20,11,True,335.0,1,1
2026-08-26,19,23,True,308.0,1,2
2026-08-21,9,26,True,344.0,1,4
2026-08-18,19,31,False,299.0,1,1
2026-08-13,13,15,True,394.0,0,3
2026-08-11,15,9,False,245.0,1,1
2026-08-29,20,34,False,270.0,1,5
2026-08-24,8,39,False,316.0,1,0
2026-08-04,12,17,False,274.0,1,1
2026-08-25,8,35,True,340.0,1,1
2026-08-21,18,36,True,367.0,1,4
2026-08-29,13,3,True,209.0,1,5
2026-08-25,14,40,False,257.0,1,1
2026-08-04,13,11,True,252.0,0,1
2026-08-10,21,28,False,250.0,1,0
2026-08-05,20,48,True,429.0,1,2
2026-08-09,16,28,True,344.0,1,6
2026-08-24,10,46,True,371.0,0,0
2026-08-03,15,19,False,277.0,0,0
2026-08-17,10,2,False,323.0,0,0
2026-08-03,18,32,True,254.0,1,0
2026-08-16,19,44,False,330.0,0,6
2026-08-04,20,11,True,300.0,1,1
2026-08-18,20,16,False,271.0,1,1
2026-08-17,14,11,False,301.0,1,0
2026-08-07,21,3,True,351.0,0,4
2026-08-24,20,42,False,296.0,0,0
2026-08-23,12,29,True,270.0,0,6
2026-08-30,19,5,False,292.0,0,6
2026-08-05,20,28,True,371.0,1,2
2026-08-12,8,31,False,283.0,1,2
2026-08-17,18,13,True,377.0,1,0
2026-08-23,19,25,False,253.0,0,6
2026-08-13,11,6,False,288.0,1,3
2026-08-23,21,3,False,359.0,0,6
2026-08-25,20,22,False,265.0,1,1
2026-08-03,18,41,False,327.0,1,0
2026-08-09,16,39,True,399.0,1,6
2026-08-30,15,32,True,327.0,1,6
2026-08-17,10,30,True,311.0,0,0
2026-08-17,9,7,False,267.0,1,0
2026-08-30,18,25,True,377.0,1,6
2026-08-20,16,2,False,332.0,1,3
2026-08-16,8,8,False,362.0,1,6
2026-08-25,16,50,True,319.0,1,1
2026-08-22,19,33,True,370.0,1,5
2026-08-13,14,28,True,319.0,0,3
2026-08-27,19,10,True,293.0,1,3
2026-08-19,9,38,True,383.0,1,2
2026-08-17,18,18,True,390.0,1,0
2026-08-04,12,13,False,244.0,1,1
2026-08-12,21,21,False,256.0,1,2
2026-08-29,9,33,True,340.0,0,5
2026-08-09,12,23,True,363.0,1,6
2026-08-19,14,1,True,275.0,0,2
2026-08-12,12,44,False,294.0,1,2
2026-08-09,9,40,False,274.0,0,6
2026-08-07,18,21,True,353.0,0,4
2026-08-28,21,5,True,306.0,1,4
2026-08-14,12,35,False,315.0,1,4
2026-08-31,19,18,False,282.0,1,0
2026-08-20,19,38,True,291.0,1,3
2026-08-19,17,36,False,285.0,0,2
2026-08-26,21,47,True,260.0,0,2
2026-08-15,13,29,True,300.0,1,5
2026-08-16,12,26,False,298.0,1,6
2026-08-21,9,36,False,227.0,1,4
2026-08-05,13,38,True,219.0,1,2
2026-08-03,13,50,False,188.0,0,0
2026-08-12,19,18,True,381.0,1,2
2026-08-25,9,29,False,295.0,1,1
2026-08-20,20,31,True,311.0,0,3
2026-08-27,20,42,False,330.0,1,3
2026-08-21,11,13,False,272.0,1,4
2026-08-04,14,50,True,331.0,1,1
2026-08-21,8,30,False,306.0,1,4
2026-08-23,8,7,False,286.0,0,6
2026-08-16,21,40,False,310.0,0,6
2026-08-25,18,6,True,355.0,1,1
2026-08-07,19,2,False,281.0,0,4
2026-08-13,18,8,False,266.0,1,3
2026-08-21,13,10,True,308.0,0,4
2026-08-10,14,49,False,189.0,0,0
2026-08-26,19,44,True,339.0,1,2
2026-08-07,12,43,True,276.0,0,4
2026-08-14,19,49,False,313.0,1,4
2026-08-31,17,48,False,278.0,1,0
2026-08-26,15,22,False,284.0,0,2
2026-08-05,18,10,True,353.0,0,2
2026-08-03,11,35,False,251.0,0,0
2026-08-23,10,19,True,347.0,0,6
2026-08-29,14,4,True,331.0,1,5
2026-08-11,21,19,True,331.0,1,1
2026-08-11,11,41,False,251.0,0,1
2026-08-18,8,20,False,328.0,1,1
2026-08-15,18,49,False,313.0,0,5
2026-08-12,15,4,False,285.0,1,2
2026-08-09,12,49,True,282.0,1,6
2026-08-10,20,26,False,271.0,1,0
2026-08-26,15,3,True,318.0,0,2
2026-08-12,15,30,True,348.0,1,2
2026-08-17,19,36,True,265.0,0,0
2026-08-29,12,41,False,262.0,1,5
2026-08-06,15,6,False,264.0,1,3
2026-08-07,14,39,False,277.0,1,4
2026-08-14,20,27,True,280.0,0,4
2026-08-13,10,16,True,324.0,0,3
2026-08-08,11,47,False,276.0,1,5
2026-08-10,18,16,True,283.0,1,0
2026-08-09,19,46,False,283.0,1,6
2026-08-18,20,36,False,271.0,1,1
2026-08-27,14,34,True,340.0,0,3
2026-08-26,11,39,False,253.0,1,2
2026-08-02,13,24,False,286.0,1,6
2026-08-05,19,39,True,296.0,1,2
2026-08-29,9,6,False,274.0,1,5
2026-08-05,19,20,True,340.0,1,2
2026-08-06,9,9,False,307.0,1,3
2026-08-19,10,49,False,276.0,1,2
2026-08-08,17,21,False,271.0,1,5
2026-08-16,14,11,False,222.0,0,6
2026-08-13,10,48,True,389.0,1,3
2026-08-01,19,30,False,315.0,1,5
2026-08-22,10,1,True,359.0,0,5
2026-08-20,20,27,False,229.0,0,3
2026-08-17,21,48,False,274.0,0,0
2026-08-31,11,49,True,315.0,0,0
2026-08-07,17,6,True,245.0,1,4
2026-08-25,13,43,False,318.0,0,1
2026-08-13,8,7,False,363.0,1,3
2026-08-04,13,48,True,404.0,1,1
2026-08-04,15,22,True,278.0,0,1
2026-08-06,19,34,True,333.0,1,3
2026-08-28,15,20,False,333.0,0,4
2026-08-31,13,45,True,312.0,0,0
2026-08-19,13,45,False,259.0,1,2
2026-08-29,20,15,True,258.0,0,5
2026-08-12,10,47,False,338.0,1,2
2026-08-22,21,9,True,337.0,1,5
2026-08-07,9,18,False,269.0,0,4
2026-08-27,14,46,True,332.0,1,3
2026-08-10,15,46,False,286.0,0,0
2026-08-26,17,36,True,329.0,0,2
2026-08-19,20,46,False,284.0,1,2
2026-08-07,21,42,False,363.0,0,4
2026-08-30,13,30,True,317.0,0,6
2026-08-03,12,11,False,349.0,1,0
2026-08-13,11,33,False,311.0,1,3
2026-08-13,8,46,True,359.0,0,3
2026-08-18,16,40,True,316.0,1,1
2026-08-28,18,6,True,363.0,0,4
2026-08-30,17,43,False,287.0,1,6
2026-08-26,11,46,False,251.0,1,2
2026-08-20,9,39,True,299.0,0,3
2026-08-28,11,22,False,305.0,1,4
2026-08-08,20,39,False,256.0,1,5
2026-08-29,18,19,False,282.0,0,5
2026-08-31,12,22,False,327.0,0,0
2026-08-09,9,31,False,310.0,1,6
2026-08-07,14,42,False,252.0,1,4
2026-08-01,10,25,True,389.0,0,5
2026-08-03,21,41,False,320.0,0,0
2026-08-13,15,50,True,361.0,0,3
2026-08-28,11,49,True,237.0,1,4
2026-08-30,19,30,True,341.0,0,6
2026-08-25,18,45,False,318.0,1,1
2026-08-31,12,4,False,353.0,1,0
2026-08-28,10,26,True,274.0,1,4
2026-08-17,20,7,True,381.0,1,0
2026-08-25,18,40,True,390.0,1,1
2026-08-24,12,48,False,204.0,1,0
2026-08-01,16,12,True,340.0,1,5
2026-08-06,18,1,False,309.0,1,3
2026-08-21,20,6,True,319.0,1,4
2026-08-06,21,1,True,318.0,1,3
2026-08-26,9,8,True,365.0,1,2
2026-08-12,14,44,True,296.0,1,2
2026-08-13,17,48,False,273.0,1,3
2026-08-13,15,33,True,352.0,1,3
2026-08-29,10,4,True,403.0,0,5
2026-08-15,18,50,True,346.0,0,5
2026-08-21,11,40,True,333.0,0,4
2026-08-16,20,6,True,312.0,1,6
2026-08-22,18,45,True,284.0,1,5
2026-08-21,17,3,False,326.0,1,4
2026-08-11,9,15,False,292.0,0,1
2026-08-28,17,6,True,368.0,1,4
2026-08-05,20,6,True,319.0,1,2
2026-08-04,16,37,False,255.0,1,1
2026-08-03,10,27,True,349.0,1,0
2026-08-19,16,42,True,317.0,0,2
2026-08-20,20,41,True,284.0,0,3
2026-08-25,14,46,True,393.0,0,1
2026-08-18,13,5,False,257.0,1,1
2026-08-15,18,39,True,362.0,0,5
2026-08-09,19,17,False,322.0,1,6
2026-08-17,18,23,True,274.0,0,0
2026-08-14,10,17,True,292.0,1,4
2026-08-15,18,41,False,272.0,1,5
2026-08-31,14,23,True,286.0,0,0
2026-08-01,18,39,False,354.0,1,5
2026-08-21,21,33,True,330.0,0,4
2026-08-22,10,2,False,328.0,0,5
2026-08-22,20,10,True,353.0,1,5
2026-08-03,18,19,False,295.0,1,0
2026-08-16,13,40,True,324.0,1,6
2026-08-23,15,9,False,329.0,0,6
2026-08-25,12,15,True,291.0,0,1
2026-08-11,18,43,False,354.0,1,1
2026-08-12,18,24,True,273.0,1,2
2026-08-10,20,12,False,324.0,1,0
2026-08-16,10,22,True,276.0,0,6
2026-08-08,13,18,True,309.0,1,5
2026-08-06,15,2,True,324.0,1,3
2026-08-12,17,15,True,303.0,0,2
2026-08-24,10,42,True,325.0,1,0
2026-08-28,19,39,False,233.0,1,4
2026-08-21,20,9,False,253.0,1,4
2026-08-08,21,22,True,358.0,1,5
2026-08-26,18,17,False,286.0,1,2
2026-08-28,18,14,False,257.0,0,4
2026-08-04,12,31,True,377.0,0,1
2026-08-26,16,41,False,232.0,0,2
2026-08-08,21,7,False,284.0,0,5
2026-08-26,21,47,False,278.0,1,2
2026-08-28,17,35,True,347.0,1,4
2026-08-18,17,34,False,284.0,1,1
2026-08-28,10,3,True,328.0,0,4
2026-08-28,20,2,True,259.0,0,4
2026-08-05,19,45,True,363.0,1,2
2026-08-09,18,27,False,276.0,1,6
2026-08-04,9,45,False,303.0,1,1
2026-08-27,18,2,False,255.0,1,3
2026-08-22,20,41,False,256.0,0,5
2026-08-31,21,5,True,398.0,1,0
2026-08-17,15,21,True,249.0,0,0
2026-08-09,21,7,True,296.0,1,6
2026-08-01,21,25,True,397.0,0,5
2026-08-21,21,45,False,324.0,0,4
2026-08-20,14,1,False,267.0,0,3
2026-08-13,19,9,True,378.0,1,3
2026-08-28,16,2,True,338.0,1,4
2026-08-16,11,3,True,337.0,1,6
2026-08-29,10,44,True,342.0,1,5
2026-08-13,17,37,False,301.0,1,3
2026-08-14,12,44,False,305.0,0,4
2026-08-03,18,4,False,372.0,1,0
2026-08-29,8,21,True,337.0,1,5
2026-08-06,12,26,True,318.0,1,3
2026-08-18,20,44,True,283.0,0,1
2026-08-19,20,37,False,290.0,0,2
2026-08-05,10,14,False,367.0,1,2
2026-08-15,8,46,True,384.0,1,5
2026-08-25,10,10,False,271.0,0,1
2026-08-02,12,26,True,326.0,0,6
2026-08-10,12,10,False,233.0,1,0
2026-08-24,17,37,False,243.0,0,0
2026-08-30,19,18,False,294.0,0,6
2026-08-18,15,27,False,260.0,1,1
2026-08-27,18,17,True,283.0,0,3
2026-08-13,8,10,True,364.0,1,3
2026-08-05,14,11,True,317.0,1,2
2026-08-23,12,47,True,262.0,1,6
2026-08-24,10,24,False,209.0,1,0
2026-08-01,11,19,False,265.0,1,5
2026-08-22,10,44,True,269.0,1,5
2026-08-01,15,16,False,205.0,1,5
2026-08-18,11,23,True,373.0,1,1
2026-08-15,10,12,True,329.0,1,5
2026-08-17,9,19,True,327.0,1,0
2026-08-11,10,25,True,325.0,1,1
2026-08-21,14,3,True,275.0,1,4
2026-08-26,13,13,True,338.0,0,2
2026-08-31,17,21,True,317.0,1,0
2026-08-25,19,22,False,258.0,0,1
2026-08-22,20,47,True,308.0,1,5
2026-08-27,12,29,True,275.0,0,3
2026-08-27,15,49,True,304.0,1,3
2026-08-17,18,43,False,275.0,1,0
2026-08-13,8,25,True,327.0,0,3
2026-08-01,10,23,False,295.0,0,5
2026-08-02,9,12,False,295.0,0,6
2026-08-09,9,49,False,307.0,1,6
2026-08-03,19,23,False,326.0,1,0
2026-08-31,18,5,True,348.0,1,0
2026-08-01,19,29,True,366.0,1,5
2026-08-21,8,5,True,311.0,1,4
2026-08-16,12,39,False,264.0,0,6
2026-08-23,12,35,True,351.0,0,6
2026-08-06,10,35,True,359.0,1,3
2026-08-28,19,17,False,261.0,1,4
2026-08-17,19,30,True,352.0,1,0
2026-08-05,16,2,False,243.0,1,2
2026-08-31,19,15,False,307.0,1,0
2026-08-05,13,23,True,321.0,0,2
2026-08-06,21,42,True,283.0,0,3
2026-08-03,17,26,True,305.0,0,0
2026-08-21,21,11,False,385.0,1,4
2026-08-23,13,24,False,290.0,1,6
2026-08-05,17,9,False,374.0,0,2
2026-08-21,13,14,False,224.0,1,4
2026-08-05,21,24,False,328.0,0,2
2026-08-10,9,7,True,237.0,1,0
2026-08-10,18,10,True,324.0,0,0
2026-08-19,17,33,False,307.0,1,2
2026-08-17,17,33,True,356.0,0,0
2026-08-21,15,46,True,288.0,0,4
2026-08-14,13,27,False,324.0,0,4
2026-08-09,20,8,True,311.0,0,6
2026-08-14,21,14,False,291.0,1,4
2026-08-01,10,7,False,275.0,0,5
2026-08-19,17,18,True,277.0,0,2
2026-08-13,16,26,False,343.0,1,3
2026-08-13,9,41,True,340.0,0,3
2026-08-04,14,15,True,364.0,1,1
2026-08-30,10,33,True,374.0,0,6
2026-08-01,19,11,True,289.0,1,5
2026-08-17,13,19,True,371.0,0,0
2026-08-08,12,42,True,345.0,1,5
2026-08-02,20,18,True,291.0,1,6
2026-08-28,13,22,True,340.0,1,4
2026-08-31,15,36,False,239.0,1,0
2026-08-08,21,18,False,362.0,1,5
2026-08-07,10,18,True,365.0,1,4
2026-08-26,9,22,True,335.0,0,2
2026-08-26,15,25,True,371.0,0,2
2026-08-02,8,44,True,281.0,0,6
2026-08-22,9,31,False,268.0,0,5
2026-08-22,17,9,False,272.0,1,5
2026-08-03,8,50,True,434.0,1,0
2026-08-27,12,38,True,282.0,1,3
2026-08-18,15,19,True,252.0,1,1
2026-08-12,9,25,False,240.0,0,2
2026-08-01,11,15,True,364.0,1,5
2026-08-22,11,5,False,264.0,0,5
2026-08-12,18,11,False,278.0,1,2
2026-08-05,18,13,True,355.0,0,2
2026-08-30,14,34,False,274.0,1,6
2026-08-30,8,8,False,313.0,1,6
2026-08-27,16,25,False,302.0,0,3
2026-08-25,10,27,True,315.0,1,1
2026-08-17,13,11,True,315.0,0,0
2026-08-16,17,18,False,292.0,1,6
2026-08-31,21,10,False,333.0,1,0
2026-08-15,12,33,False,253.0,0,5
2026-08-23,11,36,False,167.0,1,6
2026-08-15,16,17,False,308.0,0,5
2026-08-05,18,49,False,322.0,1,2
2026-08-21,19,5,True,336.0,0,4
2026-08-14,21,23,False,309.0,1,4
2026-08-02,16,3,False,258.0,1,6
2026-08-11,8,39,False,325.0,1,1
2026-08-19,14,37,False,315.0,1,2
2026-08-07,17,10,True,324.0,1,4
2026-08-06,16,27,False,380.0,1,3
2026-08-28,12,7,False,222.0,0,4
2026-08-02,8,49,True,351.0,1,6
2026-08-06,15,29,True,273.0,1,3
2026-08-18,12,49,True,360.0,1,1
2026-08-02,13,39,True,259.0,1,6
2026-08-18,14,6,True,267.0,1,1
2026-08-30,17,9,True,297.0,1,6
2026-08-15,14,8,False,291.0,0,5
2026-08-27,20,14,False,269.0,0,3
2026-08-19,21,38,False,275.0,1,2
2026-08-31,19,9,False,281.0,1,0
2026-08-02,14,11,True,311.0,0,6
2026-08-20,8,11,True,404.0,1,3
2026-08-25,14,40,False,308.0,0,1
2026-08-06,18,35,True,312.0,0,3
2026-08-01,10,11,False,376.0,1,5
2026-08-24,12,36,False,304.0,1,0
2026-08-15,17,3,False,243.0,0,5
2026-08-28,12,45,False,295.0,0,4
2026-08-30,15,19,True,341.0,0,6
2026-08-23,14,8,True,293.0,0,6
2026-08-10,14,28,False,238.0,1,0
2026-08-19,13,1,True,325.0,1,2
2026-08-17,14,40,False,266.0,0,0
2026-08-05,21,30,True,397.0,0,2
2026-08-29,14,41,False,310.0,1,5
2026-08-04,12,38,False,259.0,0,1
2026-08-10,12,11,False,302.0,1,0
2026-08-24,11,29,True,379.0,1,0
2026-08-17,21,31,True,282.0,1,0
2026-08-10,11,10,False,247.0,1,0
2026-08-17,12,35,True,324.0,0,0
2026-08-28,17,40,False,283.0,1,4
2026-08-20,16,29,False,278.0,0,3
2026-08-24,21,37,False,286.0,0,0
2026-08-05,18,2,False,271.0,1,2
2026-08-02,19,48,True,343.0,1,6
2026-08-06,13,1,False,327.0,1,3
2026-08-21,15,32,False,261.0,0,4
2026-08-02,16,24,True,418.0,0,6
2026-08-13,19,2,False,366.0,1,3
2026-08-30,21,3,True,391.0,1,6
2026-08-11,11,9,True,353.0,1,1
2026-08-11,19,49,True,408.0,1,1
2026-08-16,20,24,False,281.0,0,6
2026-08-11,14,12,True,287.0,0,1
2026-08-19,12,34,False,263.0,1,2
2026-08-15,11,34,False,248.0,1,5
2026-08-25,19,23,True,333.0,1,1
2026-08-23,14,19,True,332.0,0,6
2026-08-23,10,32,False,301.0,1,6
2026-08-16,8,49,True,344.0,0,6
2026-08-31,14,28,False,286.0,1,0
2026-08-11,16,26,True,390.0,0,1
2026-08-22,9,49,True,363.0,1,5
2026-08-16,14,45,False,317.0,1,6
2026-08-08,17,12,True,330.0,0,5
2026-08-04,9,43,True,273.0,1,1
2026-08-08,20,31,True,260.0,1,5
2026-08-04,20,11,True,416.0,1,1
2026-08-24,10,40,False,271.0,1,0
2026-08-25,20,50,False,268.0,1,1
2026-08-03,17,4,True,332.0,0,0
2026-08-03,21,18,False,320.0,0,0
2026-08-27,19,29,False,315.0,1,3
2026-08-29,17,47,True,393.0,1,5
2026-08-18,10,39,True,393.0,1,1
2026-08-29,19,47,False,256.0,1,5
2026-08-26,20,31,False,331.0,1,2
2026-08-19,11,28,False,273.0,0,2
2026-08-19,13,27,False,276.0,1,2
2026-08-21,10,30,True,289.0,0,4
2026-08-05,20,49,False,225.0,0,2
2026-08-18,16,42,False,279.0,0,1
2026-08-28,9,11,False,260.0,0,4
2026-08-10,14,14,True,358.0,0,0
2026-08-29,13,4,True,311.0,0,5
2026-08-22,21,36,True,350.0,1,5
2026-08-21,9,1,False,353.0,1,4
2026-08-06,18,44,True,265.0,1,3
2026-08-01,10,39,True,304.0,0,5
2026-08-05,13,37,True,329.0,0,2
2026-08-09,17,33,True,335.0,1,6
2026-08-12,11,21,False,332.0,1,2
2026-08-26,8,24,False,339.0,0,2
2026-08-14,8,40,False,308.0,0,4
2026-08-02,10,50,True,345.0,0,6
2026-08-17,15,13,False,293.0,0,0
2026-08-14,18,49,True,266.0,1,4
2026-08-26,11,34,True,322.0,1,2
2026-08-13,18,38,True,334.0,1,3
2026-08-27,8,29,True,363.0,1,3
2026-08-09,15,36,True,283.0,1,6
2026-08-26,17,40,False,231.0,0,2
2026-08-25,13,47,False,273.0,0,1
2026-08-15,8,5,False,383.0,0,5
2026-08-25,19,20,True,295.0,1,1
2026-08-22,17,29,True,369.0,1,5
2026-08-15,17,11,True,385.0,1,5
2026-08-24,13,8,False,284.0,1,0
2026-08-30,8,28,False,277.0,1,6
2026-08-11,17,49,False,303.0,1,1
2026-08-31,17,41,True,330.0,1,0
2026-08-16,10,18,False,258.0,0,6
2026-08-29,9,30,True,312.0,1,5
2026-08-17,11,14,False,306.0,0,0
2026-08-26,9,9,False,335.0,1,2
2026-08-04,18,10,False,272.0,0,1
2026-08-01,20,25,False,290.0,1,5
2026-08-08,12,27,True,351.0,1,5
2026-08-17,11,2,False,281.0,1,0
2026-08-03,13,3,False,270.0,0,0
2026-08-29,21,29,True,308.0,1,5
2026-08-20,14,37,True,290.0,1,3
2026-08-15,19,27,True,435.0,0,5
2026-08-15,9,4,True,330.0,1,5
2026-08-31,9,35,True,393.0,1,0
2026-08-24,15,27,False,347.0,1,0
2026-08-22,20,19,True,325.0,0,5
2026-08-14,20,10,True,347.0,1,4
2026-08-26,16,26,False,285.0,1,2
2026-08-28,12,7,False,220.0,1,4
2026-08-23,14,27,False,218.0,1,6
2026-08-14,20,30,True,334.0,0,4
2026-08-24,19,12,False,271.0,1,0
2026-08-02,16,40,False,356.0,1,6
2026-08-13,21,5,True,329.0,1,3
2026-08-26,8,13,True,423.0,1,2
2026-08-14,15,41,False,261.0,1,4
2026-08-27,17,4,False,358.0,1,3
2026-08-24,17,2,False,302.0,1,0
2026-08-19,16,37,False,303.0,0,2
2026-08-07,16,34,False,260.0,1,4
2026-08-03,17,50,False,305.0,1,0
2026-08-15,14,6,True,388.0,1,5
2026-08-23,19,26,True,322.0,1,6
2026-08-14,19,11,True,314.0,0,4
2026-08-11,19,42,False,278.0,1,1
2026-08-15,19,1,False,353.0,1,5
2026-08-28,17,34,False,316.0,0,4
2026-08-13,10,21,True,390.0,1,3
2026-08-18,20,10,False,305.0,1,1
2026-08-26,20,5,True,334.0,1,2
2026-08-06,12,26,True,341.0,1,3
2026-08-03,20,44,False,335.0,1,0
2026-08-19,9,19,False,288.0,1,2
2026-08-15,18,21,False,339.0,1,5
2026-08-25,17,34,True,337.0,1,1
2026-08-23,10,29,True,236.0,1,6
2026-08-05,17,38,True,357.0,0,2
2026-08-28,14,15,True,270.0,1,4
2026-08-10,8,40,False,339.0,0,0
2026-08-07,10,16,False,329.0,1,4
2026-08-25,12,18,False,298.0,0,1
2026-08-17,18,49,True,346.0,1,0
2026-08-07,21,1,False,342.0,1,4
2026-08-22,11,11,True,308.0,0,5
2026-08-26,10,36,False,324.0,0,2
2026-08-30,13,32,True,369.0,1,6
2026-08-12,19,28,True,398.0,1,2
2026-08-25,13,6,False,238.0,1,1
2026-08-17,11,7,False,304.0,0,0
2026-08-13,16,40,True,282.0,1,3
2026-08-20,18,24,True,284.0,0,3
2026-08-25,13,10,False,296.0,0,1
2026-08-04,16,30,True,324.0,0,1
2026-08-10,20,17,True,378.0,1,0
2026-08-03,18,44,True,311.0,1,0
2026-08-09,17,8,True,317.0,0,6
2026-08-13,17,12,False,290.0,1,3
2026-08-18,9,26,False,264.0,0,1
2026-08-15,13,17,False,253.0,1,5
2026-08-04,21,35,False,343.0,1,1
2026-08-15,11,46,True,306.0,1,5
2026-08-22,9,44,True,385.0,1,5
2026-08-02,12,5,True,349.0,0,6
2026-08-15,21,45,True,276.0,1,5
2026-08-08,10,11,True,354.0,0,5
2026-08-08,13,16,False,303.0,1,5
2026-08-17,18,42,False,301.0,1,0
2026-08-12,21,30,True,332.0,1,2
2026-08-19,15,40,False,242.0,1,2
2026-08-10,11,6,False,342.0,1,0
2026-08-09,19,20,False,284.0,1,6
2026-08-05,11,20,False,253.0,0,2
2026-08-06,12,24,False,303.0,1,3
2026-08-20,13,27,False,252.0,1,3
2026-08-26,18,3,False,247.0,0,2
2026-08-02,14,24,False,265.0,1,6
2026-08-27,13,10,True,295.0,0,3
2026-08-24,14,25,True,284.0,0,0
2026-08-27,16,28,False,313.0,1,3
2026-08-13,11,18,True,323.0,1,3
2026-08-06,17,42,True,372.0,1,3
2026-08-05,8,45,False,270.0,1,2
2026-08-25,16,14,True,251.0,0,1
2026-08-01,14,1,False,286.0,1,5
2026-08-21,11,20,False,362.0,0,4
2026-08-22,17,47,False,303.0,0,5
2026-08-21,15,25,True,449.0,0,4
2026-08-06,19,12,True,341.0,0,3
2026-08-06,14,48,False,290.0,1,3
2026-08-23,19,39,False,202.0,0,6
2026-08-16,9,46,False,315.0,1,6
2026-08-04,8,9,True,351.0,1,1
2026-08-30,16,9,True,304.0,0,6
2026-08-11,14,42,False,275.0,1,1
2026-08-30,21,41,True,335.0,0,6
2026-08-30,17,25,False,275.0,0,6
2026-08-30,8,30,True,428.0,0,6
2026-08-31,20,48,True,318.0,1,0
2026-08-24,11,40,True,335.0,0,0
2026-08-23,12,28,True,308.0,1,6
2026-08-09,12,2,False,316.0,0,6
2026-08-23,21,25,False,305.0,1,6
2026-08-03,21,18,True,327.0,0,0
2026-08-19,21,24,False,221.0,1,2
2026-08-31,12,18,True,334.0,1,0
2026-08-08,18,27,False,272.0,1,5
2026-08-05,10,44,True,330.0,1,2
2026-08-04,12,35,False,237.0,0,1
2026-08-24,11,34,False,345.0,1,0
2026-08-31,12,38,False,319.0,1,0
2026-08-06,14,6,False,338.0,1,3
2026-08-02,12,49,False,330.0,1,6
2026-08-20,21,16,False,322.0,1,3
2026-08-28,21,23,False,252.0,0,4
2026-08-11,21,28,False,372.0,1,1
2026-08-04,15,13,False,243.0,1,1
2026-08-15,15,12,True,309.0,1,5
2026-08-06,10,11,False,321.0,1,3
2026-08-22,12,47,True,355.0,0,5
2026-08-17,19,49,False,311.0,1,0
2026-08-30,11,22,True,312.0,0,6
2026-08-24,21,31,False,274.0,1,0
2026-08-06,21,27,True,439.0,1,3
2026-08-19,12,27,True,323.0,1,2
2026-08-30,15,40,True,314.0,0,6
2026-08-25,11,26,False,259.0,0,1
2026-08-02,12,7,True,334.0,1,6
2026-08-15,14,11,True,328.0,0,5
2026-08-11,10,22,False,292.0,1,1
2026-08-08,20,40,False,308.0,1,5
2026-08-26,13,19,True,393.0,1,2
2026-08-19,16,38,True,297.0,1,2
2026-08-13,18,20,True,326.0,1,3
2026-08-12,11,19,False,262.0,1,2
2026-08-05,11,19,True,340.0,1,2
2026-08-06,13,36,True,299.0,1,3
2026-08-26,13,47,True,301.0,1,2
2026-08-22,10,27,True,274.0,1,5
2026-08-04,21,17,False,302.0,0,1
2026-08-19,8,18,True,362.0,1,2
2026-08-20,10,20,True,407.0,0,3
2026-08-01,15,44,True,339.0,1,5
2026-08-20,15,42,True,302.0,1,3
2026-08-17,13,41,True,268.0,1,0
2026-08-12,14,8,False,232.0,1,2
2026-08-15,9,40,False,246.0,1,5
2026-08-01,16,11,False,356.0,1,5
2026-08-26,10,30,False,304.0,1,2
2026-08-14,9,12,False,275.0,1,4
2026-08-06,12,23,True,286.0,0,3
2026-08-05,8,6,False,270.0,1,2
2026-08-30,12,35,False,260.0,1,6
2026-08-11,17,15,False,335.0,1,1
2026-08-31,11,38,False,287.0,0,0
2026-08-04,19,28,True,270.0,1,1
2026-08-13,13,7,False,374.0,1,3
2026-08-11,19,6,False,242.0,0,1
2026-08-03,12,27,False,261.0,1,0
2026-08-01,16,2,True,373.0,1,5
2026-08-06,12,6,True,341.0,1,3
2026-08-18,20,32,True,314.0,0,1
2026-08-24,15,29,False,231.0,0,0
2026-08-10,19,34,True,289.0,1,0
2026-08-05,20,1,True,296.0,1,2
2026-08-23,9,15,False,298.0,1,6
2026-08-10,10,10,True,340.0,1,0
2026-08-12,10,10,False,287.0,1,2
2026-08-02,10,10,True,331.0,1,6
2026-08-13,13,37,False,240.0,0,3
2026-08-08,14,32,False,292.0,0,5
2026-08-02,14,36,False,332.0,1,6
2026-08-20,19,25,False,281.0,1,3
2026-08-01,14,15,True,313.0,1,5
2026-08-31,19,9,True,331.0,1,0
2026-08-05,10,16,True,377.0,0,2
2026-08-09,8,41,False,269.0,1,6
2026-08-17,13,19,False,340.0,1,0
2026-08-09,10,46,True,349.0,1,6
2026-08-11,20,44,False,294.0,0,1
2026-08-15,10,12,True,381.0,1,5
2026-08-24,10,35,False,245.0,1,0
2026-08-06,16,43,False,301.0,0,3
2026-08-23,19,5,True,345.0,0,6
2026-08-03,11,38,True,291.0,0,0
2026-08-30,12,6,True,343.0,1,6
2026-08-31,10,14,False,304.0,0,0
2026-08-17,17,48,False,275.0,1,0
2026-08-05,20,12,True,367.0,1,2
2026-08-30,19,50,True,305.0,1,6
2026-08-28,8,22,True,355.0,1,4
2026-08-12,19,45,False,283.0,1,2
2026-08-18,11,41,False,263.0,1,1
2026-08-14,8,50,True,365.0,0,4
2026-08-21,18,4,False,276.0,0,4
2026-08-24,18,43,False,226.0,1,0
2026-08-11,14,18,True,248.0,0,1
2026-08-09,14,31,True,352.0,1,6
2026-08-02,11,35,False,239.0,0,6
2026-08-12,12,4,False,296.0,1,2
2026-08-03,17,9,True,324.0,1,0
2026-08-03,14,45,True,306.0,0,0
2026-08-01,20,15,True,411.0,0,5
2026-08-08,13,42,False,289.0,1,5
2026-08-22,20,21,True,363.0,0,5
2026-08-28,11,32,True,339.0,0,4
2026-08-29,11,9,False,279.0,1,5
2026-08-08,9,48,False,297.0,1,5
2026-08-11,17,32,True,380.0,0,1
2026-08-09,9,16,True,382.0,1,6
2026-08-05,19,45,False,366.0,1,2
2026-08-14,11,5,True,337.0,1,4
2026-08-28,12,42,True,289.0,0,4
2026-08-30,11,31,False,270.0,0,6
2026-08-03,21,25,True,290.0,1,0
2026-08-21,10,1,False,323.0,0,4
2026-08-05,18,3,False,261.0,0,2
2026-08-05,9,21,True,216.0,0,2
2026-08-19,11,28,True,427.0,1,2
2026-08-27,21,3,False,275.0,1,3
2026-08-14,18,42,False,261.0,1,4
2026-08-26,12,32,False,351.0,1,2
2026-08-30,8,32,False,256.0,0,6
2026-08-04,20,49,True,378.0,0,1
2026-08-25,8,30,False,281.0,1,1
2026-08-13,13,50,True,269.0,0,3
2026-08-10,12,13,True,393.0,1,0
2026-08-25,18,34,True,361.0,1,1
2026-08-18,11,48,True,365.0,1,1
2026-08-08,8,4,False,319.0,1,5
2026-08-08,19,18,True,352.0,1,5
2026-08-07,21,32,True,289.0,0,4
2026-08-08,14,14,True,325.0,0,5
2026-08-14,11,32,False,251.0,1,4
2026-08-19,10,6,False,237.0,1,2
2026-08-29,21,43,True,354.0,1,5
2026-08-06,14,17,True,367.0,1,3
2026-08-01,9,8,True,323.0,0,5
2026-08-23,17,35,False,274.0,0,6
2026-08-31,8,24,False,259.0,0,0
2026-08-15,18,3,False,285.0,1,5
2026-08-01,11,17,False,318.0,0,5
2026-08-25,20,36,True,364.0,0,1
2026-08-17,15,40,False,302.0,0,0
2026-08-01,20,17,False,268.0,1,5
2026-08-15,13,30,True,296.0,1,5
2026-08-23,16,25,True,352.0,0,6
2026-08-02,8,22,False,337.0,0,6
2026-08-14,8,37,False,298.0,1,4
2026-08-21,18,11,True,307.0,1,4
2026-08-08,12,12,False,331.0,1,5
2026-08-08,13,21,False,268.0,1,5
2026-08-19,15,15,True,350.0,1,2
2026-08-07,10,12,True,327.0,1,4
2026-08-19,13,22,True,280.0,1,2
2026-08-06,10,39,False,357.0,1,3
2026-08-06,15,35,True,325.0,1,3
2026-08-03,19,42,True,300.0,1,0
2026-08-07,18,16,False,229.0,1,4
2026-08-19,18,33,False,233.0,0,2
2026-08-08,11,43,True,313.0,1,5
2026-08-10,9,49,True,415.0,0,0
2026-08-20,19,14,True,305.0,1,3
2026-08-15,16,18,False,338.0,0,5
2026-08-15,17,44,False,277.0,1,5
2026-08-29,20,16,True,285.0,0,5
2026-08-01,15,40,False,261.0,1,5
2026-08-20,13,3,False,231.0,0,3
2026-08-30,10,43,False,258.0,1,6
2026-08-07,9,26,False,263.0,1,4
2026-08-27,20,15,True,256.0,1,3
2026-08-04,11,36,True,389.0,1,1
2026-08-29,11,27,False,296.0,1,5
2026-08-06,8,48,False,277.0,1,3
2026-08-25,16,17,False,289.0,1,1
2026-08-01,17,14,True,289.0,1,5
2026-08-29,15,2,False,173.0,0,5
2026-08-05,14,27,False,399.0,1,2
2026-08-27,13,47,True,330.0,1,3
2026-08-23,10,24,True,309.0,0,6
2026-08-01,11,40,False,211.0,1,5
2026-08-30,9,45,False,238.0,1,6
2026-08-04,14,35,True,387.0,0,1
2026-08-22,9,4,False,358.0,1,5
2026-08-02,21,26,True,368.0,1,6
2026-08-10,17,36,True,277.0,0,0
2026-08-05,8,4,False,365.0,0,2
2026-08-27,13,34,False,300.0,1,3
2026-08-10,11,13,False,314.0,1,0
2026-08-01,15,40,False,298.0,1,5
2026-08-22,8,41,True,284.0,1,5
2026-08-06,16,1,False,233.0,1,3
2026-08-13,13,1,True,302.0,1,3
2026-08-31,21,9,True,364.0,0,0
2026-08-15,9,11,True,283.0,0,5
2026-08-04,15,16,True,313.0,1,1
2026-08-13,12,29,True,317.0,1,3
2026-08-24,12,36,True,356.0,1,0
2026-08-20,12,15,True,351.0,1,3
2026-08-24,14,39,True,280.0,1,0
2026-08-15,14,2,False,338.0,0,5
2026-08-29,17,10,True,275.0,1,5
2026-08-08,18,49,True,368.0,0,5
2026-08-05,14,11,False,258.0,1,2
2026-08-29,19,30,False,295.0,1,5
2026-08-15,17,23,False,291.0,1,5
2026-08-04,9,22,True,346.0,0,1
2026-08-12,15,42,False,307.0,0,2
2026-08-13,8,36,True,360.0,0,3
2026-08-02,20,29,True,364.0,1,6
2026-08-27,21,45,True,357.0,0,3
2026-08-31,9,32,False,247.0,1,0
2026-08-19,18,33,True,335.0,0,2
2026-08-19,14,39,True,298.0,0,2
2026-08-04,11,9,True,284.0,1,1
2026-08-04,18,1,False,273.0,1,1
2026-08-26,17,18,False,289.0,1,2
2026-08-11,17,50,True,332.0,1,1
2026-08-27,16,48,False,323.0,1,3
2026-08-05,18,22,False,337.0,1,2
2026-08-20,16,48,False,294.0,0,3
2026-08-11,21,37,True,359.0,0,1
2026-08-30,10,14,False,296.0,1,6
2026-08-10,20,22,True,363.0,0,0
2026-08-08,21,33,False,317.0,1,5
2026-08-06,20,6,True,330.0,1,3
2026-08-06,10,27,True,419.0,1,3
2026-08-08,16,6,True,299.0,1,5
2026-08-23,20,44,False,351.0,1,6
2026-08-15,17,50,True,268.0,1,5
2026-08-26,19,41,False,321.0,0,2
2026-08-14,15,16,True,377.0,1,4
2026-08-11,8,47,False,228.0,0,1
2026-08-12,13,2,False,288.0,1,2
2026-08-26,14,37,False,309.0,0,2
2026-08-13,21,29,False,308.0,1,3
2026-08-08,18,23,False,300.0,1,5
2026-08-30,21,21,True,343.0,1,6
2026-08-18,15,13,False,236.0,1,1
2026-08-25,19,1,True,423.0,1,1
2026-08-01,19,29,False,268.0,0,5
2026-08-15,9,48,False,315.0,1,5
2026-08-08,21,7,True,312.0,1,5
2026-08-28,8,31,True,253.0,0,4
2026-08-11,11,45,True,291.0,0,1
2026-08-12,8,22,False,247.0,1,2
2026-08-12,9,16,False,342.0,0,2
2026-08-04,10,28,False,268.0,0,1
2026-08-16,11,44,False,267.0,1,6
2026-08-04,19,39,False,245.0,1,1
2026-08-05,19,25,True,332.0,0,2
2026-08-24,13,14,True,293.0,1,0
2026-08-05,15,50,False,320.0,1,2
2026-08-08,16,21,False,293.0,0,5
2026-08-31,11,19,False,265.0,0,0
2026-08-10,8,13,True,379.0,0,0
2026-08-17,21,2,True,338.0,1,0
2026-08-28,12,36,True,325.0,1,4
2026-08-31,12,14,True,266.0,1,0
2026-08-26,16,34,True,318.0,1,2
2026-08-09,13,18,False,295.0,1,6
2026-08-22,12,24,True,378.0,1,5
2026-08-19,17,30,False,252.0,1,2
2026-08-29,17,19,True,413.0,0,5
2026-08-14,12,36,False,307.0,0,4
2026-08-08,15,21,True,259.0,0,5
2026-08-09,18,19,True,291.0,1,6
2026-08-22,8,26,True,401.0,1,5
2026-08-11,12,35,False,334.0,0,1
2026-08-23,8,40,False,305.0,1,6
2026-08-01,14,4,True,326.0,1,5
2026-08-14,21,21,True,291.0,1,4
2026-08-05,14,3,False,333.0,1,2
2026-08-21,20,5,True,293.0,0,4
2026-08-26,17,43,True,356.0,0,2
2026-08-14,15,29,False,334.0,0,4
2026-08-04,21,19,False,300.0,1,1
2026-08-22,14,17,True,359.0,0,5
2026-08-23,18,34,True,398.0,0,6
2026-08-25,16,20,False,291.0,1,1
2026-08-01,15,28,True,313.0,1,5
2026-08-31,15,9,True,317.0,0,0
2026-08-22,10,3,False,263.0,0,5
2026-08-23,17,10,False,251.0,0,6
2026-08-19,11,21,True,346.0,1,2
2026-08-08,11,41,False,281.0,1,5
2026-08-15,8,4,False,318.0,0,5
2026-08-21,13,22,True,262.0,1,4
2026-08-15,9,7,False,294.0,0,5
2026-08-09,16,12,True,362.0,1,6
2026-08-21,21,11,True,293.0,0,4
2026-08-09,8,22,False,305.0,1,6
2026-08-10,8,29,True,270.0,1,0
2026-08-20,18,27,True,272.0,1,3
2026-08-25,20,47,True,365.0,0,1
2026-08-21,17,20,True,310.0,0,4
2026-08-26,18,14,False,357.0,1,2
2026-08-09,13,7,False,299.0,0,6
2026-08-03,20,15,False,314.0,1,0
2026-08-31,8,46,True,301.0,1,0
2026-08-20,19,28,True,313.0,1,3
2026-08-25,10,43,True,303.0,0,1
2026-08-26,17,10,True,279.0,1,2
2026-08-11,9,3,True,365.0,1,1
2026-08-06,20,12,False,327.0,0,3
2026-08-02,18,13,False,300.0,1,6
2026-08-07,16,39,False,247.0,1,4
2026-08-18,12,44,True,338.0,1,1
2026-08-27,13,34,False,205.0,0,3
2026-08-02,9,1,True,391.0,1,6
2026-08-27,15,38,True,268.0,0,3
2026-08-17,13,25,False,237.0,0,0
2026-08-11,18,19,False,289.0,1,1
2026-08-27,19,25,True,336.0,0,3
2026-08-12,15,6,True,317.0,1,2
2026-08-27,15,45,True,276.0,1,3
2026-08-19,21,4,False,343.0,1,2
2026-08-22,8,26,True,277.0,0,5
2026-08-24,14,26,False,221.0,1,0
2026-08-25,9,26,True,334.0,1,1
2026-08-07,18,14,True,274.0,1,4
2026-08-20,15,32,True,369.0,1,3
2026-08-06,19,48,False,241.0,1,3
2026-08-21,9,28,True,400.0,1,4
2026-08-24,11,2,False,329.0,1,0
2026-08-01,9,41,False,347.0,1,5
2026-08-17,20,45,False,368.0,1,0
2026-08-29,14,21,False,284.0,1,5
2026-08-31,12,46,False,244.0,0,0
2026-08-11,20,14,False,288.0,0,1
2026-08-22,18,37,False,262.0,1,5
2026-08-26,20,2,True,304.0,1,2
2026-08-28,18,5,True,331.0,0,4
2026-08-18,16,38,True,308.0,0,1
2026-08-21,12,2,True,294.0,1,4
2026-08-17,18,1,True,315.0,1,0
2026-08-07,15,48,False,302.0,1,4
2026-08-17,9,22,True,376.0,1,0
2026-08-20,10,41,True,268.0,1,3
2026-08-09,13,25,False,270.0,0,6
2026-08-17,18,46,True,319.0,1,0
2026-08-20,14,30,True,273.0,0,3
2026-08-22,21,9,True,333.0,0,5
2026-08-22,17,37,True,328.0,0,5
2026-08-28,15,47,True,341.0,0,4
2026-08-31,10,10,False,296.0,0,0
2026-08-29,14,15,False,245.0,1,5
2026-08-08,15,49,True,400.0,0,5
2026-08-17,17,3,True,355.0,0,0
2026-08-07,13,8,True,344.0,1,4
2026-08-01,11,25,False,328.0,1,5
2026-08-13,20,36,True,342.0,0,3
2026-08-30,13,43,True,373.0,0,6
2026-08-23,16,46,False,283.0,1,6
2026-08-19,10,50,True,333.0,1,2
2026-08-27,9,21,True,363.0,1,3
2026-08-24,12,34,True,388.0,1,0
2026-08-19,14,27,False,341.0,1,2
2026-08-30,10,9,False,316.0,1,6
2026-08-30,12,10,False,305.0,0,6
2026-08-29,11,27,True,356.0,1,5
2026-08-17,18,25,False,324.0,1,0
2026-08-13,14,13,False,332.0,1,3
2026-08-29,9,4,False,289.0,1,5
2026-08-30,19,16,True,381.0,1,6
2026-08-16,18,12,False,298.0,1,6
2026-08-08,20,25,True,359.0,1,5
2026-08-19,14,48,True,376.0,1,2
2026-08-18,19,49,False,318.0,1,1
2026-08-01,9,16,True,375.0,1,5
2026-08-14,10,39,False,277.0,1,4
2026-08-19,12,2,True,384.0,1,2
2026-08-15,14,9,False,308.0,1,5
2026-08-18,20,44,False,298.0,0,1
2026-08-02,13,13,False,326.0,0,6
2026-08-22,19,14,True,432.0,1,5
2026-08-28,14,12,True,274.0,0,4
2026-08-17,18,35,False,252.0,1,0
2026-08-18,13,22,True,429.0,1,1
2026-08-30,20,21,False,310.0,0,6
2026-08-06,19,48,False,296.0,0,3
2026-08-19,8,50,True,340.0,0,2
2026-08-31,12,3,True,373.0,0,0
2026-08-04,19,22,True,432.0,0,1
2026-08-01,8,9,False,278.0,1,5
2026-08-08,14,47,True,317.0,0,5
2026-08-29,11,40,True,314.0,0,5
2026-08-23,12,42,True,354.0,0,6
2026-08-07,8,3,False,353.0,1,4
2026-08-03,15,31,True,385.0,1,0
2026-08-10,11,37,True,359.0,0,0
2026-08-10,10,6,False,393.0,1,0
2026-08-19,8,14,False,282.0,1,2
2026-08-14,11,19,False,255.0,0,4
2026-08-02,10,18,True,391.0,0,6
2026-08-28,15,7,True,325.0,0,4
2026-08-01,16,36,False,225.0,1,5
2026-08-23,19,29,True,315.0,1,6
2026-08-23,12,3,False,295.0,0,6
2026-08-28,16,13,False,255.0,1,4
2026-08-18,8,36,True,304.0,1,1
2026-08-07,14,41,False,272.0,1,4
2026-08-29,18,25,False,242.0,1,5
2026-08-08,21,28,True,363.0,1,5
2026-08-01,14,38,False,203.0,1,5
2026-08-25,13,11,True,326.0,0,1
2026-08-23,11,41,True,349.0,0,6
2026-08-03,20,9,True,329.0,1,0
2026-08-24,18,22,False,328.0,1,0
2026-08-23,16,21,False,226.0,0,6
2026-08-27,21,19,False,270.0,0,3
2026-08-31,10,33,True,319.0,0,0
2026-08-29,18,4,False,313.0,1,5
2026-08-08,18,33,True,333.0,0,5
2026-08-22,8,45,False,390.0,1,5
2026-08-25,9,16,True,306.0,0,1
2026-08-15,10,44,True,277.0,1,5
2026-08-05,9,1,True,410.0,1,2
2026-08-03,13,15,False,225.0,1,0
2026-08-19,20,22,True,360.0,1,2
2026-08-01,21,32,False,259.0,1,5
2026-08-28,14,37,True,238.0,0,4
2026-08-15,12,23,True,310.0,0,5
2026-08-08,12,33,True,360.0,1,5
2026-08-02,14,49,False,232.0,1,6
2026-08-03,13,40,False,305.0,1,0
2026-08-24,19,22,True,359.0,0,0
2026-08-14,15,40,True,269.0,1,4
2026-08-24,16,47,True,311.0,1,0
2026-08-14,9,12,False,361.0,1,4
2026-08-11,19,48,True,354.0,1,1
2026-08-16,9,18,False,288.0,1,6
2026-08-04,8,32,False,321.0,1,1
2026-08-20,14,3,True,293.0,0,3
2026-08-05,18,36,True,369.0,0,2
2026-08-22,21,47,False,343.0,0,5
2026-08-21,11,46,False,293.0,1,4
2026-08-14,16,1,True,330.0,1,4
2026-08-31,13,25,True,282.0,0,0
2026-08-23,19,20,True,274.0,0,6
2026-08-16,14,17,True,305.0,1,6
2026-08-18,20,49,True,329.0,1,1
2026-08-07,14,22,True,363.0,1,4
2026-08-10,15,50,False,317.0,1,0
2026-08-07,11,33,True,335.0,0,4
2026-08-01,10,26,True,380.0,0,5
2026-08-23,10,27,True,295.0,1,6
2026-08-21,17,34,False,325.0,1,4
2026-08-19,15,23,False,248.0,0,2
2026-08-16,19,16,True,378.0,1,6
2026-08-29,20,14,True,332.0,0,5
2026-08-19,10,50,False,213.0,1,2
2026-08-04,15,41,True,349.0,0,1
2026-08-29,9,14,True,370.0,1,5
2026-08-28,12,45,True,306.0,1,4
2026-08-18,12,26,True,310.0,1,1
2026-08-02,14,46,True,314.0,1,6
2026-08-01,12,49,False,207.0,1,5
2026-08-15,16,27,False,186.0,0,5
2026-08-05,10,40,True,385.0,0,2
2026-08-20,16,4,False,248.0,0,3
2026-08-11,8,9,True,419.0,1,1
2026-08-10,10,27,True,387.0,0,0
2026-08-31,11,43,False,351.0,0,0
2026-08-02,13,39,False,256.0,1,6
2026-08-03,17,15,True,258.0,0,0
2026-08-23,15,25,True,277.0,1,6
2026-08-23,14,18,False,263.0,1,6
2026-08-12,15,30,False,185.0,1,2
2026-08-20,13,37,False,263.0,0,3
2026-08-05,13,16,True,314.0,0,2
2026-08-05,21,12,True,286.0,1,2
2026-08-06,13,17,True,280.0,1,3
2026-08-30,10,25,True,324.0,1,6
2026-08-09,21,15,False,312.0,1,6
2026-08-02,17,25,True,286.0,1,6
2026-08-21,11,21,True,340.0,1,4
2026-08-12,18,19,False,290.0,1,2
2026-08-03,13,24,True,324.0,0,0
2026-08-20,20,7,True,306.0,1,3
2026-08-26,14,12,False,227.0,0,2
2026-08-22,10,49,False,360.0,1,5
2026-08-12,11,39,False,313.0,1,2
2026-08-24,13,11,True,362.0,1,0
2026-08-17,8,33,False,301.0,1,0
2026-08-10,18,49,False,278.0,1,0
2026-08-30,14,25,True,340.0,0,6
2026-08-24,20,39,True,259.0,0,0
2026-08-27,18,34,False,240.0,1,3
2026-08-14,8,11,True,313.0,1,4
2026-08-23,18,16,False,266.0,0,6
2026-08-17,20,32,True,297.0,1,0
2026-08-18,19,15,True,341.0,0,1
2026-08-19,20,40,True,336.0,0,2
2026-08-17,19,15,False,344.0,0,0
2026-08-14,20,7,True,431.0,1,4
2026-08-09,17,37,False,231.0,1,6
2026-08-08,18,40,False,290.0,1,5
2026-08-02,18,2,False,290.0,0,6
2026-08-13,16,6,False,280.0,0,3
2026-08-25,17,36,False,239.0,1,1
2026-08-07,16,39,True,284.0,0,4
2026-08-09,18,38,False,294.0,0,6
2026-08-22,16,28,False,243.0,0,5
2026-08-22,11,22,True,334.0,0,5
2026-08-11,9,37,True,328.0,0,1
2026-08-14,14,5,False,286.0,1,4
2026-08-04,20,18,True,294.0,1,1
2026-08-26,11,11,False,294.0,0,2
2026-08-26,21,8,True,303.0,1,2
2026-08-29,12,20,True,331.0,1,5
2026-08-13,8,11,False,358.0,0,3
2026-08-02,18,27,True,335.0,0,6
2026-08-23,19,29,True,341.0,0,6
2026-08-05,17,25,False,315.0,1,2
2026-08-11,20,19,True,276.0,0,1
2026-08-06,13,2,False,351.0,1,3
2026-08-18,19,42,False,246.0,0,1
2026-08-21,14,39,False,316.0,1,4
2026-08-10,10,44,True,362.0,0,0
2026-08-04,17,2,True,286.0,0,1
2026-08-09,9,7,False,338.0,1,6
2026-08-06,20,31,False,312.0,0,3
2026-08-02,19,33,False,364.0,0,6
2026-08-17,19,11,False,296.0,1,0
2026-08-05,17,40,True,318.0,1,2
2026-08-25,14,40,True,300.0,1,1
2026-08-06,8,46,True,275.0,1,3
2026-08-26,9,13,True,325.0,0,2
2026-08-12,10,10,True,321.0,0,2
2026-08-23,11,49,False,298.0,1,6
2026-08-21,12,38,True,268.0,1,4
2026-08-10,11,20,True,318.0,1,0
2026-08-22,17,21,True,345.0,1,5
2026-08-21,10,14,False,320.0,1,4
2026-08-27,8,24,False,230.0,1,3
2026-08-25,14,40,False,309.0,1,1
2026-08-31,19,7,False,278.0,0,0
2026-08-06,17,5,True,315.0,0,3
2026-08-27,13,6,False,187.0,1,3
2026-08-08,9,40,True,398.0,0,5
2026-08-02,9,35,True,345.0,0,6
2026-08-12,10,9,False,231.0,0,2
2026-08-13,15,42,False,295.0,1,3
2026-08-25,15,1,True,334.0,0,1
2026-08-21,17,39,True,371.0,0,4
2026-08-07,17,20,False,270.0,1,4
2026-08-10,17,6,True,322.0,1,0
2026-08-13,19,32,True,302.0,0,3
2026-08-17,17,13,True,346.0,0,0
2026-08-26,18,39,True,293.0,0,2
2026-08-21,21,40,False,262.0,0,4
2026-08-28,19,21,True,325.0,0,4
2026-08-30,15,37,True,271.0,1,6
2026-08-26,14,12,False,345.0,1,2
2026-08-14,21,6,False,375.0,0,4
2026-08-02,9,15,True,320.0,1,6
2026-08-28,8,21,True,289.0,1,4
2026-08-22,13,21,True,335.0,0,5
2026-08-11,18,28,False,265.0,0,1
2026-08-01,15,36,False,327.0,1,5
2026-08-19,8,17,False,273.0,1,2
2026-08-21,10,46,False,314.0,1,4
2026-08-04,8,7,False,309.0,1,1
2026-08-19,17,23,False,255.0,0,2
2026-08-26,16,45,True,330.0,1,2
2026-08-29,14,22,True,356.0,0,5
2026-08-21,21,10,False,301.0,0,4
2026-08-11,15,18,True,324.0,0,1
2026-08-08,16,2,True,286.0,1,5
2026-08-11,10,12,False,338.0,1,1
2026-08-04,17,45,True,364.0,1,1
2026-08-17,18,39,False,268.0,1,0
2026-08-27,9,50,False,293.0,0,3
2026-08-07,13,22,True,379.0,1,4
2026-08-08,12,43,False,239.0,0,5
2026-08-03,11,22,True,352.0,1,0
2026-08-22,13,42,True,300.0,1,5
2026-08-02,13,22,False,353.0,0,6
2026-08-23,19,6,False,291.0,1,6
2026-08-15,10,46,False,343.0,1,5
2026-08-24,21,37,True,308.0,1,0
2026-08-22,9,20,False,248.0,1,5
2026-08-22,16,6,True,311.0,0,5
2026-08-05,15,9,False,291.0,1,2
2026-08-24,21,29,True,318.0,0,0
2026-08-01,11,37,False,318.0,1,5
2026-08-26,13,5,True,314.0,0,2
2026-08-04,10,13,True,249.0,1,1
2026-08-15,18,27,True,347.0,1,5
2026-08-20,15,23,False,245.0,1,3
2026-08-19,10,37,False,278.0,1,2
2026-08-03,9,46,False,360.0,1,0
2026-08-20,14,34,True,391.0,1,3
2026-08-11,21,25,True,315.0,1,1
2026-08-17,10,37,True,356.0,1,0
2026-08-30,20,23,False,270.0,1,6
2026-08-27,16,28,True,309.0,0,3
2026-08-13,10,26,False,268.0,1,3
2026-08-11,15,12,False,211.0,1,1
2026-08-02,9,39,False,302.0,1,6
2026-08-09,16,3,False,292.0,1,6
2026-08-26,8,9,False,278.0,0,2
2026-08-02,19,47,False,332.0,1,6
2026-08-21,10,15,True,315.0,0,4
2026-08-09,18,8,False,259.0,1,6
2026-08-09,21,28,True,359.0,1,6
2026-08-08,9,26,True,276.0,0,5
2026-08-17,20,16,True,369.0,0,0
2026-08-01,21,34,True,322.0,0,5
2026-08-25,20,20,True,372.0,1,1
2026-08-29,19,1,True,380.0,0,5
2026-08-11,14,24,False,306.0,1,1
2026-08-08,12,29,True,292.0,1,5
2026-08-10,15,4,False,230.0,1,0
2026-08-25,9,4,True,281.0,1,1
2026-08-07,15,38,False,324.0,1,4
2026-08-03,14,3,False,275.0,1,0
2026-08-03,19,40,False,264.0,0,0
2026-08-18,18,2,False,279.0,0,1
2026-08-05,12,29,True,368.0,1,2
2026-08-12,9,49,False,329.0,1,2
2026-08-12,17,28,True,340.0,1,2
2026-08-19,18,12,True,350.0,0,2
2026-08-30,14,44,False,288.0,1,6
2026-08-06,17,15,True,334.0,0,3
2026-08-02,11,50,False,297.0,0,6
2026-08-12,11,41,False,288.0,1,2
2026-08-19,15,31,True,350.0,1,2
2026-08-05,13,37,True,336.0,0,2
2026-08-12,16,32,True,285.0,1,2
2026-08-27,18,22,False,306.0,0,3
2026-08-27,9,3,False,308.0,0,3
2026-08-17,12,17,True,349.0,1,0
2026-08-29,13,29,True,318.0,0,5
2026-08-17,15,12,False,312.0,0,0
2026-08-10,11,14,False,286.0,0,0
2026-08-25,18,8,True,353.0,1,1
2026-08-23,14,41,True,302.0,1,6
2026-08-17,18,2,False,269.0,1,0
2026-08-15,14,34,True,345.0,0,5
2026-08-12,11,24,True,315.0,0,2
2026-08-30,8,48,False,393.0,1,6
2026-08-16,10,20,False,315.0,1,6
2026-08-24,9,43,True,339.0,1,0
2026-08-19,20,10,True,365.0,0,2
2026-08-08,20,40,True,313.0,0,5
2026-08-31,19,7,True,365.0,0,0
2026-08-21,10,1,False,328.0,0,4
2026-08-17,12,10,True,375.0,0,0
2026-08-23,18,5,False,267.0,0,6
2026-08-05,19,40,False,239.0,1,2
2026-08-22,8,21,True,320.0,1,5
2026-08-16,12,9,True,313.0,0,6
2026-08-06,9,29,False,365.0,1,3
2026-08-08,21,31,False,386.0,1,5
2026-08-25,11,45,False,302.0,1,1
2026-08-18,13,46,True,322.0,1,1
2026-08-25,16,27,False,267.0,1,1
2026-08-12,17,6,False,315.0,1,2
2026-08-15,13,43,False,370.0,1,5
2026-08-27,17,31,True,393.0,1,3
2026-08-26,20,41,False,338.0,1,2
2026-08-09,18,45,False,329.0,0,6
2026-08-13,19,36,True,361.0,1,3
2026-08-26,9,2,True,336.0,0,2
2026-08-15,15,21,True,291.0,1,5
2026-08-10,12,34,True,324.0,1,0
2026-08-16,16,22,True,337.0,1,6
2026-08-07,17,13,False,224.0,0,4
2026-08-17,16,19,True,314.0,0,0
2026-08-23,11,33,True,295.0,1,6
2026-08-26,20,38,False,333.0,1,2
2026-08-21,8,40,True,323.0,1,4
2026-08-22,18,49,True,338.0,0,5
2026-08-26,21,3,False,270.0,0,2
2026-08-07,16,38,False,344.0,1,4
2026-08-14,16,19,False,212.0,1,4
2026-08-15,15,7,False,299.0,0,5
2026-08-21,12,15,True,273.0,0,4
2026-08-07,12,38,False,264.0,1,4
2026-08-09,17,25,True,330.0,0,6
2026-08-19,13,22,False,292.0,1,2
2026-08-16,8,23,True,354.0,0,6
2026-08-08,16,50,False,287.0,0,5
2026-08-18,12,10,False,259.0,1,1
2026-08-27,14,36,False,274.0,0,3
2026-08-23,18,37,True,326.0,1,6
2026-08-29,15,50,True,328.0,1,5
2026-08-18,12,42,False,282.0,1,1
2026-08-31,10,42,False,322.0,1,0
2026-08-30,13,42,True,326.0,1,6
2026-08-20,14,7,False,289.0,0,3
2026-08-07,20,46,False,277.0,1,4
2026-08-03,21,25,True,296.0,0,0
2026-08-18,11,40,False,294.0,1,1
2026-08-27,16,41,False,329.0,0,3
2026-08-10,21,24,True,356.0,1,0
2026-08-07,18,5,True,292.0,0,4
2026-08-17,11,21,False,321.0,1,0
2026-08-14,18,40,False,271.0,1,4
2026-08-31,17,20,True,351.0,0,0
2026-08-24,9,29,False,283.0,1,0
2026-08-03,16,37,False,295.0,0,0
2026-08-12,11,20,False,267.0,0,2
2026-08-28,11,18,True,308.0,0,4
2026-08-13,17,4,False,219.0,1,3
2026-08-02,8,11,True,365.0,0,6
2026-08-03,21,22,True,353.0,0,0
2026-08-05,9,43,True,355.0,1,2
2026-08-11,19,14,True,339.0,1,1
2026-08-08,10,45,False,262.0,1,5
2026-08-26,14,28,True,359.0,1,2
2026-08-23,19,4,False,328.0,1,6
2026-08-23,16,16,True,289.0,1,6
2026-08-12,19,38,True,349.0,0,2
2026-08-07,12,23,False,319.0,1,4
2026-08-15,11,13,False,269.0,1,5
2026-08-24,20,20,True,321.0,0,0
2026-08-17,9,5,False,319.0,0,0
2026-08-04,21,19,True,278.0,0,1
2026-08-29,20,21,True,289.0,0,5
2026-08-22,19,42,False,248.0,1,5
2026-08-25,21,5,False,226.0,1,1
2026-08-13,14,14,True,364.0,1,3
2026-08-18,13,36,False,202.0,1,1
2026-08-01,19,6,False,302.0,1,5
2026-08-16,19,5,True,360.0,0,6
2026-08-13,14,24,False,269.0,1,3
2026-08-10,15,29,False,253.0,1,0
2026-08-12,16,29,False,290.0,1,2
2026-08-30,17,2,True,322.0,0,6
2026-08-02,12,6,False,325.0,1,6
2026-08-23,18,34,True,219.0,1,6
2026-08-03,12,12,False,248.0,1,0
2026-08-10,11,22,False,310.0,1,0
2026-08-02,18,4,True,327.0,1,6
2026-08-30,10,45,False,323.0,1,6
2026-08-27,20,49,False,303.0,1,3
2026-08-23,14,6,False,275.0,0,6
2026-08-13,20,3,True,320.0,1,3
2026-08-13,20,13,True,426.0,0,3
2026-08-18,12,23,False,346.0,1,1
2026-08-03,14,35,True,340.0,1,0
2026-08-27,9,26,False,301.0,1,3
2026-08-07,16,9,True,342.0,1,4
2026-08-14,16,23,True,354.0,1,4
2026-08-20,20,4,True,349.0,1,3
2026-08-29,16,34,True,290.0,0,5
2026-08-30,20,37,False,364.0,0,6
2026-08-17,20,8,True,342.0,0,0
2026-08-29,12,34,True,405.0,1,5
2026-08-30,21,37,True,345.0,0,6
2026-08-21,17,6,False,272.0,1,4
2026-08-12,19,7,True,383.0,0,2
2026-08-25,16,45,False,293.0,1,1
2026-08-16,8,41,False,310.0,1,6
2026-08-24,9,39,False,250.0,0,0
2026-08-12,17,36,False,308.0,1,2
2026-08-15,12,5,False,265.0,1,5
2026-08-25,12,3,False,267.0,1,1
2026-08-10,13,17,True,302.0,1,0
2026-08-30,21,19,True,356.0,0,6
2026-08-25,15,45,True,259.0,0,1
2026-08-31,19,1,False,280.0,0,0
2026-08-07,8,37,False,344.0,1,4
2026-08-20,17,9,False,232.0,1,3
2026-08-05,19,4,True,335.0,0,2
2026-08-01,16,42,False,255.0,1,5
2026-08-30,11,46,True,312.0,1,6
2026-08-17,15,10,True,386.0,1,0
2026-08-03,19,32,True,262.0,1,0
2026-08-13,20,1,True,363.0,0,3
2026-08-14,19,23,False,269.0,0,4
2026-08-24,12,17,True,303.0,0,0
2026-08-30,8,30,True,300.0,0,6
2026-08-18,21,27,False,328.0,1,1
2026-08-04,16,15,False,273.0,1,1
2026-08-18,15,38,False,267.0,0,1
2026-08-30,12,7,True,329.0,0,6
2026-08-05,21,33,False,291.0,1,2
2026-08-25,18,5,False,204.0,1,1
2026-08-16,21,39,True,318.0,1,6
2026-08-01,11,34,False,324.0,1,5
2026-08-21,15,3,True,260.0,1,4
2026-08-14,16,32,True,277.0,1,4
2026-08-15,14,2,False,263.0,1,5
2026-08-09,11,16,False,259.0,0,6
2026-08-15,14,17,True,319.0,0,5
2026-08-17,13,12,False,238.0,0,0
2026-08-25,18,5,False,269.0,1,1
2026-08-24,19,4,False,286.0,1,0
2026-08-04,10,16,True,358.0,1,1
2026-08-12,17,18,False,332.0,1,2
2026-08-27,10,45,True,322.0,0,3
2026-08-26,8,20,False,380.0,0,2
2026-08-05,21,9,True,331.0,1,2
2026-08-29,20,16,True,366.0,0,5
2026-08-05,12,35,False,362.0,0,2
2026-08-11,15,29,True,326.0,0,1
2026-08-28,19,49,True,273.0,0,4
2026-08-06,13,30,True,326.0,1,3
2026-08-07,15,20,False,256.0,0,4
2026-08-24,14,42,True,310.0,1,0
2026-08-31,9,22,False,377.0,0,0
2026-08-14,15,23,True,271.0,1,4
2026-08-24,11,36,True,340.0,1,0
2026-08-11,18,22,True,289.0,1,1
2026-08-30,12,1,True,312.0,1,6
2026-08-13,18,21,True,354.0,1,3
2026-08-02,20,48,True,345.0,1,6
2026-08-25,15,43,False,271.0,0,1
2026-08-07,12,19,False,259.0,1,4
2026-08-20,12,8,True,337.0,1,3
2026-08-04,13,5,True,390.0,1,1
2026-08-27,14,40,False,244.0,1,3
2026-08-08,16,29,True,397.0,1,5
2026-08-20,21,18,True,386.0,0,3
2026-08-29,18,29,False,339.0,1,5
2026-08-31,14,15,False,293.0,1,0
2026-08-22,13,50,False,329.0,1,5
2026-08-21,19,45,True,288.0,1,4
2026-08-19,17,31,True,295.0,1,2
2026-08-13,11,15,False,319.0,0,3
2026-08-14,21,45,True,350.0,1,4
2026-08-10,18,3,False,279.0,1,0
2026-08-11,17,44,False,182.0,1,1
2026-08-02,19,44,True,311.0,1,6
2026-08-25,9,42,False,251.0,0,1
2026-08-26,18,33,False,304.0,1,2
2026-08-09,20,24,False,285.0,1,6
2026-08-17,18,38,True,299.0,0,0
2026-08-26,16,24,True,426.0,1,2
2026-08-03,17,13,True,364.0,0,0
2026-08-24,18,27,True,367.0,0,0
2026-08-06,12,33,False,373.0,1,3
2026-08-05,12,19,True,357.0,0,2
2026-08-05,18,25,True,294.0,0,2
2026-08-22,19,6,True,292.0,0,5
2026-08-15,10,33,False,331.0,0,5
2026-08-23,20,25,True,250.0,1,6
2026-08-17,10,23,True,329.0,1,0
2026-08-09,8,49,True,258.0,1,6
2026-08-03,19,17,False,292.0,1,0
2026-08-20,18,21,True,359.0,0,3
2026-08-26,12,43,False,296.0,1,2
2026-08-17,10,20,False,330.0,1,0
2026-08-29,18,12,True,403.0,0,5
2026-08-27,9,13,False,292.0,1,3
2026-08-10,18,18,True,437.0,1,0
2026-08-03,16,22,False,289.0,1,0
2026-08-18,20,24,False,330.0,1,1
2026-08-18,21,33,True,314.0,0,1
2026-08-30,17,3,True,387.0,1,6
2026-08-17,13,17,True,364.0,1,0
2026-08-24,10,39,False,351.0,0,0
2026-08-03,14,32,True,323.0,1,0
2026-08-03,19,17,False,238.0,1,0
2026-08-06,16,48,True,339.0,0,3
2026-08-13,16,44,False,213.0,1,3
2026-08-24,8,25,True,331.0,1,0
2026-08-29,9,8,False,306.0,1,5
2026-08-15,15,43,True,415.0,1,5
2026-08-25,18,35,False,297.0,1,1
2026-08-09,8,29,True,350.0,1,6
2026-08-04,18,12,True,322.0,0,1
2026-08-14,19,36,True,274.0,1,4
2026-08-05,18,9,False,288.0,1,2
2026-08-02,21,26,True,342.0,0,6
2026-08-11,10,22,False,254.0,1,1
2026-08-09,18,31,True,277.0,0,6
2026-08-24,14,49,False,261.0,1,0
2026-08-03,15,48,False,283.0,1,0
2026-08-27,12,44,False,266.0,0,3
2026-08-28,21,30,True,296.0,1,4
2026-08-29,9,15,True,350.0,0,5
2026-08-09,10,47,True,354.0,1,6
2026-08-03,16,33,True,325.0,1,0
2026-08-25,20,3,False,270.0,1,1
2026-08-02,18,34,False,308.0,1,6
2026-08-12,20,17,False,285.0,0,2
2026-08-10,17,44,True,274.0,0,0
2026-08-09,14,5,False,322.0,0,6
2026-08-15,20,30,True,347.0,1,5
2026-08-08,8,43,False,300.0,1,5
2026-08-25,10,15,True,270.0,0,1
2026-08-05,16,39,True,291.0,1,2
2026-08-11,14,8,True,401.0,0,1
2026-08-27,19,42,False,228.0,1,3
2026-08-02,20,38,False,282.0,1,6
2026-08-24,20,28,True,332.0,0,0
2026-08-28,20,21,True,345.0,0,4
2026-08-15,21,47,True,278.0,0,5
2026-08-06,9,10,False,305.0,1,3
2026-08-08,13,28,True,255.0,1,5
2026-08-27,16,21,False,284.0,1,3
2026-08-05,11,49,False,262.0,1,2
2026-08-16,17,28,False,247.0,1,6
2026-08-26,9,22,True,371.0,0,2
2026-08-18,10,38,False,283.0,1,1
2026-08-06,14,19,False,299.0,1,3
2026-08-05,11,38,True,348.0,1,2
2026-08-28,14,46,False,331.0,0,4
2026-08-16,12,24,False,236.0,1,6
2026-08-13,21,28,True,375.0,0,3
2026-08-28,15,45,True,321.0,0,4
2026-08-05,15,13,True,305.0,0,2
2026-08-13,12,9,False,239.0,0,3
2026-08-17,14,9,True,345.0,0,0
2026-08-18,18,21,False,248.0,1,1
2026-08-08,13,24,False,303.0,1,5
2026-08-13,20,31,False,370.0,1,3
2026-08-30,15,29,True,359.0,1,6
2026-08-29,16,40,False,336.0,0,5
2026-08-19,12,10,True,296.0,1,2
2026-08-26,14,4,True,351.0,0,2
2026-08-03,21,3,False,252.0,1,0
2026-08-24,8,13,True,335.0,1,0
2026-08-08,18,21,False,354.0,0,5
2026-08-02,15,8,True,296.0,1,6
2026-08-08,10,9,True,377.0,0,5
2026-08-27,8,46,True,385.0,0,3
2026-08-13,13,1,False,325.0,1,3
2026-08-13,21,14,False,247.0,1,3
2026-08-01,20,12,False,314.0,1,5
2026-08-06,15,36,True,314.0,0,3
2026-08-24,18,22,True,368.0,0,0
2026-08-19,10,36,False,226.0,1,2
2026-08-16,8,45,True,359.0,0,6
2026-08-08,10,16,True,342.0,1,5
2026-08-28,12,11,False,205.0,0,4
2026-08-01,18,3,True,289.0,0,5
2026-08-27,15,34,False,207.0,0,3
2026-08-27,16,25,False,251.0,0,3
2026-08-16,20,26,True,354.0,1,6
2026-08-09,19,3,True,336.0,0,6
2026-08-13,16,20,True,327.0,1,3
2026-08-11,11,31,False,246.0,1,1
2026-08-13,15,49,False,325.0,1,3
2026-08-25,18,1,True,324.0,0,1
2026-08-21,12,26,True,326.0,0,4
2026-08-10,10,25,False,330.0,0,0
2026-08-04,12,11,False,245.0,1,1
2026-08-31,9,16,True,347.0,0,0
2026-08-27,18,20,True,341.0,0,3
2026-08-06,18,42,True,303.0,0,3
2026-08-28,18,38,False,311.0,1,4
2026-08-07,13,2,False,301.0,1,4
2026-08-05,8,29,True,340.0,1,2
2026-08-11,13,7,False,277.0,1,1
2026-08-13,20,49,True,353.0,1,3
2026-08-26,12,40,True,356.0,1,2
2026-08-25,20,45,True,335.0,1,1
2026-08-19,16,25,False,325.0,1,2
2026-08-31,20,4,True,359.0,1,0
2026-08-23,21,43,False,226.0,0,6
2026-08-10,14,34,True,264.0,1,0
2026-08-10,13,25,True,369.0,1,0
2026-08-11,18,8,True,315.0,1,1
2026-08-21,19,32,False,295.0,1,4
2026-08-30,14,18,True,366.0,0,6
2026-08-07,17,40,False,282.0,1,4
2026-08-31,12,11,True,326.0,1,0
2026-08-18,8,37,True,310.0,0,1
2026-08-04,16,39,True,335.0,1,1
2026-08-02,12,36,True,348.0,1,6
2026-08-14,11,10,True,305.0,1,4
2026-08-13,13,6,True,285.0,1,3
2026-08-29,12,45,False,390.0,0,5
2026-08-12,8,16,False,301.0,1,2
2026-08-07,9,25,True,311.0,0,4
2026-08-02,11,34,True,356.0,0,6
2026-08-13,15,31,True,318.0,1,3
2026-08-14,12,47,True,281.0,1,4
2026-08-27,14,8,True,340.0,1,3
2026-08-17,9,17,False,264.0,1,0
2026-08-09,15,14,True,383.0,1,6
2026-08-17,12,30,True,344.0,1,0
2026-08-08,11,18,True,317.0,1,5
2026-08-31,16,46,True,325.0,0,0
2026-08-02,13,36,False,318.0,1,6
2026-08-28,21,21,True,345.0,0,4
2026-08-24,11,31,True,413.0,0,0
2026-08-13,15,33,False,325.0,1,3
2026-08-03,10,23,True,352.0,1,0
2026-08-16,21,38,False,261.0,1,6
2026-08-06,20,5,False,287.0,1,3
2026-08-19,17,15,True,341.0,1,2
2026-08-30,9,30,False,265.0,1,6
2026-08-07,14,16,True,372.0,1,4
2026-08-10,21,40,False,259.0,0,0
2026-08-09,19,29,True,303.0,1,6
2026-08-02,11,28,True,306.0,1,6
2026-08-31,11,6,False,318.0,1,0
2026-08-28,17,5,False,250.0,1,4
2026-08-28,16,38,False,209.0,1,4
2026-08-15,9,25,False,342.0,0,5
2026-08-30,8,28,True,327.0,1,6
2026-08-05,14,1,True,278.0,1,2
2026-08-29,19,14,True,298.0,1,5
2026-08-22,15,19,True,389.0,1,5
2026-08-04,10,31,True,306.0,1,1
2026-08-20,9,15,False,293.0,1,3
2026-08-04,11,19,True,310.0,1,1
2026-08-18,9,38,True,289.0,1,1
2026-08-04,19,32,True,298.0,1,1
2026-08-27,9,31,False,246.0,1,3
2026-08-17,12,37,False,323.0,1,0
2026-08-12,17,26,False,286.0,0,2
2026-08-22,12,48,True,424.0,1,5
2026-08-17,15,41,False,252.0,0,0
2026-08-10,16,25,True,286.0,1,0
2026-08-22,9,47,False,359.0,1,5
2026-08-01,8,40,False,347.0,1,5
2026-08-22,10,8,True,348.0,1,5
2026-08-26,13,4,True,277.0,1,2
2026-08-24,21,31,False,368.0,1,0
2026-08-27,12,32,True,322.0,0,3
2026-08-18,15,34,False,263.0,1,1
2026-08-18,15,48,True,366.0,1,1
2026-08-14,9,3,True,337.0,1,4
2026-08-15,21,41,True,291.0,0,5
2026-08-29,16,26,True,322.0,0,5
2026-08-12,21,4,True,307.0,1,2
2026-08-04,21,2,True,218.0,0,1
2026-08-27,11,19,False,253.0,1,3
2026-08-03,21,23,True,317.0,1,0
2026-08-20,8,25,False,258.0,1,3
2026-08-29,21,47,False,321.0,0,5
2026-08-12,9,7,False,267.0,0,2
2026-08-07,21,8,True,357.0,0,4
2026-08-29,18,3,True,275.0,1,5
2026-08-11,13,23,True,358.0,0,1
2026-08-01,12,47,False,233.0,1,5
2026-08-06,19,33,False,194.0,1,3
2026-08-15,14,48,True,370.0,1,5
2026-08-15,16,28,True,286.0,1,5
2026-08-19,13,22,False,352.0,1,2
2026-08-11,13,35,True,345.0,1,1
2026-08-26,9,34,False,330.0,0,2
2026-08-23,14,30,False,322.0,1,6
2026-08-26,9,47,False,303.0,1,2
2026-08-02,20,36,True,337.0,0,6
2026-08-14,14,14,True,372.0,1,4
2026-08-02,15,9,False,284.0,1,6
2026-08-29,19,22,False,259.0,0,5
2026-08-04,8,28,True,368.0,1,1
2026-08-17,16,41,True,236.0,0,0
2026-08-03,15,14,False,333.0,1,0
2026-08-13,16,15,False,334.0,0,3
2026-08-09,12,37,False,332.0,1,6
2026-08-07,20,24,False,339.0,1,4
2026-08-15,21,34,True,335.0,1,5
2026-08-23,11,49,True,324.0,0,6
2026-08-29,8,43,False,255.0,0,5
2026-08-29,16,45,False,350.0,0,5
2026-08-11,21,44,True,319.0,0,1
2026-08-20,11,3,True,342.0,0,3
2026-08-02,11,23,False,298.0,0,6
2026-08-15,11,20,True,274.0,1,5
2026-08-14,9,45,True,268.0,1,4
2026-08-20,19,15,False,288.0,1,3
2026-08-22,18,43,False,266.0,1,5
2026-08-11,20,16,False,289.0,0,1
2026-08-27,11,7,True,371.0,1,3
2026-08-03,9,33,False,307.0,1,0
2026-08-17,15,19,False,310.0,0,0
2026-08-30,14,18,False,298.0,0,6
2026-08-12,18,41,False,272.0,0,2
2026-08-24,17,18,True,282.0,1,0
2026-08-28,9,3,True,349.0,0,4
2026-08-29,21,3,True,341.0,1,5
2026-08-21,9,36,True,375.0,1,4
2026-08-15,9,16,False,292.0,0,5
2026-08-16,8,43,False,293.0,0,6
2026-08-05,20,23,False,283.0,0,2
2026-08-27,13,23,False,245.0,1,3
2026-08-20,13,15,True,380.0,0,3
2026-08-06,8,9,True,390.0,0,3
2026-08-19,18,40,True,276.0,1,2
2026-08-25,8,38,True,377.0,1,1
2026-08-05,13,18,True,248.0,0,2
2026-08-03,18,38,False,324.0,1,0
2026-08-27,13,6,False,254.0,0,3
2026-08-01,11,44,True,342.0,1,5
2026-08-26,10,37,True,255.0,0,2
2026-08-28,21,46,False,250.0,0,4
2026-08-06,16,6,True,339.0,1,3
2026-08-15,13,21,False,254.0,0,5
2026-08-02,8,30,False,271.0,1,6
2026-08-29,10,28,False,348.0,1,5
2026-08-03,8,20,True,433.0,1,0
2026-08-17,10,19,False,330.0,1,0
2026-08-25,9,14,True,294.0,0,1
2026-08-24,12,1,False,355.0,0,0
2026-08-12,10,27,True,270.0,1,2
2026-08-18,14,32,True,308.0,1,1
2026-08-15,15,29,False,282.0,1,5
2026-08-12,14,31,False,357.0,1,2
2026-08-16,9,25,False,335.0,0,6
2026-08-27,17,7,False,263.0,0,3
2026-08-08,17,39,False,244.0,1,5
2026-08-28,14,46,True,361.0,0,4
2026-08-14,17,16,False,261.0,1,4
2026-08-25,10,44,False,301.0,0,1
2026-08-17,14,11,False,226.0,1,0
2026-08-29,8,18,False,327.0,0,5
2026-08-21,9,44,True,358.0,0,4
2026-08-08,19,42,False,238.0,0,5
2026-08-15,17,5,True,363.0,0,5
2026-08-27,8,2,True,367.0,0,3
2026-08-14,16,10,False,310.0,0,4
2026-08-18,20,26,True,317.0,1,1
2026-08-20,20,24,False,300.0,1,3
2026-08-07,9,26,True,341.0,1,4
2026-08-03,9,16,True,332.0,0,0
2026-08-29,13,25,False,289.0,1,5
2026-08-12,14,38,False,331.0,1,2
2026-08-21,21,6,False,341.0,1,4
2026-08-24,20,12,False,245.0,0,0
2026-08-28,9,9,False,337.0,1,4
2026-08-26,21,49,True,386.0,1,2
2026-08-03,11,42,True,322.0,1,0
2026-08-20,10,8,True,353.0,0,3
2026-08-14,20,31,False,312.0,1,4
2026-08-15,12,41,False,251.0,1,5
2026-08-25,16,32,True,305.0,0,1
2026-08-30,9,7,False,328.0,1,6
2026-08-14,20,32,False,273.0,1,4
2026-08-07,12,42,True,364.0,0,4
2026-08-17,15,25,True,372.0,1,0
2026-08-30,13,33,False,328.0,0,6
2026-08-12,11,28,False,367.0,1,2
2026-08-20,17,11,False,278.0,1,3
2026-08-04,15,31,True,327.0,0,1
2026-08-09,10,10,False,305.0,1,6
2026-08-06,11,2,True,326.0,1,3
2026-08-16,18,46,True,346.0,1,6
2026-08-25,16,44,False,212.0,0,1
2026-08-28,12,4,True,333.0,0,4
2026-08-31,13,22,False,227.0,1,0
2026-08-22,19,45,True,289.0,0,5
2026-08-22,18,28,False,314.0,1,5
2026-08-21,9,10,False,290.0,1,4
2026-08-21,16,2,True,348.0,1,4
2026-08-02,15,49,False,271.0,1,6
2026-08-24,14,31,True,365.0,1,0
2026-08-08,16,42,False,271.0,1,5
2026-08-11,12,23,True,246.0,1,1
2026-08-13,12,16,True,334.0,1,3
2026-08-17,18,9,True,238.0,1,0
2026-08-08,18,43,True,266.0,1,5
2026-08-21,16,6,False,245.0,0,4
2026-08-18,18,25,True,284.0,1,1
2026-08-30,12,4,True,303.0,0,6
2026-08-18,16,48,True,279.0,1,1
2026-08-14,8,12,True,288.0,1,4
2026-08-15,17,24,False,344.0,1,5
2026-08-31,17,27,False,255.0,0,0
2026-08-06,18,48,True,235.0,1,3
2026-08-11,15,3,False,266.0,1,1
2026-08-13,10,12,False,248.0,1,3
2026-08-25,20,47,True,297.0,0,1
2026-08-01,15,30,False,308.0,0,5
2026-08-28,12,12,False,267.0,1,4
2026-08-06,9,41,False,252.0,1,3
2026-08-09,16,42,False,298.0,1,6
2026-08-08,11,40,True,374.0,1,5
2026-08-11,21,45,False,319.0,1,1
2026-08-22,21,22,False,200.0,0,5
2026-08-19,14,15,True,276.0,0,2
2026-08-24,19,28,False,290.0,1,0
2026-08-09,15,17,True,310.0,1,6
2026-08-17,14,44,False,267.0,1,0
2026-08-12,18,48,False,245.0,1,2
2026-08-25,13,25,True,266.0,1,1
2026-08-14,21,43,True,418.0,1,4
2026-08-15,19,45,False,289.0,1,5
2026-08-16,14,3,True,346.0,1,6
2026-08-22,11,36,True,328.0,0,5
2026-08-22,17,31,True,324.0,1,5
2026-08-28,8,15,True,342.0,1,4
2026-08-20,12,46,True,280.0,1,3
2026-08-01,15,28,True,259.0,1,5
2026-08-10,17,43,True,337.0,0,0
2026-08-08,13,31,False,290.0,0,5
2026-08-18,12,45,False,322.0,1,1
2026-08-28,9,20,True,367.0,0,4
2026-08-01,17,50,True,290.0,1,5
2026-08-02,19,45,False,333.0,0,6
2026-08-01,12,21,True,355.0,1,5
2026-08-01,17,27,True,350.0,1,5
2026-08-09,19,19,True,418.0,1,6
2026-08-13,10,36,False,374.0,0,3
2026-08-30,20,12,False,320.0,1,6
2026-08-01,9,35,False,321.0,1,5
2026-08-13,21,48,False,341.0,1,3
2026-08-20,10,33,False,269.0,0,3
2026-08-26,11,36,True,305.0,1,2
2026-08-22,9,41,False,325.0,0,5
2026-08-07,21,23,True,304.0,1,4
2026-08-02,11,13,False,312.0,1,6
2026-08-06,11,30,False,294.0,0,3
2026-08-07,13,10,False,248.0,0,4
2026-08-26,19,41,True,329.0,0,2
2026-08-14,12,20,True,377.0,1,4
2026-08-26,14,6,False,284.0,1,2
2026-08-18,18,31,False,288.0,1,1
2026-08-15,14,19,False,294.0,1,5
2026-08-02,10,3,True,351.0,1,6
2026-08-10,16,10,False,267.0,1,0
2026-08-23,14,10,False,295.0,0,6
2026-08-12,14,21,False,239.0,1,2
2026-08-17,9,2,False,266.0,1,0
2026-08-08,19,45,False,261.0,1,5
2026-08-11,17,39,False,301.0,1,1
2026-08-29,10,45,False,299.0,0,5
2026-08-03,10,30,False,287.0,1,0
2026-08-27,19,46,True,356.0,0,3
2026-08-06,20,28,True,348.0,1,3
2026-08-09,13,18,False,270.0,1,6
2026-08-06,11,14,False,247.0,0,3
2026-08-09,11,45,False,255.0,1,6
2026-08-07,8,19,True,286.0,1,4
2026-08-31,13,40,True,328.0,0,0
2026-08-09,15,36,False,246.0,0,6
2026-08-18,15,41,False,260.0,1,1
2026-08-12,15,12,True,315.0,0,2
2026-08-08,12,20,True,366.0,0,5
2026-08-08,17,34,False,319.0,0,5
2026-08-18,13,36,True,320.0,1,1
2026-08-28,12,21,False,335.0,1,4
2026-08-30,11,19,True,248.0,0,6
2026-08-20,19,41,False,363.0,1,3
2026-08-30,11,41,False,316.0,1,6
2026-08-15,11,43,False,292.0,1,5
2026-08-27,11,42,True,292.0,1,3
2026-08-31,21,35,False,280.0,0,0
2026-08-07,13,8,True,346.0,0,4
2026-08-11,13,22,True,347.0,0,1
2026-08-20,12,43,False,311.0,0,3
2026-08-16,19,38,False,259.0,1,6
2026-08-04,18,18,False,247.0,1,1
2026-08-06,21,8,True,346.0,0,3
2026-08-26,18,2,True,355.0,1,2
2026-08-22,16,20,True,321.0,0,5
2026-08-26,15,5,False,339.0,0,2
2026-08-31,17,42,False,283.0,1,0
2026-08-03,13,30,False,282.0,0,0
2026-08-31,18,18,False,311.0,1,0
2026-08-09,16,44,True,369.0,1,6
2026-08-28,12,23,True,271.0,0,4
2026-08-10,17,2,True,277.0,0,0
2026-08-14,11,42,True,315.0,1,4
2026-08-11,21,44,True,464.0,1,1
2026-08-18,13,37,False,272.0,1,1
2026-08-22,11,42,True,323.0,1,5
2026-08-12,15,32,False,305.0,1,2
2026-08-23,14,1,True,360.0,1,6
2026-08-12,12,39,False,291.0,1,2
2026-08-13,17,1,False,329.0,0,3
2026-08-25,13,49,False,234.0,1,1
2026-08-13,18,44,True,294.0,1,3
2026-08-19,14,31,False,327.0,0,2
2026-08-26,9,39,False,298.0,0,2
2026-08-19,16,8,True,270.0,0,2
2026-08-23,14,3,True,268.0,1,6
2026-08-14,15,47,True,288.0,1,4
2026-08-04,21,12,False,298.0,1,1
2026-08-13,12,49,False,303.0,1,3
2026-08-08,10,34,False,279.0,1,5
2026-08-29,9,49,True,353.0,0,5
2026-08-23,9,25,True,321.0,1,6
2026-08-21,10,36,False,341.0,1,4
2026-08-23,8,7,True,447.0,0,6
2026-08-19,8,15,False,289.0,1,2
2026-08-12,14,21,False,300.0,1,2
2026-08-18,17,25,True,338.0,1,1
2026-08-06,19,48,False,294.0,1,3
2026-08-18,18,38,True,351.0,1,1
2026-08-19,15,37,False,299.0,1,2
2026-08-22,13,16,True,303.0,1,5
2026-08-05,14,1,False,333.0,1,2
2026-08-24,8,47,True,353.0,0,0
2026-08-09,21,37,True,323.0,1,6
2026-08-27,8,45,False,402.0,1,3
2026-08-03,16,14,True,316.0,0,0
2026-08-28,12,34,False,295.0,1,4
2026-08-10,14,2,True,328.0,1,0
2026-08-19,13,31,False,277.0,1,2
2026-08-03,11,19,True,346.0,0,0
2026-08-29,8,19,False,271.0,1,5
2026-08-29,11,44,True,352.0,0,5
2026-08-22,17,23,True,252.0,1,5
2026-08-31,17,30,True,270.0,1,0
2026-08-15,15,17,False,353.0,1,5
2026-08-01,20,2,True,282.0,0,5
2026-08-07,19,11,False,210.0,1,4
2026-08-12,18,49,False,235.0,1,2
2026-08-17,20,14,True,402.0,1,0
2026-08-30,8,41,False,233.0,0,6
2026-08-21,9,29,True,300.0,0,4
2026-08-31,15,19,True,262.0,1,0
2026-08-26,9,28,False,287.0,1,2
2026-08-29,18,1,False,267.0,1,5
2026-08-24,20,5,False,273.0,1,0
2026-08-20,19,34,True,402.0,1,3
2026-08-05,17,14,True,274.0,0,2
2026-08-04,16,19,True,316.0,1,1
2026-08-28,10,24,False,306.0,0,4
2026-08-12,10,40,False,253.0,1,2
2026-08-30,13,17,False,301.0,0,6
2026-08-20,10,2,True,317.0,1,3
2026-08-28,16,31,True,335.0,1,4
2026-08-24,18,17,True,320.0,0,0
2026-08-18,15,8,True,238.0,0,1
2026-08-17,11,46,True,380.0,0,0
2026-08-19,13,17,False,365.0,1,2
2026-08-09,15,38,False,273.0,1,6
2026-08-04,11,26,False,252.0,0,1
2026-08-26,20,43,True,393.0,1,2
2026-08-21,12,40,True,400.0,0,4
2026-08-02,14,45,False,274.0,1,6
2026-08-04,15,40,True,311.0,1,1
2026-08-02,14,7,False,277.0,1,6
2026-08-15,15,24,True,253.0,1,5
2026-08-02,11,30,True,316.0,1,6
2026-08-04,8,26,False,373.0,1,1
2026-08-06,13,30,True,315.0,1,3
2026-08-07,12,35,False,243.0,1,4
2026-08-10,18,2,False,304.0,0,0
2026-08-19,11,44,True,301.0,1,2
2026-08-19,9,4,True,335.0,1,2
2026-08-26,8,5,False,254.0,0,2
2026-08-22,16,48,False,239.0,0,5
2026-08-29,19,2,True,358.0,1,5
2026-08-12,9,31,False,303.0,1,2
2026-08-03,16,27,True,289.0,1,0
2026-08-13,13,24,True,327.0,1,3
2026-08-18,20,45,True,308.0,0,1
2026-08-08,13,4,True,291.0,0,5
2026-08-21,9,28,True,385.0,0,4
2026-08-15,13,5,False,313.0,1,5
2026-08-01,10,27,True,332.0,1,5
2026-08-03,14,44,True,326.0,0,0
2026-08-26,20,47,True,332.0,1,2
2026-08-08,17,5,False,301.0,1,5
2026-08-04,11,5,False,256.0,1,1
2026-08-16,16,48,True,355.0,1,6
2026-08-30,12,9,True,339.0,1,6
2026-08-23,19,47,True,317.0,0,6
2026-08-10,17,27,True,302.0,1,0
2026-08-12,10,4,True,366.0,1,2
2026-08-14,8,49,True,338.0,1,4
2026-08-14,8,24,True,317.0,1,4
2026-08-02,20,27,False,277.0,1,6
2026-08-23,11,1,True,359.0,1,6
2026-08-05,17,32,False,218.0,1,2
2026-08-05,17,16,False,268.0,0,2
2026-08-06,11,23,False,331.0,1,3
2026-08-13,16,28,True,314.0,0,3
2026-08-09,15,20,True,331.0,1,6
2026-08-30,11,17,True,371.0,0,6
2026-08-22,13,36,False,318.0,1,5
2026-08-28,14,45,True,303.0,1,4
2026-08-29,17,8,False,277.0,0,5
2026-08-15,15,18,False,316.0,1,5
2026-08-14,11,13,True,366.0,1,4
2026-08-24,8,9,False,301.0,1,0
2026-08-07,12,37,True,322.0,0,4
2026-08-25,21,30,True,349.0,1,1
2026-08-20,8,43,True,399.0,1,3
2026-08-02,18,28,True,367.0,1,6
2026-08-07,18,46,False,312.0,1,4
2026-08-06,11,50,True,285.0,1,3
2026-08-17,14,18,True,310.0,1,0
2026-08-27,14,20,False,272.0,1,3
2026-08-25,8,48,False,361.0,1,1
2026-08-25,16,36,True,311.0,0,1
2026-08-28,9,19,False,348.0,0,4
2026-08-02,12,5,False,262.0,0,6
2026-08-03,13,34,True,302.0,1,0
2026-08-05,8,17,True,364.0,0,2
2026-08-05,21,28,True,401.0,1,2
2026-08-31,19,36,False,280.0,0,0
2026-08-01,9,38,False,195.0,1,5
2026-08-08,14,30,False,218.0,1,5
2026-08-12,13,18,True,334.0,1,2
2026-08-24,13,6,True,263.0,1,0
2026-08-04,13,26,True,287.0,0,1
2026-08-13,21,15,True,338.0,0,3
2026-08-23,21,1,False,200.0,0,6
2026-08-15,14,17,False,265.0,1,5
2026-08-31,17,31,True,275.0,1,0
2026-08-11,19,2,True,268.0,1,1
2026-08-10,21,36,True,306.0,0,0
2026-08-03,21,35,True,295.0,1,0
2026-08-22,19,27,True,347.0,0,5
2026-08-14,16,3,True,368.0,1,4
2026-08-16,16,46,True,306.0,1,6
2026-08-10,9,20,True,314.0,0,0
2026-08-29,9,8,True,321.0,1,5
2026-08-10,12,29,True,280.0,1,0
2026-08-12,17,8,False,230.0,1,2
2026-08-30,14,41,True,255.0,0,6
2026-08-09,19,50,False,235.0,1,6
2026-08-01,21,27,True,403.0,1,5
2026-08-05,19,26,True,300.0,1,2
2026-08-20,20,39,True,215.0,1,3
2026-08-08,10,10,True,309.0,1,5
2026-08-11,10,30,False,229.0,1,1
2026-08-12,11,33,True,330.0,0,2
2026-08-01,10,36,False,291.0,0,5
2026-08-25,10,20,False,295.0,1,1
2026-08-22,15,4,False,278.0,0,5
2026-08-20,14,23,False,266.0,1,3
2026-08-28,20,29,False,234.0,1,4
2026-08-25,14,46,True,318.0,1,1
2026-08-11,21,32,False,339.0,1,1
2026-08-05,17,37,True,395.0,1,2
2026-08-15,9,37,True,328.0,1,5
2026-08-05,18,26,True,319.0,0,2
2026-08-12,16,5,False,301.0,1,2
2026-08-05,20,24,False,352.0,1,2
2026-08-17,13,43,True,303.0,1,0
2026-08-17,21,2,False,326.0,1,0
2026-08-24,10,15,True,300.0,1,0
2026-08-12,16,46,True,334.0,1,2
2026-08-24,16,46,True,359.0,0,0
2026-08-28,13,40,True,270.0,0,4
2026-08-15,20,8,True,311.0,1,5
2026-08-15,17,37,False,320.0,1,5
2026-08-06,13,37,False,307.0,0,3
2026-08-12,15,14,True,361.0,0,2
2026-08-27,15,5,True,354.0,1,3
2026-08-29,13,9,False,268.0,0,5
2026-08-20,14,22,False,368.0,1,3
2026-08-18,11,43,True,333.0,0,1
2026-08-14,8,49,True,222.0,1,4
2026-08-02,11,44,False,277.0,1,6
2026-08-09,15,44,False,261.0,1,6
2026-08-31,19,48,True,360.0,1,0
2026-08-05,20,30,True,314.0,0,2
2026-08-20,15,33,False,324.0,1,3
2026-08-26,21,50,True,360.0,1,2
2026-08-29,9,38,False,258.0,0,5
2026-08-01,14,37,True,315.0,1,5
2026-08-23,20,50,False,261.0,1,6
2026-08-03,8,45,True,352.0,1,0
2026-08-06,9,38,True,307.0,1,3
2026-08-05,21,7,False,301.0,1,2
2026-08-21,15,3,True,309.0,1,4
2026-08-27,18,43,False,278.0,1,3
2026-08-05,17,40,True,404.0,0,2
2026-08-01,20,32,True,318.0,1,5
2026-08-17,20,36,True,255.0,1,0
2026-08-19,11,42,False,329.0,1,2
2026-08-14,21,41,True,378.0,0,4
2026-08-12,10,45,True,253.0,1,2
2026-08-10,21,19,True,310.0,0,0
2026-08-20,9,31,False,315.0,1,3
2026-08-21,18,30,False,305.0,0,4
2026-08-18,13,47,True,322.0,1,1
2026-08-24,11,37,True,329.0,0,0
2026-08-27,10,25,False,255.0,1,3
2026-08-11,10,13,True,237.0,0,1
2026-08-30,17,12,False,364.0,1,6
2026-08-02,10,9,False,254.0,1,6
2026-08-25,19,40,False,295.0,1,1
2026-08-18,15,9,True,314.0,0,1
2026-08-29,16,45,False,316.0,0,5
2026-08-25,16,27,False,285.0,1,1
2026-08-07,12,41,False,291.0,1,4
2026-08-31,8,31,True,239.0,1,0
2026-08-24,17,6,True,289.0,0,0
2026-08-15,12,29,True,354.0,0,5
2026-08-11,8,30,False,331.0,1,1
2026-08-18,16,38,False,242.0,1,1
2026-08-23,20,11,True,269.0,0,6
2026-08-12,17,42,True,327.0,0,2
2026-08-06,20,46,True,216.0,0,3
2026-08-20,15,6,False,234.0,1,3
2026-08-23,14,39,False,351.0,1,6
2026-08-30,9,41,True,396.0,0,6
2026-08-13,9,31,True,357.0,1,3
2026-08-20,21,35,True,350.0,1,3
2026-08-16,11,12,False,210.0,1,6
2026-08-18,16,48,False,251.0,1,1
2026-08-10,21,45,False,286.0,1,0
2026-08-28,16,6,True,292.0,1,4
2026-08-23,21,45,False,284.0,0,6
2026-08-08,15,26,True,372.0,1,5
2026-08-18,18,37,False,263.0,1,1
2026-08-21,12,32,True,311.0,1,4
2026-08-01,21,4,False,328.0,0,5
2026-08-23,14,40,False,224.0,0,6
2026-08-08,19,3,False,254.0,1,5
2026-08-29,16,2,False,251.0,0,5
2026-08-06,10,20,True,335.0,1,3
2026-08-05,11,19,True,314.0,0,2
2026-08-15,9,39,False,285.0,1,5
2026-08-22,16,12,True,294.0,1,5
2026-08-15,14,36,True,278.0,1,5
2026-08-02,13,42,True,346.0,1,6
2026-08-01,12,28,False,271.0,1,5
2026-08-23,19,9,True,353.0,0,6
2026-08-23,14,44,True,276.0,0,6
2026-08-26,10,11,True,306.0,1,2
2026-08-11,12,30,True,316.0,1,1
2026-08-10,9,2,False,293.0,1,0
2026-08-30,12,38,False,315.0,1,6
2026-08-18,14,38,False,263.0,1,1
2026-08-18,18,33,True,354.0,1,1
2026-08-17,17,7,False,297.0,0,0
2026-08-26,18,44,False,280.0,1,2
2026-08-08,14,21,True,282.0,1,5
2026-08-15,16,12,False,311.0,1,5
2026-08-08,10,21,False,255.0,1,5
2026-08-17,15,23,False,279.0,1,0
2026-08-12,12,6,False,282.0,0,2
2026-08-27,14,14,True,312.0,1,3
2026-08-08,8,32,True,329.0,1,5
2026-08-25,8,49,False,272.0,0,1
2026-08-14,11,49,True,263.0,1,4
2026-08-04,12,50,True,381.0,0,1
2026-08-01,20,45,False,273.0,1,5
2026-08-01,17,13,False,277.0,1,5
2026-08-19,10,27,True,327.0,0,2
2026-08-31,13,11,False,326.0,0,0
2026-08-16,10,32,False,370.0,1,6
2026-08-14,12,3,False,291.0,1,4
2026-08-21,18,49,True,318.0,0,4
2026-08-16,20,2,True,288.0,1,6
2026-08-05,8,30,True,287.0,1,2
2026-08-09,10,2,True,262.0,0,6
2026-08-26,14,39,True,289.0,0,2
2026-08-30,10,29,True,249.0,0,6
2026-08-28,12,22,True,368.0,0,4
2026-08-02,14,25,False,297.0,1,6
2026-08-18,20,42,True,322.0,0,1
2026-08-06,9,46,False,342.0,1,3
2026-08-31,10,19,False,250.0,1,0
2026-08-09,11,49,True,295.0,1,6
2026-08-01,12,16,False,207.0,1,5
2026-08-09,19,17,False,319.0,0,6
2026-08-25,16,50,True,288.0,1,1
2026-08-16,16,27,False,281.0,1,6
2026-08-13,11,43,True,368.0,0,3
2026-08-09,21,19,False,353.0,1,6
2026-08-21,16,43,True,319.0,1,4
2026-08-13,11,42,False,303.0,1,3
2026-08-31,9,30,True,302.0,0,0
2026-08-09,17,14,False,349.0,0,6
2026-08-11,8,46,True,338.0,0,1
2026-08-04,14,42,False,284.0,1,1
2026-08-02,11,32,False,272.0,0,6
2026-08-29,19,23,True,376.0,1,5
2026-08-06,15,36,False,288.0,0,3
2026-08-14,15,10,True,350.0,1,4
2026-08-04,19,38,False,302.0,1,1
2026-08-06,15,29,True,311.0,1,3
2026-08-19,13,11,False,319.0,1,2
2026-08-06,16,50,False,294.0,1,3
2026-08-02,21,38,True,300.0,0,6
2026-08-18,11,15,True,288.0,0,1
2026-08-13,12,32,True,330.0,0,3
2026-08-09,11,27,False,324.0,1,6
2026-08-23,12,38,True,390.0,0,6
2026-08-19,9,1,False,227.0,0,2
2026-08-13,12,41,False,286.0,1,3
2026-08-11,17,14,True,342.0,1,1
2026-08-01,15,3,False,292.0,1,5
2026-08-24,16,30,True,361.0,0,0
2026-08-30,14,31,True,347.0,1,6
2026-08-22,14,1,False,241.0,0,5
2026-08-07,21,46,True,297.0,0,4
2026-08-25,13,14,True,334.0,1,1
2026-08-21,9,36,False,338.0,0,4
2026-08-15,17,46,True,328.0,0,5
2026-08-01,19,36,False,225.0,1,5
2026-08-12,18,43,False,243.0,1,2
2026-08-26,17,41,True,350.0,0,2
2026-08-07,20,43,True,319.0,1,4
2026-08-15,16,15,False,285.0,1,5
2026-08-21,21,38,True,381.0,0,4
2026-08-19,12,25,True,276.0,0,2
2026-08-28,13,44,False,265.0,0,4
2026-08-29,8,45,True,324.0,1,5
2026-08-25,12,50,False,299.0,1,1
2026-08-01,13,14,True,353.0,0,5
2026-08-17,17,24,True,263.0,1,0
2026-08-17,18,43,True,324.0,0,0
2026-08-03,9,2,False,333.0,0,0
2026-08-12,14,34,False,206.0,1,2
2026-08-06,21,49,False,295.0,1,3
2026-08-26,11,23,True,279.0,0,2
2026-08-11,12,8,True,299.0,0,1
2026-08-03,10,5,True,232.0,1,0
2026-08-08,12,29,True,380.0,1,5
2026-08-14,19,43,False,274.0,1,4
2026-08-14,11,33,False,256.0,1,4
2026-08-10,19,20,True,341.0,0,0
2026-08-02,21,16,False,256.0,0,6
2026-08-14,17,37,True,277.0,0,4
2026-08-09,13,48,False,342.0,1,6
2026-08-03,9,37,True,410.0,0,0
2026-08-21,10,42,True,309.0,1,4
2026-08-26,19,41,True,371.0,0,2
2026-08-08,17,24,True,336.0,0,5
2026-08-16,8,29,False,248.0,0,6
2026-08-02,14,35,True,283.0,0,6
2026-08-06,16,9,True,383.0,0,3
2026-08-28,9,22,False,241.0,0,4
2026-08-21,14,20,False,372.0,0,4
2026-08-29,10,40,False,270.0,1,5
2026-08-26,12,4,True,388.0,0,2
2026-08-25,13,43,False,270.0,1,1
2026-08-12,15,36,False,312.0,1,2
2026-08-05,11,12,True,384.0,1,2
2026-08-02,9,23,True,394.0,0,6
2026-08-16,10,39,True,309.0,1,6
2026-08-05,15,8,True,286.0,1,2
2026-08-15,14,10,True,317.0,0,5
2026-08-12,13,23,True,270.0,0,2
2026-08-04,12,29,False,294.0,0,1
2026-08-15,18,45,False,252.0,1,5
2026-08-11,12,32,False,328.0,1,1
2026-08-16,8,14,False,282.0,1,6
2026-08-23,21,16,True,268.0,1,6
2026-08-06,13,39,False,338.0,1,3
2026-08-14,20,48,False,300.0,0,4
2026-08-18,16,17,True,322.0,1,1
2026-08-12,15,20,False,324.0,1,2
2026-08-27,19,12,False,323.0,1,3
2026-08-11,17,9,False,252.0,1,1
2026-08-13,8,8,False,287.0,1,3
2026-08-21,18,41,True,280.0,1,4
2026-08-23,20,37,True,274.0,0,6
2026-08-11,13,21,True,345.0,1,1
2026-08-23,10,42,False,308.0,1,6
2026-08-16,13,32,False,312.0,1,6
2026-08-15,16,37,False,332.0,1,5
2026-08-21,13,46,True,353.0,1,4
2026-08-28,15,18,True,355.0,1,4
2026-08-15,21,29,False,215.0,1,5
2026-08-25,13,7,False,270.0,1,1
2026-08-04,13,40,True,361.0,1,1
2026-08-11,14,37,True,274.0,1,1
2026-08-19,18,6,False,288.0,1,2
2026-08-15,20,20,False,313.0,1,5
2026-08-04,17,9,True,340.0,1,1
2026-08-21,18,9,True,339.0,1,4
2026-08-13,11,8,False,312.0,1,3
2026-08-22,20,17,False,300.0,1,5
2026-08-19,20,24,True,274.0,1,2
2026-08-02,15,40,True,340.0,1,6
2026-08-14,11,23,False,299.0,1,4
2026-08-29,14,33,True,263.0,0,5
2026-08-04,8,22,True,400.0,0,1
2026-08-16,19,50,False,309.0,0,6
2026-08-21,16,47,True,265.0,0,4
2026-08-20,17,22,False,249.0,0,3
2026-08-14,16,27,True,298.0,0,4
2026-08-27,14,48,False,258.0,1,3
2026-08-29,15,2,True,332.0,1,5
2026-08-15,9,31,True,299.0,1,5
2026-08-28,17,13,True,367.0,0,4
2026-08-03,21,2,False,340.0,0,0
2026-08-08,21,46,False,323.0,1,5
2026-08-16,19,7,True,330.0,0,6
2026-08-10,17,11,False,319.0,1,0
2026-08-04,14,47,False,269.0,1,1
2026-08-30,8,26,False,276.0,1,6
2026-08-18,10,49,True,380.0,1,1
2026-08-02,13,21,False,295.0,1,6
2026-08-17,12,49,True,297.0,0,0
2026-08-13,12,15,True,308.0,0,3
2026-08-04,16,16,False,251.0,0,1
2026-08-26,13,9,False,363.0,1,2
2026-08-25,10,21,True,333.0,0,1
2026-08-30,9,41,True,344.0,1,6
2026-08-11,21,6,False,327.0,1,1
2026-08-07,16,1,False,232.0,0,4
2026-08-31,17,31,True,366.0,1,0
2026-08-12,21,5,False,274.0,1,2
2026-08-10,11,37,True,401.0,1,0
2026-08-07,18,26,True,312.0,0,4
2026-08-13,12,1,False,326.0,1,3
2026-08-31,16,1,True,221.0,0,0
2026-08-07,12,29,True,277.0,0,4
2026-08-31,14,22,False,269.0,0,0
2026-08-24,9,38,False,217.0,0,0
2026-08-17,9,41,True,362.0,1,0
2026-08-10,11,19,False,301.0,1,0
2026-08-29,15,28,False,240.0,1,5
2026-08-10,9,5,True,337.0,1,0
2026-08-24,17,21,False,314.0,0,0
2026-08-04,14,49,True,236.0,1,1
2026-08-20,20,22,True,282.0,1,3
2026-08-04,20,20,False,279.0,0,1
2026-08-22,8,12,False,305.0,0,5
2026-08-07,16,6,True,318.0,0,4
2026-08-22,17,29,True,358.0,0,5
2026-08-01,13,45,True,341.0,0,5
2026-08-12,18,40,True,352.0,0,2
2026-08-24,8,35,True,289.0,1,0
2026-08-13,17,11,True,328.0,0,3
2026-08-10,13,33,False,270.0,1,0
2026-08-15,21,25,True,396.0,1,5
2026-08-27,12,14,True,331.0,1,3
2026-08-13,21,29,False,271.0,1,3
2026-08-23,19,13,False,322.0,0,6
2026-08-22,12,15,True,347.0,1,5
2026-08-22,12,8,True,292.0,1,5
2026-08-21,11,47,False,274.0,0,4
2026-08-22,14,45,True,307.0,0,5
2026-08-28,20,33,True,382.0,1,4
2026-08-09,16,11,False,289.0,1,6
2026-08-26,20,15,True,362.0,0,2
2026-08-09,11,21,True,308.0,1,6
2026-08-15,9,36,True,351.0,0,5
2026-08-10,9,6,True,390.0,1,0
2026-08-24,9,25,True,324.0,1,0
2026-08-26,14,44,False,285.0,1,2
2026-08-25,11,1,True,273.0,1,1
2026-08-29,11,42,True,297.0,1,5
2026-08-10,8,50,True,331.0,1,0
2026-08-08,11,33,False,246.0,0,5
2026-08-24,13,39,False,335.0,1,0
2026-08-16,9,32,True,304.0,0,6
2026-08-17,11,2,False,319.0,1,0
2026-08-26,18,25,True,332.0,0,2
2026-08-27,14,40,True,322.0,1,3
2026-08-05,20,33,True,392.0,1,2
2026-08-04,16,38,True,230.0,1,1
2026-08-18,9,11,True,330.0,1,1
2026-08-24,15,19,False,237.0,0,0
2026-08-19,21,25,True,260.0,0,2
2026-08-04,13,28,False,234.0,1,1
2026-08-28,15,10,True,321.0,1,4
2026-08-07,9,31,True,309.0,0,4
2026-08-10,21,16,True,374.0,0,0
2026-08-25,18,48,False,276.0,0,1
2026-08-18,8,42,True,332.0,0,1
2026-08-19,14,18,False,268.0,1,2
2026-08-04,20,22,True,329.0,1,1
2026-08-10,16,50,True,304.0,1,0
2026-08-01,16,35,True,286.0,0,5
2026-08-23,9,12,True,378.0,0,6
2026-08-18,11,42,True,303.0,0,1
2026-08-05,20,28,True,317.0,1,2
2026-08-15,8,48,False,322.0,1,5
2026-08-17,18,9,True,337.0,1,0
2026-08-03,14,30,False,245.0,1,0
2026-08-12,9,18,True,368.0,0,2
2026-08-02,11,45,False,310.0,1,6
2026-08-01,19,24,False,295.0,1,5
2026-08-23,9,46,True,321.0,1,6
2026-08-21,8,19,True,328.0,1,4
2026-08-17,14,14,False,272.0,1,0
2026-08-22,13,2,False,233.0,1,5
2026-08-16,9,11,True,336.0,0,6
2026-08-05,21,26,True,374.0,0,2
2026-08-15,11,8,False,323.0,0,5
2026-08-03,19,3,True,313.0,1,0
2026-08-28,18,15,False,327.0,1,4
2026-08-07,10,45,True,409.0,0,4
2026-08-11,19,40,True,315.0,0,1
2026-08-10,10,13,False,320.0,0,0
2026-08-09,10,16,False,202.0,1,6
2026-08-14,18,22,True,274.0,1,4
2026-08-13,11,33,True,332.0,1,3
2026-08-29,8,2,False,264.0,0,5
2026-08-25,8,45,False,386.0,1,1
2026-08-30,14,29,True,344.0,1,6
2026-08-25,12,46,False,323.0,0,1
2026-08-02,10,34,False,291.0,1,6
2026-08-03,16,16,False,240.0,1,0
2026-08-07,12,14,False,264.0,1,4
2026-08-21,17,39,True,332.0,1,4
2026-08-18,10,46,False,267.0,1,1
2026-08-03,16,50,False,307.0,1,0
2026-08-10,8,49,True,373.0,1,0
2026-08-22,21,5,True,338.0,1,5
2026-08-29,16,43,True,247.0,1,5
2026-08-07,21,18,False,367.0,1,4
2026-08-09,12,48,True,316.0,1,6
2026-08-17,13,26,False,390.0,1,0
2026-08-11,9,10,False,324.0,1,1
2026-08-07,15,6,False,272.0,1,4
2026-08-24,10,14,False,310.0,1,0
2026-08-28,8,2,False,224.0,1,4
2026-08-14,14,27,True,362.0,0,4
2026-08-19,19,9,False,391.0,1,2
2026-08-04,10,13,True,249.0,0,1
2026-08-26,11,21,False,277.0,1,2
2026-08-06,12,44,True,320.0,1,3
2026-08-10,8,2,False,340.0,1,0
2026-08-07,18,3,False,369.0,0,4
2026-08-13,18,13,False,300.0,1,3
2026-08-14,16,21,True,406.0,1,4
2026-08-04,14,33,True,327.0,1,1
2026-08-08,9,20,False,316.0,1,5
2026-08-05,20,36,True,346.0,0,2
2026-08-01,8,18,False,353.0,1,5
2026-08-04,21,25,True,321.0,0,1
2026-08-03,18,45,False,317.0,1,0
2026-08-09,9,38,True,289.0,1,6
2026-08-08,10,25,False,281.0,1,5
2026-08-01,19,38,False,263.0,1,5
2026-08-27,10,15,True,336.0,1,3
2026-08-06,15,50,True,307.0,1,3
2026-08-09,12,17,True,370.0,0,6
2026-08-07,16,46,False,245.0,0,4
2026-08-04,10,36,False,223.0,1,1
2026-08-13,13,29,False,228.0,1,3
2026-08-17,11,33,False,328.0,1,0
2026-08-28,15,32,True,281.0,1,4
2026-08-02,19,8,True,344.0,1,6
2026-08-28,8,43,True,333.0,0,4
2026-08-05,11,13,True,361.0,0,2
2026-08-12,14,17,False,271.0,1,2
2026-08-27,16,21,False,391.0,1,3
2026-08-21,20,14,True,408.0,1,4
2026-08-08,8,25,False,292.0,0,5
2026-08-06,15,49,False,262.0,1,3
2026-08-08,9,24,True,463.0,1,5
2026-08-18,11,33,True,285.0,0,1
2026-08-03,11,8,True,326.0,0,0
2026-08-22,21,28,False,299.0,1,5
2026-08-12,15,19,False,280.0,0,2
2026-08-29,18,11,False,215.0,1,5
2026-08-26,9,10,True,358.0,1,2
2026-08-03,14,1,True,282.0,1,0
2026-08-22,10,5,False,350.0,0,5
2026-08-06,16,16,False,222.0,1,3
2026-08-02,12,20,False,287.0,1,6
2026-08-23,21,20,False,209.0,0,6
2026-08-12,19,28,True,242.0,1,2
2026-08-02,15,5,False,246.0,0,6
2026-08-06,12,48,False,257.0,1,3
2026-08-17,8,3,True,403.0,1,0
2026-08-03,16,30,False,279.0,1,0
2026-08-02,17,23,True,374.0,0,6
2026-08-23,18,34,True,309.0,1,6
2026-08-30,19,49,True,352.0,0,6
2026-08-20,14,28,True,291.0,1,3
2026-08-08,11,1,True,296.0,0,5
2026-08-22,14,48,True,248.0,1,5
2026-08-12,12,27,False,298.0,1,2
2026-08-26,17,34,True,332.0,1,2
2026-08-04,21,31,True,369.0,0,1
2026-08-05,16,32,True,329.0,1,2
2026-08-13,9,7,False,379.0,1,3
2026-08-29,11,43,True,335.0,0,5
2026-08-31,13,38,True,362.0,0,0
2026-08-15,18,34,False,272.0,1,5
2026-08-25,12,46,False,248.0,0,1
2026-08-23,8,4,False,333.0,0,6
2026-08-16,16,19,True,317.0,1,6
2026-08-10,16,22,True,354.0,1,0
2026-08-30,10,29,False,307.0,0,6
2026-08-30,11,34,True,296.0,0,6
2026-08-25,11,34,True,371.0,1,1
2026-08-23,17,45,True,287.0,1,6
2026-08-16,15,45,False,305.0,1,6
2026-08-12,13,3,True,373.0,1,2
2026-08-17,9,21,False,283.0,1,0
2026-08-16,11,38,False,334.0,1,6
2026-08-12,8,21,True,360.0,0,2
2026-08-08,10,17,False,327.0,0,5
2026-08-20,11,29,False,255.0,1,3
2026-08-03,15,33,False,289.0,1,0
2026-08-16,10,39,True,276.0,1,6
2026-08-30,12,26,False,353.0,1,6
2026-08-13,8,7,True,264.0,0,3
2026-08-23,20,45,False,278.0,0,6
2026-08-28,11,9,True,291.0,1,4
2026-08-19,9,18,True,365.0,1,2
2026-08-08,11,1,False,365.0,1,5
2026-08-22,12,11,False,311.0,1,5
2026-08-05,10,22,False,411.0,1,2
2026-08-20,21,32,True,283.0,0,3
2026-08-08,13,43,True,270.0,0,5
2026-08-24,19,10,False,252.0,1,0
2026-08-12,9,49,False,303.0,0,2
2026-08-01,12,27,False,243.0,0,5
2026-08-25,11,49,True,298.0,0,1
2026-08-30,12,12,True,349.0,0,6
2026-08-21,20,30,False,243.0,1,4
2026-08-20,16,10,False,235.0,1,3
2026-08-06,13,12,True,306.0,0,3
2026-08-22,14,38,False,268.0,0,5
2026-08-18,21,21,False,338.0,0,1
2026-08-08,18,27,True,288.0,1,5
2026-08-07,15,6,True,291.0,0,4
2026-08-01,16,38,True,344.0,1,5
2026-08-21,21,8,False,330.0,1,4
2026-08-16,12,37,True,382.0,1,6
2026-08-12,15,6,True,339.0,1,2
2026-08-06,9,34,False,303.0,1,3
2026-08-20,17,49,True,345.0,0,3
2026-08-02,16,40,True,310.0,1,6
2026-08-29,9,22,True,327.0,1,5
2026-08-14,20,29,False,222.0,1,4
2026-08-04,19,9,False,324.0,1,1
2026-08-01,12,21,True,333.0,0,5
2026-08-23,13,32,False,313.0,1,6
2026-08-18,11,8,False,175.0,1,1
2026-08-13,15,43,True,318.0,0,3
2026-08-02,17,10,True,288.0,0,6
2026-08-09,10,49,True,393.0,0,6
2026-08-21,18,23,True,349.0,0,4
2026-08-02,20,20,False,302.0,0,6
2026-08-27,12,13,False,267.0,1,3
2026-08-25,9,22,True,354.0,0,1
2026-08-09,10,41,True,295.0,0,6
2026-08-01,15,15,True,316.0,1,5
2026-08-11,18,31,False,261.0,1,1
2026-08-03,12,45,True,415.0,0,0
2026-08-20,21,32,False,357.0,1,3
2026-08-30,10,45,True,375.0,1,6
2026-08-23,12,13,False,225.0,0,6
2026-08-26,16,25,False,315.0,1,2
2026-08-04,10,21,True,340.0,1,1
2026-08-18,19,4,True,377.0,0,1
2026-08-23,17,42,False,295.0,1,6
2026-08-06,14,15,True,320.0,1,3
2026-08-03,15,21,False,289.0,0,0
2026-08-22,12,42,True,252.0,0,5
2026-08-11,10,8,False,262.0,1,1
2026-08-15,18,31,True,339.0,0,5
2026-08-22,13,10,False,328.0,1,5
2026-08-28,20,21,False,270.0,1,4
2026-08-05,19,17,False,286.0,1,2
2026-08-20,10,5,False,228.0,1,3
2026-08-10,16,13,False,339.0,1,0
2026-08-12,9,21,True,383.0,1,2
2026-08-15,20,44,False,319.0,0,5
2026-08-17,10,12,False,309.0,1,0
2026-08-10,14,25,True,383.0,0,0
2026-08-06,21,28,False,266.0,1,3
2026-08-18,21,2,False,261.0,0,1
2026-08-13,17,21,False,324.0,1,3
2026-08-03,15,41,True,360.0,1,0
2026-08-30,12,22,True,277.0,1,6
2026-08-24,12,2,True,303.0,0,0
2026-08-10,12,30,True,392.0,0,0
2026-08-30,11,1,False,304.0,1,6
2026-08-14,16,46,True,352.0,1,4
2026-08-06,13,13,True,276.0,1,3
2026-08-03,20,3,False,319.0,0,0
2026-08-16,19,20,True,271.0,0,6
2026-08-07,20,5,True,253.0,0,4
2026-08-20,15,2,True,349.0,0,3
2026-08-14,15,26,True,377.0,0,4
2026-08-09,12,29,False,274.0,1,6
2026-08-15,19,18,False,266.0,0,5
2026-08-21,16,9,False,349.0,0,4
2026-08-03,9,22,True,330.0,0,0
2026-08-02,21,28,False,295.0,1,6
2026-08-27,15,12,True,388.0,1,3
2026-08-02,10,37,True,318.0,1,6
2026-08-03,14,18,True,294.0,0,0
2026-08-18,20,34,True,365.0,1,1
2026-08-14,16,42,True,292.0,1,4
2026-08-20,21,42,True,332.0,0,3
2026-08-18,18,3,False,232.0,1,1
2026-08-10,12,46,True,332.0,1,0
2026-08-25,18,5,True,327.0,1,1
2026-08-02,15,23,True,359.0,0,6
2026-08-25,11,13,False,322.0,0,1
2026-08-29,21,24,True,360.0,1,5
2026-08-22,8,28,False,320.0,0,5
2026-08-01,8,17,False,302.0,0,5
2026-08-04,13,6,True,346.0,1,1
2026-08-31,15,27,True,276.0,1,0
2026-08-14,17,45,True,228.0,1,4
2026-08-01,9,29,False,344.0,1,5
2026-08-14,18,12,True,351.0,0,4
2026-08-16,11,35,True,323.0,1,6
2026-08-22,10,48,True,375.0,1,5
2026-08-14,20,5,False,263.0,0,4
2026-08-29,16,2,True,292.0,1,5
2026-08-20,10,11,True,299.0,0,3
2026-08-03,18,4,False,307.0,1,0
2026-08-03,15,22,False,217.0,1,0
2026-08-09,21,1,False,267.0,1,6
2026-08-06,14,45,True,332.0,1,3
2026-08-25,8,50,False,256.0,1,1
2026-08-13,15,16,False,254.0,1,3
2026-08-21,16,2,True,232.0,0,4
2026-08-02,15,41,False,304.0,1,6
2026-08-08,17,27,True,294.0,1,5
2026-08-21,17,12,False,238.0,0,4
2026-08-02,8,5,True,293.0,1,6
2026-08-04,18,5,False,268.0,1,1
2026-08-25,20,22,True,269.0,0,1
2026-08-15,18,13,False,362.0,1,5
2026-08-04,14,16,True,225.0,1,1
2026-08-13,20,26,False,274.0,1,3
2026-08-28,16,9,False,285.0,0,4
2026-08-12,21,48,True,307.0,1,2
2026-08-28,12,32,False,293.0,1,4
2026-08-13,9,19,False,266.0,1,3
2026-08-31,21,36,True,399.0,0,0
2026-08-14,15,28,True,275.0,1,4
2026-08-20,16,15,False,186.0,1,3
2026-08-18,14,9,True,269.0,1,1
2026-08-29,19,16,True,343.0,1,5
2026-08-28,20,6,True,328.0,1,4
2026-08-31,12,8,True,355.0,0,0
2026-08-06,15,33,True,340.0,1,3
2026-08-29,13,32,True,297.0,1,5
2026-08-11,19,46,False,268.0,0,1
2026-08-30,11,36,False,273.0,1,6
2026-08-02,8,42,True,420.0,1,6
2026-08-28,13,48,False,310.0,1,4
2026-08-23,15,36,False,356.0,1,6
2026-08-19,10,34,False,326.0,1,2
2026-08-31,19,2,True,325.0,1,0
2026-08-19,14,13,True,280.0,0,2
2026-08-05,20,43,False,301.0,0,2
2026-08-19,19,10,False,286.0,0,2
2026-08-02,14,38,False,277.0,1,6
2026-08-10,16,7,False,272.0,1,0
2026-08-25,8,47,True,262.0,1,1
2026-08-02,12,3,False,335.0,1,6
2026-08-30,15,27,True,318.0,0,6
2026-08-11,20,14,True,276.0,1,1
2026-08-18,20,30,False,312.0,0,1
2026-08-29,10,34,True,298.0,1,5
2026-08-31,12,23,True,347.0,1,0
2026-08-24,21,48,False,333.0,0,0
2026-08-15,8,17,True,385.0,1,5
2026-08-09,16,15,False,274.0,0,6
2026-08-23,11,45,False,271.0,0,6
2026-08-19,12,44,False,259.0,1,2
2026-08-09,10,7,True,304.0,1,6
2026-08-03,21,3,True,337.0,1,0
2026-08-21,9,9,True,330.0,0,4
2026-08-09,19,3,True,295.0,1,6
2026-08-28,21,48,True,292.0,0,4
2026-08-30,14,35,False,276.0,1,6
2026-08-14,18,40,True,307.0,0,4
2026-08-19,12,8,False,239.0,0,2
2026-08-07,18,26,True,358.0,1,4
2026-08-16,17,15,False,353.0,1,6
2026-08-16,21,5,False,337.0,1,6
2026-08-28,10,13,True,304.0,1,4
2026-08-01,9,15,True,336.0,1,5
2026-08-04,17,39,False,344.0,1,1
2026-08-04,13,12,False,235.0,0,1
2026-08-07,17,35,False,313.0,0,4
2026-08-08,13,8,True,264.0,0,5
2026-08-17,10,10,True,400.0,1,0
2026-08-05,20,34,False,275.0,1,2
2026-08-07,16,8,False,370.0,1,4
2026-08-28,8,22,True,414.0,1,4
2026-08-20,10,50,False,288.0,1,3
2026-08-29,20,12,True,304.0,1,5
2026-08-20,8,22,True,352.0,1,3
2026-08-04,14,27,True,313.0,1,1
2026-08-28,9,18,True,322.0,0,4
2026-08-06,18,19,False,218.0,1,3
2026-08-07,18,5,True,304.0,0,4
2026-08-18,19,16,True,284.0,1,1
2026-08-31,11,49,False,310.0,1,0
2026-08-05,11,41,False,328.0,1,2
2026-08-20,21,10,False,328.0,0,3
2026-08-31,20,19,False,306.0,1,0
2026-08-30,15,44,True,286.0,1,6
2026-08-29,18,1,False,293.0,1,5
2026-08-03,11,22,False,320.0,1,0
2026-08-07,10,17,False,269.0,1,4
2026-08-27,17,35,True,327.0,1,3
2026-08-28,19,39,True,322.0,1,4
2026-08-22,10,9,False,359.0,0,5
2026-08-14,12,5,True,359.0,1,4
2026-08-07,13,9,False,306.0,0,4
2026-08-05,14,11,False,212.0,0,2
2026-08-29,20,14,False,299.0,0,5
2026-08-22,12,46,False,278.0,1,5
2026-08-05,14,40,False,274.0,1,2
2026-08-30,11,24,True,265.0,1,6
2026-08-23,12,20,False,241.0,0,6
2026-08-02,13,33,False,279.0,1,6
2026-08-30,16,4,True,365.0,1,6
2026-08-27,13,16,True,298.0,0,3
2026-08-21,17,25,True,306.0,1,4
2026-08-22,21,1,False,369.0,0,5
2026-08-06,18,24,True,313.0,0,3
2026-08-15,8,3,False,299.0,1,5
2026-08-21,19,32,True,323.0,1,4
2026-08-10,18,34,True,271.0,1,0
2026-08-23,14,49,False,303.0,0,6
2026-08-26,21,25,True,312.0,1,2
2026-08-24,18,43,False,283.0,1,0
2026-08-07,20,3,False,310.0,1,4
2026-08-05,18,7,False,362.0,0,2
2026-08-01,10,42,True,280.0,0,5
2026-08-13,13,35,False,317.0,1,3
2026-08-21,9,29,False,333.0,1,4
2026-08-26,21,40,False,272.0,1,2
2026-08-18,19,25,True,352.0,1,1
2026-08-13,14,28,False,346.0,0,3
2026-08-21,8,24,False,274.0,0,4
2026-08-21,20,5,False,302.0,0,4
2026-08-18,9,27,True,354.0,0,1
2026-08-05,16,10,True,342.0,1,2
2026-08-13,16,12,True,351.0,1,3
2026-08-04,14,18,True,327.0,1,1
2026-08-17,9,38,True,359.0,1,0
2026-08-03,12,8,True,288.0,0,0
2026-08-17,11,50,False,295.0,1,0
2026-08-28,9,38,True,319.0,0,4
2026-08-11,9,30,False,249.0,1,1
2026-08-31,17,9,True,302.0,1,0
2026-08-21,15,48,True,331.0,1,4
2026-08-20,12,43,True,342.0,1,3
2026-08-23,15,25,True,269.0,1,6
2026-08-21,9,30,False,260.0,0,4
2026-08-26,9,2,False,327.0,1,2
2026-08-30,18,17,True,345.0,0,6
2026-08-04,18,45,True,360.0,0,1
2026-08-02,10,7,True,387.0,1,6
2026-08-20,18,22,False,306.0,0,3
2026-08-16,17,10,False,265.0,1,6
2026-08-28,15,26,False,285.0,0,4
2026-08-18,15,13,False,346.0,1,1
2026-08-08,10,42,False,403.0,1,5
2026-08-03,8,28,True,363.0,1,0
2026-08-09,14,36,True,342.0,1,6
2026-08-29,11,11,False,317.0,0,5
2026-08-20,10,9,False,293.0,0,3
2026-08-29,12,16,False,331.0,0,5
2026-08-06,19,17,False,328.0,1,3
2026-08-10,13,5,True,336.0,1,0
2026-08-21,21,5,False,285.0,0,4
2026-08-10,8,38,False,244.0,1,0
2026-08-13,19,31,True,357.0,1,3
2026-08-17,19,2,False,297.0,1,0
2026-08-09,16,27,False,251.0,1,6
2026-08-17,13,46,True,277.0,0,0
2026-08-24,10,43,True,359.0,1,0
2026-08-09,8,19,True,280.0,0,6
2026-08-09,20,43,False,304.0,0,6
2026-08-01,16,25,True,354.0,1,5
2026-08-02,9,38,False,320.0,0,6
2026-08-28,21,13,False,282.0,1,4
2026-08-16,17,29,True,272.0,0,6
2026-08-29,13,19,False,305.0,1,5
2026-08-01,13,35,False,330.0,1,5
2026-08-10,19,25,True,305.0,1,0
2026-08-18,10,48,True,353.0,0,1
2026-08-26,18,9,False,348.0,1,2
2026-08-28,13,35,False,296.0,1,4
2026-08-08,21,15,True,322.0,0,5
2026-08-21,9,22,True,380.0,1,4
2026-08-28,15,13,True,290.0,1,4
2026-08-11,20,49,False,241.0,1,1
2026-08-23,8,30,True,377.0,0,6
2026-08-02,13,21,False,266.0,1,6
2026-08-08,21,25,False,285.0,1,5
2026-08-27,8,25,True,319.0,0,3
2026-08-22,16,40,False,262.0,0,5
2026-08-08,20,22,True,389.0,1,5
2026-08-17,20,46,False,359.0,1,0
2026-08-15,16,41,True,392.0,0,5
2026-08-17,13,3,False,326.0,0,0
2026-08-28,13,9,False,301.0,0,4
2026-08-23,16,24,True,263.0,1,6
2026-08-24,21,44,True,330.0,0,0
2026-08-13,12,47,True,411.0,0,3
2026-08-19,16,32,True,303.0,1,2
2026-08-05,12,17,False,345.0,1,2
2026-08-12,21,41,False,300.0,1,2
2026-08-01,21,24,True,231.0,1,5
2026-08-23,11,8,False,314.0,0,6
2026-08-05,9,6,False,349.0,0,2
2026-08-08,9,9,False,296.0,0,5
2026-08-13,20,15,True,382.0,0,3
2026-08-08,8,24,True,278.0,1,5
2026-08-25,17,50,True,267.0,1,1
2026-08-23,21,11,False,306.0,0,6
2026-08-11,10,31,True,352.0,1,1
2026-08-01,8,46,True,399.0,1,5
2026-08-13,20,45,True,358.0,1,3
2026-08-19,13,45,False,234.0,1,2
2026-08-24,21,13,True,347.0,0,0
2026-08-03,18,30,True,349.0,1,0
2026-08-24,20,25,True,258.0,1,0
2026-08-17,14,48,True,319.0,0,0
2026-08-05,16,12,False,267.0,0,2
2026-08-20,21,21,True,312.0,0,3
2026-08-21,14,24,True,340.0,0,4
2026-08-08,11,26,False,242.0,0,5
2026-08-26,21,50,True,355.0,0,2
2026-08-31,11,12,True,350.0,0,0
2026-08-14,15,37,False,323.0,0,4
2026-08-04,11,49,True,283.0,1,1
2026-08-11,8,21,True,284.0,0,1
2026-08-20,16,23,True,332.0,1,3
2026-08-15,10,1,True,321.0,1,5
2026-08-19,21,45,False,414.0,1,2
2026-08-07,8,10,False,323.0,1,4
2026-08-19,16,35,False,283.0,1,2
2026-08-28,18,38,True,318.0,0,4
2026-08-19,18,48,True,276.0,0,2
2026-08-11,21,28,False,321.0,0,1
2026-08-26,20,1,False,289.0,1,2
2026-08-05,17,8,True,319.0,0,2
2026-08-05,21,41,True,342.0,1,2
2026-08-30,17,23,True,331.0,0,6
2026-08-22,12,20,True,255.0,1,5
2026-08-08,19,32,True,361.0,1,5
2026-08-10,21,23,True,304.0,0,0
2026-08-06,16,7,False,275.0,0,3
2026-08-15,10,11,False,344.0,1,5
2026-08-16,13,8,True,393.0,0,6
2026-08-28,18,43,True,256.0,1,4
2026-08-17,19,14,False,289.0,0,0
2026-08-31,18,14,True,335.0,0,0
2026-08-08,19,36,False,228.0,1,5
2026-08-08,14,41,True,353.0,1,5
2026-08-25,12,40,False,289.0,1,1
2026-08-09,19,47,True,336.0,0,6
2026-08-02,15,27,True,283.0,1,6
2026-08-15,17,20,True,339.0,1,5
2026-08-18,13,38,True,356.0,1,1
2026-08-03,19,25,True,333.0,1,0
2026-08-17,13,48,False,261.0,1,0
2026-08-04,20,48,True,315.0,0,1
2026-08-30,14,29,True,329.0,1,6
2026-08-04,15,14,False,282.0,1,1
2026-08-14,19,28,False,324.0,1,4
2026-08-09,20,30,False,273.0,0,6
2026-08-09,9,15,False,249.0,1,6
2026-08-25,14,21,True,335.0,1,1
2026-08-26,16,12,False,261.0,0,2
2026-08-23,20,50,False,324.0,1,6
2026-08-30,8,11,False,305.0,0,6
2026-08-31,20,39,True,359.0,1,0
2026-08-18,19,6,True,287.0,0,1
2026-08-10,8,3,True,350.0,1,0
2026-08-21,14,41,False,253.0,1,4
2026-08-04,20,15,False,244.0,1,1
2026-08-12,21,34,False,264.0,0,2
2026-08-27,12,4,True,303.0,0,3
2026-08-08,8,34,False,354.0,1,5
2026-08-02,21,38,False,275.0,0,6
2026-08-22,20,44,True,282.0,0,5
2026-08-13,8,39,False,310.0,0,3
2026-08-21,9,41,True,339.0,0,4
2026-08-31,18,6,False,265.0,1,0
2026-08-16,17,22,False,276.0,1,6
2026-08-28,16,37,False,320.0,1,4
2026-08-02,19,32,False,315.0,1,6
2026-08-11,19,28,False,311.0,1,1
2026-08-10,10,26,True,285.0,0,0
2026-08-15,16,4,True,436.0,0,5
2026-08-17,13,10,False,324.0,0,0
2026-08-08,20,27,True,353.0,0,5
2026-08-18,17,20,True,275.0,0,1
2026-08-23,13,36,False,320.0,1,6
2026-08-09,14,5,False,260.0,1,6
2026-08-25,17,17,True,314.0,1,1
2026-08-08,18,50,True,257.0,1,5
2026-08-27,15,32,True,270.0,1,3
2026-08-14,18,35,True,342.0,1,4
2026-08-28,10,23,True,373.0,0,4
2026-08-26,15,13,False,307.0,0,2
2026-08-25,13,1,True,348.0,0,1
2026-08-18,13,31,True,319.0,0,1
2026-08-22,18,19,True,308.0,1,5
2026-08-20,21,23,False,310.0,0,3
2026-08-30,10,34,True,365.0,1,6
2026-08-20,13,4,True,322.0,1,3
2026-08-21,18,48,True,373.0,0,4
2026-08-12,20,48,False,284.0,1,2
2026-08-19,15,49,False,241.0,1,2
2026-08-14,20,44,True,332.0,1,4
2026-08-17,14,34,True,325.0,0,0
2026-08-24,17,30,True,319.0,0,0
2026-08-21,17,10,False,333.0,1,4
2026-08-03,14,6,False,313.0,0,0
2026-08-26,10,12,True,275.0,1,2
2026-08-30,17,12,True,383.0,1,6
2026-08-23,21,49,True,228.0,1,6
2026-08-07,10,18,True,419.0,0,4
2026-08-17,12,36,False,273.0,1,0
2026-08-12,19,35,True,320.0,1,2
2026-08-09,12,25,True,322.0,1,6
2026-08-15,16,49,True,336.0,1,5
2026-08-18,20,41,False,292.0,0,1
2026-08-21,16,22,False,275.0,1,4
2026-08-13,17,30,True,374.0,1,3
2026-08-30,12,44,True,347.0,1,6
2026-08-21,19,29,True,290.0,0,4
2026-08-30,21,7,True,368.0,0,6
2026-08-08,12,48,True,345.0,1,5
2026-08-14,13,40,False,260.0,1,4
2026-08-08,20,3,False,324.0,1,5
2026-08-14,20,21,False,286.0,1,4
2026-08-07,15,45,True,311.0,0,4
2026-08-23,13,20,False,272.0,0,6
2026-08-12,21,9,False,201.0,1,2
2026-08-11,18,41,True,303.0,1,1
2026-08-22,20,36,True,361.0,0,5
2026-08-22,20,14,True,332.0,0,5
2026-08-11,19,18,True,277.0,1,1
2026-08-25,21,33,True,377.0,0,1
2026-08-22,13,2,False,270.0,0,5
2026-08-28,16,37,True,272.0,0,4
2026-08-29,8,31,False,393.0,1,5
2026-08-13,21,22,True,296.0,0,3
2026-08-18,11,46,False,323.0,1,1
2026-08-02,17,9,True,291.0,0,6
2026-08-29,20,20,False,298.0,0,5
2026-08-21,17,20,True,286.0,0,4
2026-08-15,19,47,True,278.0,1,5
2026-08-20,9,1,False,319.0,1,3
2026-08-27,16,30,True,337.0,1,3
2026-08-18,10,19,False,338.0,0,1
2026-08-31,17,36,False,281.0,0,0
2026-08-15,18,14,True,413.0,0,5
2026-08-19,9,1,True,349.0,1,2
2026-08-23,15,5,False,303.0,0,6
2026-08-24,11,10,True,274.0,0,0
2026-08-12,18,9,False,260.0,1,2
2026-08-13,9,49,False,319.0,1,3
2026-08-22,11,14,True,325.0,0,5
2026-08-11,14,39,True,328.0,0,1
2026-08-05,21,18,False,265.0,0,2
2026-08-29,14,42,True,325.0,1,5
2026-08-01,8,25,True,349.0,1,5
2026-08-24,20,36,True,285.0,0,0
2026-08-03,19,31,False,314.0,0,0
2026-08-31,19,46,True,260.0,0,0
2026-08-22,8,35,True,352.0,0,5
2026-08-19,10,27,False,363.0,1,2
2026-08-23,9,22,True,365.0,0,6
2026-08-29,10,11,True,359.0,1,5
2026-08-30,11,10,False,252.0,1,6
2026-08-07,21,8,False,369.0,1,4
2026-08-12,14,41,False,336.0,0,2
2026-08-15,9,28,True,304.0,0,5
2026-08-25,14,23,False,262.0,1,1
2026-08-05,12,6,True,375.0,1,2
2026-08-15,15,14,True,392.0,0,5
2026-08-08,15,24,True,269.0,0,5
2026-08-10,12,9,True,284.0,0,0
2026-08-26,17,46,False,276.0,1,2
2026-08-16,15,40,True,233.0,1,6
2026-08-08,19,38,False,289.0,1,5
2026-08-01,21,25,False,345.0,1,5
2026-08-12,16,38,False,223.0,1,2
2026-08-05,14,30,True,326.0,1,2
2026-08-03,13,22,False,259.0,1,0
2026-08-01,14,2,True,386.0,1,5
2026-08-04,14,25,True,298.0,0,1
2026-08-08,10,24,False,353.0,1,5
2026-08-03,13,37,True,298.0,1,0
2026-08-10,13,3,True,353.0,0,0
2026-08-02,18,43,False,295.0,1,6
2026-08-11,16,26,True,315.0,1,1
2026-08-25,8,30,False,273.0,0,1
2026-08-10,20,29,True,345.0,0,0
2026-08-21,14,7,True,303.0,0,4
2026-08-14,8,9,True,317.0,0,4
2026-08-07,17,45,True,381.0,0,4
2026-08-27,20,30,True,354.0,1,3
2026-08-27,11,16,False,314.0,1,3
2026-08-02,20,44,False,277.0,0,6
2026-08-09,14,40,False,273.0,1,6
2026-08-16,13,14,True,312.0,0,6
2026-08-13,13,26,False,295.0,1,3
2026-08-09,12,46,False,310.0,1,6
2026-08-20,18,37,False,283.0,0,3
2026-08-04,14,10,True,289.0,1,1
2026-08-22,16,30,False,311.0,0,5
2026-08-10,21,22,False,299.0,0,0
2026-08-26,13,30,True,264.0,0,2
2026-08-26,17,32,False,197.0,1,2
2026-08-22,14,14,True,332.0,0,5
2026-08-12,16,23,False,247.0,0,2
2026-08-17,14,17,False,298.0,0,0
2026-08-14,13,36,False,251.0,1,4
2026-08-14,10,29,True,338.0,0,4
2026-08-25,21,24,True,323.0,0,1
2026-08-02,8,47,False,375.0,0,6
2026-08-21,17,11,True,360.0,1,4
2026-08-25,16,41,True,374.0,1,1
2026-08-20,14,15,False,281.0,1,3
2026-08-11,10,22,True,365.0,1,1
2026-08-16,17,27,True,326.0,0,6
2026-08-19,16,34,True,379.0,1,2
2026-08-31,10,33,True,330.0,0,0
2026-08-23,10,21,False,237.0,1,6
2026-08-06,20,24,False,213.0,1,3
2026-08-24,21,20,False,365.0,1,0
2026-08-19,14,49,False,300.0,1,2
2026-08-05,9,4,False,320.0,1,2
2026-08-26,17,37,False,342.0,1,2
2026-08-04,21,37,True,272.0,0,1
2026-08-15,14,46,False,266.0,1,5
2026-08-29,14,33,True,311.0,1,5
2026-08-04,8,31,False,334.0,0,1
2026-08-20,20,34,False,265.0,1,3
2026-08-10,17,22,True,274.0,1,0
2026-08-24,18,42,False,236.0,1,0
2026-08-22,9,30,True,384.0,1,5
2026-08-03,12,5,False,255.0,1,0
2026-08-26,21,41,True,316.0,1,2
2026-08-05,11,45,False,313.0,0,2
2026-08-06,21,23,True,310.0,0,3
2026-08-21,10,13,True,264.0,1,4
2026-08-22,17,9,True,259.0,0,5
2026-08-08,21,14,True,336.0,1,5
2026-08-07,18,17,True,344.0,1,4
2026-08-21,15,35,False,272.0,1,4
2026-08-10,14,18,True,338.0,1,0
2026-08-06,16,12,True,256.0,0,3
2026-08-14,10,41,True,271.0,1,4
2026-08-04,17,16,False,372.0,0,1
2026-08-28,8,30,False,354.0,0,4
2026-08-25,16,13,False,311.0,1,1
2026-08-13,16,18,False,254.0,0,3
2026-08-20,19,12,True,318.0,0,3
2026-08-17,19,34,True,328.0,1,0
2026-08-23,8,33,True,397.0,1,6
2026-08-07,21,6,False,314.0,1,4
2026-08-04,15,18,False,301.0,1,1
2026-08-29,21,3,True,331.0,0,5
2026-08-14,21,6,True,370.0,1,4
2026-08-03,17,36,True,334.0,0,0
2026-08-24,8,49,True,346.0,0,0
2026-08-05,13,50,False,252.0,1,2
2026-08-16,16,22,True,316.0,1,6
2026-08-26,10,7,False,249.0,1,2
2026-08-23,13,30,True,320.0,1,6
2026-08-20,10,2,False,296.0,1,3
2026-08-04,18,32,False,188.0,0,1
2026-08-24,21,15,False,289.0,1,0
2026-08-30,12,22,False,237.0,1,6
2026-08-24,18,49,False,304.0,1,0
2026-08-02,21,38,False,323.0,0,6
2026-08-30,14,8,False,263.0,0,6
2026-08-18,18,8,False,306.0,1,1
2026-08-19,17,39,False,306.0,1,2
2026-08-31,19,36,False,279.0,1,0
2026-08-28,11,20,False,349.0,1,4
2026-08-28,11,37,False,259.0,0,4
2026-08-19,14,8,True,379.0,0,2
2026-08-17,12,14,True,315.0,0,0
2026-08-31,8,20,True,311.0,1,0
2026-08-14,18,35,False,270.0,1,4
2026-08-19,17,25,False,238.0,0,2
2026-08-22,20,18,True,364.0,1,5
2026-08-24,19,47,False,224.0,0,0
2026-08-13,20,21,False,348.0,1,3
2026-08-12,9,37,True,301.0,1,2
2026-08-30,13,47,False,315.0,0,6
2026-08-26,20,31,False,293.0,1,2
2026-08-06,19,6,True,339.0,1,3
2026-08-21,16,42,False,257.0,1,4
2026-08-31,14,47,False,295.0,0,0
2026-08-04,11,20,True,333.0,1,1
2026-08-19,19,28,True,270.0,1,2
2026-08-16,19,41,False,249.0,1,6
2026-08-13,20,36,True,311.0,1,3
2026-08-04,9,40,True,308.0,0,1
2026-08-30,11,26,True,378.0,1,6
2026-08-23,21,13,False,298.0,0,6
2026-08-17,12,49,False,253.0,1,0
2026-08-23,9,4,False,278.0,0,6
2026-08-01,8,34,True,324.0,0,5
2026-08-18,11,37,False,276.0,0,1
2026-08-31,18,34,True,281.0,1,0
2026-08-20,20,16,True,300.0,1,3
2026-08-17,13,23,True,353.0,0,0
2026-08-27,8,23,True,352.0,1,3
2026-08-28,8,15,False,298.0,1,4
2026-08-27,16,25,False,281.0,0,3
2026-08-15,12,29,True,323.0,1,5
2026-08-11,9,36,False,290.0,0,1
2026-08-25,18,15,False,305.0,1,1
2026-08-28,21,37,False,316.0,0,4
2026-08-22,9,35,True,275.0,0,5
2026-08-13,11,46,False,283.0,1,3
2026-08-01,18,39,True,264.0,0,5
2026-08-17,9,47,False,323.0,1,0
2026-08-06,11,37,True,359.0,0,3
2026-08-04,18,41,False,260.0,1,1
2026-08-20,20,28,True,328.0,1,3
2026-08-16,13,45,True,238.0,0,6
2026-08-15,14,30,False,319.0,1,5
2026-08-27,13,7,False,310.0,0,3
2026-08-15,11,4,False,334.0,1,5
2026-08-06,17,7,False,341.0,0,3
2026-08-15,10,33,True,284.0,0,5
2026-08-14,11,47,False,324.0,1,4
2026-08-28,19,47,True,387.0,0,4
2026-08-11,12,18,True,265.0,1,1
2026-08-07,11,15,False,281.0,1,4
2026-08-09,10,35,False,278.0,1,6
2026-08-26,8,37,False,339.0,1,2
2026-08-16,10,5,False,197.0,1,6
2026-08-05,18,48,False,357.0,1,2
2026-08-25,12,23,True,320.0,1,1
2026-08-20,20,10,True,369.0,1,3
2026-08-29,21,25,False,296.0,1,5
2026-08-10,13,22,True,342.0,0,0
2026-08-18,19,31,True,235.0,0,1
2026-08-03,21,23,True,323.0,1,0
2026-08-13,20,28,False,326.0,0,3
2026-08-11,11,45,True,340.0,0,1
2026-08-17,8,15,False,239.0,1,0
2026-08-30,17,40,False,284.0,1,6
2026-08-30,20,7,True,300.0,1,6
2026-08-22,14,46,False,244.0,0,5
2026-08-13,20,38,False,232.0,0,3
2026-08-06,16,40,False,305.0,1,3
2026-08-17,20,15,False,337.0,1,0
2026-08-27,13,49,True,407.0,0,3
2026-08-13,21,5,False,239.0,1,3
2026-08-19,13,12,True,353.0,0,2
2026-08-21,16,13,False,314.0,1,4
2026-08-19,11,3,False,265.0,1,2
2026-08-10,12,19,False,248.0,1,0
2026-08-03,12,26,True,281.0,1,0
2026-08-14,21,30,True,317.0,1,4
2026-08-26,19,28,True,336.0,0,2
2026-08-19,12,15,True,379.0,1,2
2026-08-05,15,18,True,364.0,0,2
2026-08-29,18,7,False,220.0,1,5
2026-08-05,8,14,True,313.0,1,2
2026-08-20,17,24,False,334.0,1,3
2026-08-17,18,24,True,295.0,1,0
2026-08-21,17,11,False,280.0,0,4
2026-08-10,18,39,False,216.0,1,0
2026-08-05,10,43,False,339.0,1,2
2026-08-04,15,40,False,203.0,1,1
2026-08-06,18,10,True,259.0,1,3
2026-08-26,16,43,False,323.0,0,2
2026-08-04,9,33,True,415.0,1,1
2026-08-30,19,20,True,316.0,0,6
2026-08-07,11,42,False,286.0,1,4
2026-08-07,21,39,True,374.0,1,4
2026-08-18,15,22,False,292.0,1,1
2026-08-03,12,35,True,310.0,0,0
2026-08-01,8,28,True,325.0,0,5
2026-08-24,13,36,True,259.0,1,0
2026-08-25,21,30,True,347.0,1,1
2026-08-04,16,6,True,317.0,1,1
2026-08-06,16,1,True,303.0,1,3
2026-08-09,18,4,True,284.0,1,6
2026-08-22,8,25,False,268.0,1,5
2026-08-14,11,39,True,353.0,1,4
2026-08-28,8,11,False,340.0,1,4
2026-08-12,14,38,True,307.0,1,2
2026-08-28,10,37,False,275.0,0,4
2026-08-25,9,12,True,304.0,0,1
2026-08-31,21,29,True,375.0,0,0
2026-08-20,15,34,False,281.0,1,3
2026-08-24,16,18,True,335.0,0,0
2026-08-25,14,9,False,295.0,1,1
2026-08-04,13,46,True,310.0,1,1
2026-08-21,17,12,False,235.0,1,4
2026-08-30,20,9,True,293.0,1,6
2026-08-24,18,1,True,370.0,0,0
2026-08-12,13,7,False,253.0,1,2
2026-08-10,16,39,True,304.0,0,0
2026-08-30,12,42,False,239.0,1,6
2026-08-22,12,34,True,276.0,1,5
2026-08-28,9,32,False,267.0,1,4
2026-08-07,13,28,True,390.0,0,4
2026-08-03,21,26,False,324.0,1,0
2026-08-23,19,36,False,267.0,0,6
2026-08-28,19,40,True,371.0,1,4
2026-08-14,19,14,True,322.0,0,4
2026-08-24,13,45,True,376.0,1,0
2026-08-10,13,31,False,370.0,1,0
2026-08-16,11,16,True,369.0,1,6
2026-08-16,18,39,True,328.0,1,6
2026-08-22,14,42,True,348.0,1,5
2026-08-31,16,11,True,321.0,1,0
2026-08-10,8,11,False,231.0,1,0
2026-08-25,10,38,False,266.0,1,1
2026-08-13,17,12,False,244.0,1,3
2026-08-06,16,42,False,253.0,1,3
2026-08-12,21,9,False,370.0,1,2
2026-08-09,12,22,True,369.0,0,6
2026-08-13,13,38,True,340.0,0,3
2026-08-04,15,9,False,312.0,1,1
2026-08-24,16,3,False,205.0,0,0
2026-08-11,15,39,False,309.0,1,1
2026-08-20,10,35,True,370.0,1,3
2026-08-18,17,30,True,232.0,1,1
2026-08-26,8,26,True,375.0,0,2
2026-08-11,18,8,False,228.0,1,1
2026-08-25,20,32,False,214.0,0,1
2026-08-21,19,22,False,341.0,0,4
2026-08-04,20,8,True,292.0,1,1
2026-08-18,12,45,False,256.0,1,1
2026-08-01,14,2,True,360.0,1,5
2026-08-27,9,14,True,326.0,1,3
2026-08-07,8,5,False,297.0,1,4
2026-08-06,11,13,True,320.0,1,3
2026-08-31,10,23,True,346.0,1,0
2026-08-15,11,13,False,279.0,1,5
2026-08-18,8,19,False,309.0,1,1
2026-08-24,9,24,True,318.0,1,0
2026-08-11,8,35,False,319.0,1,1
2026-08-20,10,14,True,345.0,1,3
2026-08-24,11,4,False,364.0,0,0
2026-08-15,20,26,False,277.0,0,5
2026-08-16,8,10,False,297.0,1,6
2026-08-07,13,38,False,292.0,1,4
2026-08-21,9,38,True,377.0,0,4
2026-08-10,17,34,True,278.0,1,0
2026-08-26,19,34,True,332.0,0,2
2026-08-12,20,19,True,232.0,1,2
2026-08-24,18,3,False,274.0,0,0
2026-08-14,12,36,True,367.0,0,4
2026-08-25,15,4,True,291.0,0,1
2026-08-05,19,26,True,335.0,1,2
2026-08-26,20,11,False,271.0,0,2
2026-08-21,11,3,True,294.0,0,4
2026-08-18,12,49,False,323.0,0,1
2026-08-05,16,9,True,279.0,1,2
2026-08-03,9,46,True,350.0,0,0
2026-08-23,19,2,True,340.0,1,6
2026-08-26,19,14,False,254.0,1,2
2026-08-05,9,3,False,304.0,1,2
2026-08-24,13,2,False,245.0,1,0
2026-08-17,13,22,True,343.0,0,0
2026-08-19,10,29,True,280.0,1,2
2026-08-19,19,33,False,274.0,1,2
2026-08-25,16,36,True,310.0,0,1
2026-08-21,20,10,False,337.0,0,4
2026-08-12,8,47,False,310.0,1,2
2026-08-25,19,44,True,366.0,0,1
2026-08-29,10,38,False,315.0,1,5
2026-08-09,15,21,True,342.0,1,6
2026-08-01,15,31,True,307.0,1,5
2026-08-18,11,35,True,369.0,1,1
2026-08-21,15,3,False,266.0,1,4
2026-08-04,18,19,True,255.0,0,1
2026-08-31,17,22,False,273.0,1,0
2026-08-10,20,20,False,311.0,1,0
2026-08-25,15,36,False,216.0,1,1
2026-08-07,8,19,False,269.0,1,4
2026-08-22,10,46,True,283.0,1,5
2026-08-23,8,4,True,376.0,1,6
2026-08-01,9,32,True,405.0,1,5
2026-08-17,11,8,False,280.0,1,0
2026-08-24,10,26,False,314.0,1,0
2026-08-29,20,1,False,313.0,1,5
2026-08-29,18,26,False,347.0,0,5
2026-08-02,13,47,False,256.0,1,6
2026-08-28,19,43,True,319.0,1,4
2026-08-26,19,9,False,274.0,1,2
2026-08-11,12,35,False,288.0,0,1
2026-08-09,12,18,True,425.0,0,6
2026-08-07,17,19,False,283.0,1,4
2026-08-22,14,48,True,286.0,0,5
2026-08-17,14,16,False,234.0,1,0
2026-08-17,16,28,False,331.0,0,0
2026-08-02,15,3,False,246.0,1,6
2026-08-06,10,18,True,359.0,1,3
2026-08-14,9,13,False,271.0,1,4
2026-08-06,8,27,False,254.0,1,3
2026-08-02,17,40,True,346.0,0,6
2026-08-01,13,39,False,257.0,1,5
2026-08-10,20,24,False,310.0,1,0
2026-08-21,20,29,False,312.0,1,4
2026-08-05,11,22,True,350.0,1,2
2026-08-02,10,26,True,322.0,0,6
2026-08-22,18,20,False,312.0,0,5
2026-08-16,18,24,True,288.0,0,6
2026-08-25,9,12,True,240.0,0,1
2026-08-02,9,18,False,326.0,1,6
2026-08-10,18,47,False,291.0,1,0
2026-08-02,11,12,False,264.0,1,6
2026-08-16,8,38,True,286.0,1,6
2026-08-16,13,32,True,241.0,1,6
2026-08-19,17,49,True,324.0,0,2
2026-08-29,18,23,True,390.0,1,5
2026-08-07,12,4,False,279.0,0,4
2026-08-22,17,12,False,268.0,1,5
2026-08-12,16,17,True,320.0,0,2
2026-08-24,9,21,True,425.0,1,0
2026-08-15,16,37,True,351.0,1,5
2026-08-08,16,29,True,283.0,0,5
2026-08-06,17,6,True,323.0,1,3
2026-08-28,16,47,False,294.0,1,4
2026-08-27,17,28,False,240.0,1,3
2026-08-10,17,8,False,312.0,1,0
2026-08-03,11,31,True,295.0,1,0
2026-08-19,12,20,False,224.0,1,2
2026-08-31,15,16,False,283.0,1,0
2026-08-17,21,13,False,295.0,1,0
2026-08-07,15,15,True,320.0,1,4
2026-08-21,8,13,False,274.0,0,4
2026-08-20,17,47,False,257.0,0,3
2026-08-26,8,2,False,350.0,1,2
2026-08-31,17,20,True,340.0,1,0
2026-08-04,13,28,True,284.0,1,1
2026-08-14,14,18,True,242.0,0,4
2026-08-20,9,7,True,301.0,0,3
2026-08-22,9,21,False,304.0,0,5
2026-08-15,12,41,True,299.0,1,5
2026-08-24,16,39,True,292.0,1,0
2026-08-08,12,9,True,301.0,1,5
2026-08-21,15,44,True,317.0,1,4
2026-08-15,15,10,True,351.0,1,5
2026-08-22,12,31,False,284.0,1,5
2026-08-20,15,42,False,282.0,0,3
2026-08-28,15,13,True,311.0,0,4
2026-08-14,12,5,True,305.0,0,4
2026-08-27,12,40,True,360.0,1,3
2026-08-29,11,42,True,358.0,0,5
2026-08-09,8,38,False,386.0,0,6
2026-08-08,16,43,False,305.0,0,5
2026-08-26,9,36,False,278.0,0,2
2026-08-28,8,2,False,268.0,0,4
2026-08-26,13,6,True,360.0,0,2
2026-08-17,12,13,False,252.0,1,0
2026-08-31,18,29,False,317.0,0,0
2026-08-02,8,44,False,274.0,1,6
2026-08-25,14,14,True,334.0,0,1
2026-08-24,14,30,False,238.0,1,0
2026-08-30,10,25,False,324.0,1,6
2026-08-03,15,40,False,231.0,1,0
2026-08-08,13,35,True,333.0,0,5
2026-08-12,11,37,False,280.0,1,2
2026-08-01,17,7,False,286.0,1,5
2026-08-10,17,50,False,266.0,1,0
2026-08-20,17,38,False,265.0,1,3
2026-08-03,19,18,False,294.0,1,0
2026-08-06,20,8,True,292.0,1,3
2026-08-07,10,7,False,252.0,0,4
2026-08-20,8,34,True,330.0,1,3
2026-08-23,20,36,False,277.0,1,6
2026-08-25,9,41,True,298.0,0,1
2026-08-27,9,48,False,335.0,0,3
2026-08-18,20,10,False,279.0,0,1
2026-08-11,18,40,False,275.0,1,1
2026-08-19,12,29,False,231.0,0,2
2026-08-05,11,16,False,371.0,1,2
2026-08-19,9,25,False,395.0,0,2
2026-08-11,18,29,True,293.0,0,1
2026-08-24,16,8,True,370.0,1,0
2026-08-12,14,20,True,317.0,1,2
2026-08-10,15,36,True,384.0,1,0
2026-08-08,15,27,False,293.0,0,5
2026-08-24,9,13,False,302.0,1,0
2026-08-28,12,26,False,185.0,1,4
2026-08-28,10,42,True,297.0,1,4
2026-08-09,17,25,True,323.0,1,6
2026-08-04,16,28,False,288.0,0,1
2026-08-05,16,9,False,232.0,0,2
2026-08-21,13,26,True,293.0,0,4
2026-08-08,20,12,False,315.0,1,5
2026-08-23,11,26,False,233.0,1,6
2026-08-09,15,47,True,325.0,1,6
2026-08-15,12,22,False,334.0,1,5
2026-08-15,10,1,True,348.0,1,5
2026-08-16,20,12,False,306.0,0,6
2026-08-14,18,24,True,244.0,1,4
2026-08-08,21,30,True,305.0,1,5
2026-08-18,15,14,False,362.0,1,1
2026-08-10,21,23,True,314.0,1,0
2026-08-28,21,2,False,349.0,0,4
2026-08-20,19,3,True,304.0,1,3
2026-08-06,13,6,True,311.0,1,3
2026-08-12,12,19,True,345.0,1,2
2026-08-02,8,21,True,349.0,0,6
2026-08-07,10,45,False,308.0,0,4
2026-08-16,14,20,True,288.0,0,6
2026-08-03,10,21,False,247.0,1,0
2026-08-13,8,40,False,269.0,1,3
2026-08-03,15,4,False,259.0,1,0
2026-08-27,14,25,True,311.0,0,3
2026-08-18,12,7,False,326.0,0,1
2026-08-11,19,7,True,331.0,0,1
2026-08-08,17,33,True,341.0,1,5
2026-08-06,12,26,True,330.0,0,3
2026-08-01,13,17,True,277.0,1,5
2026-08-28,14,8,True,321.0,0,4
2026-08-01,20,26,False,298.0,1,5
2026-08-23,10,15,True,363.0,1,6
2026-08-08,18,20,True,282.0,1,5
2026-08-05,19,19,False,206.0,1,2
2026-08-28,21,7,True,345.0,1,4
2026-08-16,19,45,True,342.0,0,6
2026-08-11,11,1,True,321.0,1,1
2026-08-05,8,39,False,306.0,1,2
2026-08-04,14,37,True,356.0,1,1
2026-08-30,17,18,True,304.0,1,6
2026-08-06,9,8,False,287.0,0,3
2026-08-14,14,15,False,284.0,1,4
2026-08-22,13,50,False,233.0,1,5
2026-08-19,11,6,False,282.0,0,2
2026-08-09,18,37,True,322.0,0,6
2026-08-12,9,22,True,403.0,1,2
2026-08-11,14,11,True,309.0,0,1
2026-08-14,14,26,True,329.0,0,4
2026-08-23,12,8,True,361.0,0,6
2026-08-16,16,9,True,287.0,1,6
2026-08-01,10,13,False,348.0,0,5
2026-08-31,16,3,False,351.0,1,0
2026-08-13,12,3,True,323.0,1,3
2026-08-23,9,7,False,276.0,1,6
2026-08-21,16,3,True,386.0,1,4
2026-08-21,21,11,True,370.0,0,4
2026-08-30,8,46,False,308.0,1,6
2026-08-13,8,28,True,402.0,1,3
2026-08-02,20,42,True,385.0,1,6
2026-08-04,14,31,True,307.0,1,1
2026-08-28,10,9,False,302.0,0,4
2026-08-06,15,27,False,303.0,1,3
2026-08-26,14,12,True,322.0,0,2
2026-08-31,18,8,False,229.0,0,0
2026-08-27,20,44,False,255.0,0,3
2026-08-23,14,41,False,226.0,1,6
2026-08-27,8,22,False,324.0,1,3
2026-08-05,8,18,True,297.0,0,2
2026-08-25,19,30,True,336.0,0,1
2026-08-03,21,49,False,371.0,0,0
2026-08-01,9,11,False,355.0,0,5
2026-08-04,9,2,False,225.0,0,1
2026-08-25,18,29,False,233.0,0,1
2026-08-20,12,26,False,253.0,0,3
2026-08-02,16,14,False,234.0,1,6
2026-08-26,14,28,False,214.0,1,2
2026-08-30,21,35,False,298.0,1,6
2026-08-30,9,6,False,326.0,1,6
2026-08-05,12,36,True,363.0,0,2
2026-08-03,12,12,True,306.0,0,0
2026-08-29,15,34,True,309.0,0,5
2026-08-28,16,6,False,295.0,0,4
2026-08-29,15,37,False,276.0,1,5
2026-08-09,21,37,False,330.0,0,6
2026-08-20,20,8,True,350.0,0,3
2026-08-06,9,37,True,323.0,1,3
2026-08-18,11,40,False,214.0,1,1
2026-08-06,9,33,True,398.0,0,3
2026-08-19,13,41,True,295.0,1,2
2026-08-28,11,46,True,342.0,0,4
2026-08-12,14,31,True,244.0,1,2
2026-08-25,20,34,False,292.0,1,1
2026-08-11,9,11,True,342.0,1,1
2026-08-02,16,36,False,286.0,1,6
2026-08-15,21,4,True,459.0,0,5
2026-08-12,12,17,False,259.0,1,2
2026-08-12,8,16,True,377.0,0,2
2026-08-09,19,30,False,309.0,0,6
2026-08-21,18,39,False,257.0,0,4
2026-08-24,10,44,True,365.0,1,0
2026-08-02,11,49,False,281.0,0,6
2026-08-22,10,5,False,328.0,1,5
2026-08-03,13,40,True,400.0,1,0
2026-08-12,20,37,True,339.0,1,2
2026-08-28,20,43,False,281.0,0,4
2026-08-30,13,26,False,324.0,1,6
2026-08-26,17,28,True,378.0,0,2
2026-08-16,20,19,True,297.0,1,6
2026-08-21,18,21,False,266.0,1,4
2026-08-28,14,28,False,308.0,1,4
2026-08-24,21,19,False,293.0,0,0
2026-08-26,16,36,True,282.0,0,2
2026-08-30,17,11,False,304.0,0,6
2026-08-01,16,19,True,347.0,0,5
2026-08-21,14,5,True,307.0,0,4
2026-08-03,18,2,False,287.0,1,0
2026-08-20,8,25,False,281.0,1,3
2026-08-02,10,26,True,289.0,1,6
2026-08-09,12,30,True,305.0,1,6
2026-08-19,17,17,False,285.0,0,2
2026-08-15,19,21,False,229.0,1,5
2026-08-18,18,20,False,268.0,0,1
2026-08-26,13,18,False,286.0,0,2
2026-08-11,13,47,True,370.0,1,1
2026-08-25,12,16,False,272.0,0,1
2026-08-23,13,28,False,232.0,1,6
2026-08-16,16,12,False,272.0,1,6
2026-08-22,20,40,False,270.0,0,5
2026-08-17,21,6,False,320.0,0,0
2026-08-05,8,24,True,331.0,1,2
2026-08-12,8,50,True,236.0,1,2
2026-08-11,16,43,False,428.0,1,1
2026-08-30,21,6,True,344.0,1,6
2026-08-15,15,17,True,324.0,0,5
2026-08-27,16,42,False,219.0,0,3
2026-08-03,14,19,False,222.0,0,0
2026-08-01,17,47,True,318.0,0,5
2026-08-20,13,48,False,295.0,1,3
2026-08-29,16,28,False,309.0,1,5
2026-08-16,9,29,False,307.0,1,6
2026-08-02,11,49,False,241.0,0,6
2026-08-02,9,7,True,238.0,0,6
2026-08-03,21,19,True,334.0,0,0
2026-08-08,13,8,True,301.0,1,5
2026-08-24,8,8,False,254.0,1,0
2026-08-28,14,5,False,314.0,0,4
2026-08-15,14,43,False,217.0,1,5
2026-08-07,14,34,False,305.0,0,4
2026-08-06,21,50,False,242.0,1,3
2026-08-09,11,21,False,293.0,1,6
2026-08-20,15,4,True,357.0,0,3
2026-08-28,12,44,True,311.0,1,4
2026-08-01,9,36,False,366.0,0,5
2026-08-08,12,5,True,401.0,0,5
2026-08-23,19,49,True,337.0,1,6
2026-08-23,17,23,False,304.0,0,6
2026-08-31,16,19,True,363.0,0,0
2026-08-03,17,42,False,304.0,1,0
2026-08-04,8,46,True,362.0,0,1
2026-08-26,18,15,True,304.0,0,2
2026-08-25,9,14,True,271.0,1,1
2026-08-15,17,48,False,226.0,0,5
2026-08-06,15,8,True,415.0,1,3
2026-08-15,20,9,False,305.0,0,5
2026-08-31,12,40,False,275.0,0,0
2026-08-21,19,11,False,339.0,1,4
2026-08-03,16,44,True,291.0,1,0
2026-08-25,13,46,True,345.0,1,1
2026-08-21,20,18,False,296.0,1,4
2026-08-21,15,32,False,298.0,0,4
2026-08-14,19,44,False,275.0,0,4
2026-08-20,8,36,True,306.0,1,3
2026-08-14,16,45,False,248.0,1,4
2026-08-04,16,21,True,289.0,0,1
2026-08-12,10,27,True,332.0,1,2
2026-08-17,8,48,True,282.0,0,0
2026-08-07,15,42,True,270.0,0,4
2026-08-09,15,21,True,325.0,1,6
2026-08-03,19,11,True,323.0,1,0
2026-08-28,16,44,False,288.0,0,4
2026-08-13,21,50,True,336.0,1,3
2026-08-15,13,34,False,383.0,1,5
2026-08-18,16,5,True,326.0,0,1
2026-08-19,19,28,True,313.0,0,2
2026-08-01,17,10,True,326.0,1,5
2026-08-06,16,48,True,361.0,1,3
2026-08-27,19,12,False,286.0,1,3
2026-08-27,20,41,True,360.0,1,3
2026-08-23,11,3,False,304.0,1,6
2026-08-27,18,1,True,313.0,0,3
2026-08-27,12,37,False,289.0,1,3
2026-08-02,13,40,False,346.0,1,6
2026-08-24,13,49,True,332.0,1,0
2026-08-14,17,1,True,283.0,1,4
2026-08-06,9,13,True,325.0,1,3
2026-08-14,11,38,False,203.0,1,4
2026-08-04,19,15,True,333.0,0,1
2026-08-21,16,7,False,333.0,1,4
2026-08-08,14,30,False,227.0,1,5
2026-08-30,16,24,False,286.0,0,6
2026-08-03,13,8,False,321.0,1,0
2026-08-19,18,3,False,328.0,0,2
2026-08-30,14,15,True,372.0,1,6
2026-08-31,16,36,False,206.0,1,0
2026-08-14,21,41,False,318.0,1,4
2026-08-27,19,43,True,268.0,1,3
2026-08-20,11,14,False,248.0,1,3
2026-08-17,16,27,True,353.0,1,0
2026-08-25,10,30,False,299.0,0,1
2026-08-08,21,41,False,327.0,0,5
2026-08-24,19,44,True,291.0,1,0
2026-08-14,21,37,False,357.0,1,4
2026-08-26,18,6,True,352.0,1,2
2026-08-06,19,19,True,364.0,1,3
2026-08-23,21,37,True,295.0,0,6
2026-08-22,15,1,False,327.0,1,5
2026-08-16,10,25,True,320.0,1,6
2026-08-25,10,10,True,308.0,0,1
2026-08-19,10,46,False,318.0,0,2
2026-08-14,16,26,True,344.0,1,4
2026-08-19,17,23,True,288.0,1,2
2026-08-03,21,17,True,420.0,1,0
2026-08-10,10,30,True,405.0,1,0
2026-08-19,13,27,True,346.0,1,2
2026-08-09,18,11,True,342.0,1,6
2026-08-28,21,4,False,311.0,0,4
2026-08-20,11,18,False,226.0,1,3
2026-08-13,21,19,True,343.0,1,3
2026-08-07,9,36,True,342.0,1,4
2026-08-14,19,44,True,305.0,1,4
2026-08-31,19,46,False,276.0,1,0
2026-08-09,10,50,True,237.0,1,6
2026-08-27,12,26,True,281.0,1,3
2026-08-28,17,1,False,319.0,1,4
2026-08-23,11,20,True,397.0,1,6
2026-08-25,12,11,True,287.0,1,1
2026-08-28,20,25,False,300.0,1,4
2026-08-19,19,19,False,332.0,1,2
2026-08-15,18,32,True,304.0,1,5
2026-08-20,8,1,False,332.0,1,3
2026-08-14,11,1,True,327.0,0,4
2026-08-24,18,3,False,332.0,0,0
2026-08-06,17,46,True,271.0,1,3
2026-08-21,10,40,False,248.0,0,4
2026-08-29,20,32,False,304.0,1,5
2026-08-04,9,47,False,302.0,0,1
2026-08-08,14,36,False,278.0,1,5
2026-08-17,17,43,False,305.0,1,0
2026-08-30,16,8,True,283.0,1,6
2026-08-09,8,30,True,290.0,1,6
2026-08-01,19,39,False,268.0,0,5
2026-08-24,14,34,False,265.0,1,0
2026-08-20,18,8,True,313.0,1,3
2026-08-25,19,25,False,339.0,1,1
2026-08-14,8,26,False,335.0,1,4
2026-08-11,12,27,False,306.0,1,1
2026-08-21,8,19,False,313.0,1,4
2026-08-03,10,23,True,315.0,1,0
2026-08-09,15,41,True,286.0,0,6
2026-08-27,20,16,True,285.0,1,3
2026-08-14,11,8,True,300.0,1,4
2026-08-30,19,30,False,286.0,0,6
2026-08-09,8,8,False,258.0,0,6
2026-08-04,8,11,False,311.0,1,1
2026-08-27,15,7,False,272.0,1,3
2026-08-04,21,21,True,322.0,0,1
2026-08-28,15,34,True,366.0,1,4
2026-08-08,11,21,True,230.0,1,5
2026-08-02,11,5,True,313.0,1,6
2026-08-09,17,50,False,188.0,0,6
2026-08-29,18,43,True,334.0,0,5
2026-08-14,9,17,True,368.0,0,4
2026-08-22,9,21,True,284.0,1,5
2026-08-09,19,6,False,239.0,1,6
2026-08-24,13,45,True,254.0,1,0
2026-08-31,15,7,True,323.0,0,0
2026-08-31,14,11,True,307.0,0,0
2026-08-23,14,18,False,269.0,1,6
2026-08-16,10,38,True,318.0,0,6
2026-08-29,19,12,False,249.0,1,5
2026-08-30,9,22,False,343.0,1,6
2026-08-17,17,3,False,293.0,1,0
2026-08-16,14,19,False,233.0,1,6
2026-08-30,11,43,True,300.0,1,6
2026-08-12,8,23,True,310.0,1,2
2026-08-03,8,34,True,401.0,0,0
2026-08-11,11,3,False,316.0,0,1
2026-08-14,12,23,True,319.0,0,4
2026-08-18,12,49,True,393.0,0,1
2026-08-21,8,5,False,363.0,1,4
2026-08-31,10,29,False,283.0,1,0
2026-08-21,13,34,True,306.0,0,4
2026-08-05,17,44,False,268.0,1,2
2026-08-16,14,5,False,242.0,1,6
2026-08-20,18,29,True,394.0,0,3
2026-08-05,8,45,True,304.0,0,2
2026-08-03,15,24,False,315.0,1,0
2026-08-12,11,39,False,316.0,1,2
2026-08-01,20,21,True,320.0,0,5
2026-08-21,16,32,True,393.0,0,4
2026-08-29,18,43,False,222.0,0,5
2026-08-09,18,5,False,281.0,1,6
2026-08-29,13,18,False,262.0,1,5
2026-08-09,8,38,True,383.0,0,6
2026-08-04,9,35,True,352.0,0,1
2026-08-03,10,38,False,223.0,1,0
2026-08-17,9,16,True,388.0,1,0
2026-08-02,17,35,False,301.0,0,6
2026-08-24,14,50,False,239.0,1,0
2026-08-01,19,24,True,314.0,0,5
2026-08-08,8,36,False,253.0,1,5
2026-08-13,16,5,True,314.0,1,3
2026-08-23,9,9,False,304.0,0,6
2026-08-15,11,4,True,315.0,1,5
2026-08-08,15,33,True,302.0,1,5
2026-08-12,18,27,False,220.0,1,2
2026-08-22,10,22,False,306.0,0,5
2026-08-12,16,11,True,244.0,1,2
2026-08-14,14,5,False,282.0,1,4
2026-08-15,17,10,True,250.0,0,5
2026-08-15,19,3,True,330.0,1,5
2026-08-09,19,15,True,328.0,1,6
2026-08-19,10,46,True,349.0,1,2
2026-08-26,10,37,True,367.0,0,2
2026-08-20,12,40,True,366.0,1,3
2026-08-29,12,17,True,260.0,0,5
2026-08-22,17,20,True,320.0,1,5
2026-08-08,12,4,True,405.0,0,5
2026-08-21,19,34,False,293.0,0,4
2026-08-19,20,34,True,299.0,1,2
2026-08-06,16,31,False,277.0,1,3
2026-08-20,16,34,False,265.0,0,3
2026-08-25,13,3,False,235.0,1,1
2026-08-29,18,28,False,319.0,0,5
2026-08-19,18,41,False,308.0,1,2
2026-08-04,14,37,True,267.0,0,1
2026-08-23,17,29,False,278.0,1,6
2026-08-07,15,15,False,257.0,0,4
2026-08-28,16,36,False,216.0,1,4
2026-08-28,13,35,False,225.0,1,4
2026-08-04,15,41,True,269.0,1,1
2026-08-22,9,10,False,296.0,1,5
2026-08-12,17,17,False,264.0,1,2
2026-08-13,15,30,True,282.0,1,3
2026-08-03,20,8,True,317.0,0,0
2026-08-22,18,23,False,314.0,1,5
2026-08-12,9,19,False,312.0,0,2
2026-08-02,15,37,True,360.0,1,6
2026-08-24,9,43,False,289.0,1,0
2026-08-02,10,36,True,397.0,1,6
2026-08-27,14,4,True,334.0,0,3
2026-08-23,18,26,True,305.0,0,6
2026-08-09,16,47,True,324.0,1,6
2026-08-01,10,40,True,283.0,0,5
2026-08-08,12,27,True,312.0,1,5
2026-08-23,16,13,False,298.0,1,6
2026-08-06,14,44,False,305.0,1,3
2026-08-06,21,34,True,322.0,1,3
2026-08-22,9,33,True,447.0,1,5
2026-08-25,12,46,True,318.0,0,1
2026-08-18,12,26,False,217.0,1,1
2026-08-17,16,20,True,369.0,0,0
2026-08-29,9,8,True,362.0,1,5
2026-08-12,8,16,False,314.0,1,2
2026-08-06,11,5,False,269.0,0,3
2026-08-26,11,34,True,344.0,0,2
2026-08-27,8,47,True,409.0,0,3
2026-08-08,17,27,True,330.0,1,5
2026-08-19,14,36,False,222.0,0,2
2026-08-28,9,4,False,160.0,0,4
2026-08-10,18,42,True,340.0,1,0
2026-08-01,20,50,False,253.0,1,5
2026-08-25,16,7,True,317.0,1,1
2026-08-29,14,37,True,288.0,1,5
2026-08-13,20,36,True,297.0,1,3
2026-08-17,20,24,True,302.0,0,0
2026-08-03,19,15,True,301.0,1,0
2026-08-08,19,50,True,359.0,0,5
2026-08-14,21,49,True,361.0,0,4
2026-08-03,14,6,True,272.0,1,0
2026-08-16,8,26,False,262.0,1,6
2026-08-13,21,26,True,353.0,1,3
2026-08-20,16,25,True,363.0,0,3
2026-08-24,17,33,False,323.0,0,0
2026-08-17,16,3,False,240.0,1,0
2026-08-13,9,9,False,338.0,0,3
2026-08-29,17,37,True,251.0,1,5
2026-08-06,16,38,True,312.0,0,3
2026-08-17,9,30,False,317.0,1,0
2026-08-14,20,27,False,209.0,1,4
2026-08-17,9,13,True,422.0,1,0
2026-08-30,20,23,False,346.0,1,6
2026-08-08,20,3,True,358.0,1,5
2026-08-11,20,23,False,254.0,0,1
2026-08-20,15,35,False,277.0,1,3
2026-08-28,10,24,False,324.0,1,4
2026-08-01,21,37,False,253.0,1,5
2026-08-26,10,12,False,285.0,0,2
2026-08-07,14,20,True,357.0,0,4
2026-08-21,17,18,True,262.0,0,4
2026-08-21,13,7,True,335.0,1,4
2026-08-17,14,26,True,250.0,1,0
2026-08-30,13,12,False,244.0,0,6
2026-08-10,21,34,True,318.0,1,0
2026-08-11,16,48,True,341.0,1,1
2026-08-22,9,32,False,270.0,1,5
2026-08-30,15,30,False,285.0,0,6
2026-08-09,18,2,True,297.0,0,6
2026-08-09,13,8,True,301.0,0,6
2026-08-24,21,33,True,388.0,1,0
2026-08-05,11,46,False,242.0,1,2
2026-08-17,13,42,True,352.0,0,0
2026-08-09,13,30,False,282.0,1,6
2026-08-17,19,45,True,305.0,1,0
2026-08-24,17,42,True,273.0,0,0
2026-08-21,10,45,False,247.0,1,4
2026-08-19,15,28,True,290.0,1,2
2026-08-27,12,13,True,318.0,1,3
2026-08-07,18,24,True,349.0,1,4
2026-08-23,17,33,True,310.0,1,6
2026-08-09,18,5,False,275.0,0,6
2026-08-07,11,48,True,325.0,1,4
2026-08-13,21,6,True,357.0,1,3
2026-08-11,21,4,True,364.0,0,1
2026-08-14,20,42,False,237.0,0,4
2026-08-19,9,43,False,287.0,1,2
2026-08-11,21,34,False,347.0,0,1
2026-08-13,17,29,False,229.0,1,3
2026-08-31,8,21,True,347.0,1,0
2026-08-14,20,26,True,326.0,1,4
2026-08-13,14,32,True,298.0,1,3
2026-08-01,17,22,True,386.0,0,5
2026-08-08,18,41,True,326.0,1,5
2026-08-12,10,14,False,353.0,1,2
2026-08-19,10,34,False,293.0,1,2
2026-08-12,10,37,False,311.0,1,2
2026-08-08,17,44,True,299.0,0,5
2026-08-08,19,1,False,265.0,0,5
2026-08-29,20,32,False,309.0,1,5
2026-08-21,10,32,False,310.0,0,4
2026-08-13,9,24,True,362.0,1,3
2026-08-12,13,44,True,337.0,1,2
2026-08-29,21,21,True,285.0,1,5
2026-08-16,17,12,True,290.0,1,6
2026-08-01,10,20,False,326.0,1,5
2026-08-13,8,37,True,266.0,1,3
2026-08-26,17,20,True,334.0,1,2
2026-08-07,20,2,False,288.0,1,4
2026-08-28,20,14,False,326.0,0,4
2026-08-26,16,17,True,337.0,0,2
2026-08-05,13,24,False,255.0,1,2
2026-08-08,13,30,True,294.0,0,5
2026-08-25,17,15,True,301.0,0,1
2026-08-27,16,49,True,344.0,1,3
2026-08-14,9,34,False,206.0,1,4
2026-08-23,17,8,False,288.0,0,6
2026-08-30,16,42,True,285.0,1,6
2026-08-13,21,3,False,306.0,1,3
2026-08-15,19,11,True,342.0,0,5
2026-08-23,10,27,False,226.0,0,6
2026-08-17,10,9,True,323.0,1,0
2026-08-15,10,15,True,339.0,1,5
2026-08-20,8,32,False,308.0,0,3
2026-08-18,17,11,False,277.0,1,1
2026-08-18,14,3,True,272.0,1,1
2026-08-02,17,26,True,279.0,1,6
2026-08-04,20,7,True,277.0,1,1
2026-08-30,14,28,True,343.0,0,6
2026-08-01,9,39,False,293.0,1,5
2026-08-31,13,4,False,280.0,1,0
2026-08-04,11,30,True,260.0,1,1
2026-08-18,18,38,True,323.0,1,1
2026-08-05,14,14,False,306.0,1,2
2026-08-19,21,36,True,264.0,0,2
2026-08-15,21,31,False,277.0,1,5
2026-08-28,14,19,True,258.0,0,4
2026-08-08,11,49,False,271.0,1,5
2026-08-20,10,12,False,256.0,1,3
2026-08-17,14,49,False,296.0,1,0
2026-08-01,16,15,False,287.0,1,5
2026-08-12,11,9,True,380.0,1,2
2026-08-26,13,27,False,280.0,1,2
2026-08-19,14,20,False,294.0,1,2
2026-08-15,17,28,True,300.0,0,5
2026-08-09,10,25,True,288.0,1,6
2026-08-07,12,16,True,358.0,1,4
2026-08-02,19,18,True,378.0,1,6
2026-08-31,21,50,True,366.0,1,0
2026-08-29,8,36,False,310.0,1,5
2026-08-09,13,4,True,283.0,1,6
2026-08-10,12,21,False,330.0,1,0
2026-08-02,14,27,True,344.0,1,6
2026-08-19,16,1,True,401.0,1,2
2026-08-11,18,5,True,278.0,1,1
2026-08-13,11,44,True,363.0,1,3
2026-08-10,16,46,True,342.0,1,0
2026-08-14,20,10,True,319.0,0,4
2026-08-18,13,50,True,377.0,0,1
2026-08-19,12,21,False,301.0,1,2
2026-08-22,9,10,False,261.0,1,5
2026-08-09,8,26,True,340.0,1,6
2026-08-25,15,16,False,242.0,1,1
2026-08-07,19,38,False,269.0,1,4
2026-08-28,19,3,True,356.0,1,4
2026-08-03,13,20,False,322.0,1,0
2026-08-20,21,47,False,307.0,1,3
2026-08-06,14,5,True,290.0,1,3
2026-08-27,13,6,True,337.0,0,3
2026-08-21,17,25,True,351.0,0,4
2026-08-02,20,25,True,254.0,1,6
2026-08-29,21,12,False,303.0,1,5
2026-08-06,14,1,True,313.0,1,3
2026-08-03,16,42,False,319.0,1,0
2026-08-16,21,3,False,313.0,1,6
2026-08-30,12,21,False,304.0,1,6
2026-08-08,8,5,False,285.0,1,5
2026-08-02,8,15,True,345.0,0,6
2026-08-17,16,4,True,358.0,0,0
2026-08-09,12,19,False,282.0,1,6
2026-08-30,21,17,True,345.0,1,6
2026-08-12,20,8,True,271.0,1,2
2026-08-03,20,37,False,290.0,1,0
2026-08-11,18,24,False,204.0,1,1
2026-08-01,20,4,True,312.0,0,5
2026-08-23,9,24,False,301.0,0,6
2026-08-13,10,19,False,323.0,0,3
2026-08-15,8,24,True,305.0,0,5
2026-08-26,13,41,True,337.0,0,2
2026-08-05,19,45,False,347.0,1,2
2026-08-21,13,21,True,296.0,0,4
2026-08-30,10,17,True,271.0,1,6
2026-08-17,10,8,True,344.0,1,0
2026-08-31,14,31,False,233.0,1,0
2026-08-31,8,19,True,312.0,0,0
2026-08-25,12,11,True,361.0,1,1
2026-08-23,20,46,True,408.0,1,6
2026-08-24,10,50,False,252.0,1,0
2026-08-25,12,23,True,295.0,0,1
2026-08-06,18,37,False,267.0,1,3
2026-08-28,21,28,False,276.0,0,4
2026-08-21,11,23,True,405.0,0,4
2026-08-22,13,12,False,261.0,0,5
2026-08-11,19,16,False,272.0,1,1
2026-08-18,16,16,False,345.0,1,1
2026-08-04,9,14,True,361.0,1,1
2026-08-03,17,7,False,321.0,1,0
2026-08-13,15,21,False,244.0,1,3
2026-08-23,21,21,False,277.0,0,6
2026-08-09,20,41,True,291.0,1,6
2026-08-21,9,35,False,330.0,0,4
2026-08-06,11,46,True,377.0,0,3
2026-08-26,16,24,True,297.0,1,2
2026-08-30,11,1,True,313.0,0,6
2026-08-28,14,14,False,268.0,0,4
2026-08-12,18,20,True,263.0,1,2
2026-08-02,12,28,False,258.0,1,6
2026-08-03,20,18,False,323.0,1,0
2026-08-03,9,3,True,303.0,1,0
2026-08-28,15,27,False,284.0,1,4
2026-08-12,18,6,True,272.0,1,2
2026-08-15,17,4,True,316.0,0,5
2026-08-09,17,1,False,259.0,1,6
2026-08-31,9,21,False,249.0,1,0
2026-08-23,10,35,False,324.0,1,6
2026-08-08,17,28,False,316.0,1,5
2026-08-11,14,18,True,282.0,1,1
2026-08-16,12,35,True,316.0,1,6
2026-08-26,17,21,False,284.0,0,2
2026-08-27,18,16,True,252.0,0,3
2026-08-25,10,26,True,277.0,1,1
2026-08-22,19,39,False,339.0,1,5
2026-08-04,9,9,True,295.0,1,1
2026-08-28,18,23,True,375.0,1,4
2026-08-01,13,2,False,228.0,1,5
2026-08-24,17,3,False,308.0,0,0
2026-08-07,8,33,False,292.0,0,4
2026-08-02,15,24,False,273.0,1,6
2026-08-24,12,23,True,399.0,0,0
2026-08-28,12,6,False,234.0,1,4
2026-08-05,21,21,False,322.0,0,2
2026-08-07,9,47,True,360.0,1,4
2026-08-04,14,5,True,455.0,1,1
2026-08-05,12,13,False,241.0,1,2
2026-08-24,15,40,False,255.0,1,0
2026-08-01,12,13,False,317.0,0,5
2026-08-01,16,19,False,272.0,1,5
2026-08-15,12,9,False,266.0,1,5
2026-08-20,20,3,False,331.0,1,3
2026-08-19,10,31,False,282.0,1,2
2026-08-29,20,46,True,297.0,1,5
2026-08-10,9,39,False,327.0,0,0
2026-08-28,12,13,True,340.0,0,4
2026-08-18,17,41,False,269.0,1,1
2026-08-28,20,11,False,278.0,1,4
2026-08-03,17,41,False,245.0,1,0
2026-08-11,12,11,False,314.0,0,1
2026-08-15,13,46,True,308.0,0,5
2026-08-31,9,47,True,307.0,1,0
2026-08-27,12,49,True,273.0,0,3
2026-08-30,8,1,False,320.0,1,6
2026-08-11,10,35,False,272.0,1,1
2026-08-17,10,35,False,212.0,0,0
2026-08-17,10,3,True,284.0,1,0
2026-08-06,10,4,True,323.0,1,3
2026-08-05,15,24,False,272.0,1,2
2026-08-08,8,30,True,335.0,1,5
2026-08-02,13,32,False,267.0,1,6
2026-08-16,13,49,False,223.0,0,6
2026-08-20,8,20,False,270.0,0,3
2026-08-24,20,36,True,380.0,0,0
2026-08-12,8,13,False,346.0,1,2
2026-08-06,10,39,True,356.0,1,3
2026-08-01,15,4,False,300.0,0,5
2026-08-31,13,28,True,358.0,1,0
2026-08-04,11,40,True,283.0,1,1
2026-08-17,12,43,False,286.0,1,0
2026-08-13,17,7,True,277.0,1,3
2026-08-18,21,9,False,254.0,1,1
2026-08-05,10,22,False,307.0,0,2
2026-08-30,21,4,False,336.0,0,6
2026-08-24,18,36,False,277.0,1,0
2026-08-24,18,33,True,390.0,0,0
2026-08-27,13,6,False,290.0,0,3
2026-08-03,13,3,True,291.0,0,0
2026-08-11,13,35,True,279.0,1,1
2026-08-13,16,33,False,321.0,1,3
2026-08-04,21,7,True,343.0,1,1
2026-08-26,17,41,False,309.0,1,2
2026-08-27,20,35,False,186.0,1,3
2026-08-14,18,47,False,294.0,1,4
2026-08-22,15,3,False,260.0,1,5
2026-08-11,13,43,True,266.0,1,1
2026-08-27,9,18,False,295.0,1,3
2026-08-10,11,3,False,332.0,1,0
2026-08-19,13,39,True,413.0,0,2
2026-08-18,16,27,True,330.0,1,1
2026-08-06,18,9,False,256.0,0,3
2026-08-27,9,17,True,307.0,0,3
2026-08-29,13,41,True,361.0,0,5
2026-08-15,17,42,False,242.0,0,5
2026-08-21,18,45,False,309.0,0,4
2026-08-30,17,5,False,294.0,1,6
2026-08-10,17,46,False,289.0,0,0
2026-08-05,14,4,False,218.0,0,2
2026-08-26,21,14,True,324.0,0,2
2026-08-29,21,29,True,280.0,1,5
2026-08-05,15,11,True,296.0,1,2
2026-08-10,20,22,False,329.0,1,0
2026-08-28,16,42,True,370.0,0,4
2026-08-05,12,5,True,333.0,0,2
2026-08-03,16,12,False,258.0,1,0
2026-08-23,16,21,True,384.0,1,6
2026-08-06,20,15,True,309.0,1,3
2026-08-04,18,24,False,239.0,1,1
2026-08-18,14,13,True,348.0,1,1
2026-08-28,9,32,True,356.0,1,4
2026-08-09,15,26,True,298.0,1,6
2026-08-17,19,40,False,292.0,1,0
2026-08-29,12,26,False,302.0,1,5
2026-08-13,20,36,True,341.0,0,3
2026-08-27,18,45,False,303.0,0,3
2026-08-15,15,30,True,300.0,0,5
2026-08-30,9,47,False,319.0,1,6
2026-08-20,21,9,True,339.0,0,3
2026-08-17,14,24,False,262.0,1,0
2026-08-13,12,38,False,275.0,0,3
2026-08-16,11,18,False,284.0,0,6
2026-08-22,17,9,True,264.0,0,5
2026-08-04,20,22,True,307.0,0,1
2026-08-05,13,38,False,285.0,1,2
2026-08-05,12,21,True,270.0,1,2
2026-08-09,13,7,False,257.0,1,6
2026-08-17,16,12,False,376.0,1,0
2026-08-13,8,36,False,259.0,1,3
2026-08-02,20,11,True,317.0,0,6
2026-08-13,18,3,False,251.0,1,3
2026-08-22,8,27,False,300.0,1,5
2026-08-21,20,7,False,260.0,0,4
2026-08-27,13,2,True,312.0,1,3
2026-08-23,9,10,True,309.0,1,6
2026-08-19,15,3,True,362.0,1,2
2026-08-03,14,17,True,324.0,1,0
2026-08-10,13,43,False,242.0,1,0
2026-08-02,11,1,False,322.0,1,6
2026-08-13,16,34,True,282.0,1,3
2026-08-19,14,13,False,218.0,1,2
2026-08-26,14,14,True,320.0,0,2
2026-08-17,12,17,True,401.0,0,0
2026-08-21,8,34,True,271.0,0,4
2026-08-14,21,17,True,285.0,1,4
2026-08-31,21,41,False,328.0,1,0
2026-08-12,9,25,True,312.0,0,2
2026-08-21,15,44,False,304.0,1,4
2026-08-12,18,30,True,291.0,1,2
2026-08-11,12,48,False,290.0,0,1
2026-08-07,9,36,True,408.0,1,4
2026-08-04,19,11,True,280.0,1,1
2026-08-19,12,21,True,365.0,0,2
2026-08-01,15,20,True,347.0,0,5
2026-08-28,11,29,True,268.0,1,4
2026-08-31,10,4,False,315.0,1,0
2026-08-24,12,34,False,287.0,1,0
2026-08-29,20,42,False,296.0,0,5
2026-08-03,14,41,False,294.0,1,0
2026-08-13,9,17,True,324.0,1,3
2026-08-15,8,12,True,347.0,0,5
2026-08-02,20,4,False,302.0,1,6
2026-08-11,18,41,False,314.0,0,1
2026-08-04,12,14,False,223.0,0,1
2026-08-19,20,4,False,344.0,1,2
2026-08-29,20,34,True,286.0,0,5
2026-08-17,14,18,True,351.0,1,0
2026-08-03,20,13,True,336.0,0,0
2026-08-28,15,10,True,269.0,0,4
2026-08-18,18,14,True,346.0,1,1
2026-08-08,15,9,True,282.0,0,5
2026-08-22,17,43,False,325.0,0,5
2026-08-25,16,20,False,252.0,1,1
2026-08-24,18,1,False,225.0,1,0
2026-08-26,18,44,False,346.0,1,2
2026-08-19,19,29,True,335.0,1,2
2026-08-05,8,17,True,379.0,0,2
2026-08-07,14,49,False,246.0,0,4
2026-08-21,17,8,True,246.0,1,4
2026-08-08,15,17,True,387.0,1,5
2026-08-28,13,21,True,322.0,1,4
2026-08-05,17,25,True,342.0,1,2
2026-08-17,21,20,False,324.0,1,0
2026-08-05,19,25,True,315.0,1,2
2026-08-04,11,21,False,297.0,1,1
2026-08-22,14,13,False,344.0,0,5
2026-08-19,10,13,True,331.0,1,2
2026-08-31,9,47,True,376.0,0,0
2026-08-27,13,50,True,242.0,1,3
2026-08-21,9,30,True,383.0,0,4
2026-08-02,13,13,False,221.0,0,6
2026-08-11,17,40,False,322.0,0,1
2026-08-22,10,7,False,308.0,1,5
2026-08-13,21,42,True,334.0,1,3
2026-08-15,9,12,False,294.0,1,5
2026-08-12,20,2,False,282.0,1,2
2026-08-22,15,14,True,287.0,0,5
2026-08-21,11,42,False,280.0,0,4
2026-08-22,19,17,True,416.0,1,5
2026-08-11,21,13,False,350.0,1,1
2026-08-07,11,1,False,253.0,0,4
2026-08-28,14,47,True,331.0,1,4
2026-08-05,15,1,False,284.0,1,2
2026-08-17,19,47,True,322.0,0,0
2026-08-24,20,26,True,292.0,1,0
2026-08-20,16,47,False,298.0,0,3
2026-08-09,17,46,False,316.0,1,6
2026-08-14,15,13,True,287.0,0,4
2026-08-26,21,34,True,416.0,0,2
2026-08-12,11,40,True,389.0,0,2
2026-08-06,9,9,True,360.0,1,3
2026-08-17,17,19,False,233.0,1,0
2026-08-19,12,23,False,301.0,1,2
2026-08-19,14,41,False,292.0,1,2
2026-08-26,9,28,True,359.0,0,2
2026-08-16,11,30,False,352.0,1,6
2026-08-12,13,7,True,315.0,0,2
2026-08-12,15,14,False,362.0,1,2
2026-08-20,17,2,False,298.0,1,3
2026-08-06,20,12,False,281.0,0,3
2026-08-31,13,43,True,418.0,1,0
2026-08-23,13,49,True,355.0,0,6
2026-08-26,13,2,True,304.0,1,2
2026-08-04,11,28,False,291.0,0,1
2026-08-06,20,28,True,358.0,1,3
2026-08-11,10,12,True,326.0,0,1
2026-08-01,8,30,True,350.0,1,5
2026-08-30,9,47,False,265.0,1,6
2026-08-24,9,40,True,271.0,0,0
2026-08-23,17,40,False,286.0,0,6
2026-08-15,14,22,False,286.0,1,5
2026-08-27,18,18,False,306.0,1,3
2026-08-11,21,14,True,315.0,1,1
2026-08-25,13,25,True,268.0,1,1
2026-08-19,15,10,True,281.0,0,2
2026-08-18,16,36,True,363.0,1,1
2026-08-17,12,48,True,298.0,1,0
2026-08-19,18,48,False,267.0,1,2
2026-08-21,10,49,True,320.0,1,4
2026-08-14,11,9,False,263.0,0,4
2026-08-27,21,11,True,310.0,0,3
2026-08-18,18,27,False,250.0,1,1
2026-08-28,15,13,False,336.0,0,4
2026-08-19,10,1,False,320.0,1,2
2026-08-15,9,39,False,348.0,1,5
2026-08-31,14,11,False,338.0,1,0
2026-08-15,21,3,False,204.0,1,5
2026-08-04,11,2,True,342.0,1,1
2026-08-07,20,46,False,269.0,1,4
2026-08-13,15,42,True,365.0,0,3
2026-08-03,8,24,True,315.0,0,0
2026-08-16,15,20,True,278.0,0,6
2026-08-31,12,49,True,267.0,0,0
2026-08-09,19,40,True,316.0,1,6
2026-08-08,9,15,True,375.0,1,5
2026-08-20,8,6,True,355.0,1,3
2026-08-13,20,20,False,244.0,1,3
2026-08-17,13,22,True,408.0,0,0
2026-08-17,21,2,False,324.0,1,0
2026-08-17,16,15,True,352.0,1,0
2026-08-01,16,48,False,332.0,1,5
2026-08-08,16,34,False,215.0,1,5
2026-08-19,18,46,False,248.0,1,2
2026-08-31,11,31,False,321.0,1,0
2026-08-06,13,30,True,290.0,0,3
2026-08-03,21,28,False,287.0,1,0
2026-08-27,19,33,False,285.0,0,3
2026-08-05,17,41,False,231.0,1,2
2026-08-13,13,49,False,268.0,1,3
2026-08-15,12,21,True,361.0,0,5
2026-08-14,9,46,False,327.0,1,4
2026-08-29,14,23,True,365.0,1,5
2026-08-31,20,42,False,333.0,0,0
2026-08-23,8,13,True,361.0,1,6
2026-08-16,13,45,False,295.0,1,6
2026-08-18,12,26,True,335.0,0,1
2026-08-22,12,19,True,299.0,0,5
2026-08-29,15,27,False,239.0,1,5
2026-08-22,16,40,False,253.0,1,5
2026-08-11,14,7,False,267.0,0,1
2026-08-03,17,25,True,296.0,1,0
2026-08-22,20,49,True,349.0,1,5
2026-08-10,15,40,False,288.0,1,0
2026-08-10,21,36,False,310.0,0,0
2026-08-30,9,7,False,312.0,1,6
2026-08-21,9,20,True,386.0,0,4
2026-08-16,19,24,False,288.0,1,6
2026-08-12,15,28,True,360.0,1,2
2026-08-02,13,49,False,303.0,0,6
2026-08-09,15,5,True,365.0,0,6
2026-08-24,21,36,True,403.0,1,0
2026-08-03,16,31,False,304.0,1,0
2026-08-24,16,33,False,285.0,0,0
2026-08-30,18,24,True,328.0,0,6
2026-08-25,13,10,True,303.0,1,1
2026-08-30,15,38,True,300.0,0,6
2026-08-15,9,44,False,334.0,0,5
2026-08-03,15,49,True,281.0,0,0
2026-08-19,10,5,True,397.0,0,2
2026-08-18,21,31,False,292.0,1,1
2026-08-08,8,9,False,419.0,1,5
2026-08-26,14,32,False,253.0,1,2
2026-08-17,8,41,False,315.0,1,0
2026-08-08,21,5,False,284.0,1,5
2026-08-07,18,27,False,253.0,1,4
2026-08-30,8,28,False,347.0,1,6
2026-08-07,8,43,False,260.0,1,4
2026-08-03,11,12,True,301.0,0,0
2026-08-01,20,5,False,316.0,0,5
2026-08-04,21,8,True,368.0,1,1
2026-08-25,19,17,True,272.0,1,1
2026-08-05,20,8,True,356.0,1,2
2026-08-01,21,34,True,343.0,0,5
2026-08-15,19,23,False,251.0,1,5
2026-08-05,11,18,False,256.0,1,2
2026-08-13,21,10,False,217.0,1,3
2026-08-08,17,39,False,351.0,1,5
2026-08-08,18,41,True,365.0,0,5
2026-08-05,13,44,True,270.0,1,2
2026-08-28,19,44,False,320.0,1,4
2026-08-09,17,5,False,259.0,1,6
2026-08-31,19,43,True,365.0,1,0
2026-08-01,10,17,False,273.0,1,5
2026-08-04,17,47,True,307.0,1,1
2026-08-03,13,11,True,310.0,0,0
2026-08-02,20,47,True,306.0,0,6
2026-08-31,14,48,True,376.0,0,0
2026-08-08,18,19,False,320.0,1,5
2026-08-23,8,21,False,309.0,1,6
2026-08-09,21,44,True,379.0,1,6
2026-08-02,21,3,False,233.0,1,6
2026-08-14,13,40,False,233.0,1,4
2026-08-14,17,43,True,341.0,0,4
2026-08-04,8,1,True,374.0,1,1
2026-08-30,14,24,False,292.0,0,6
2026-08-31,17,36,False,207.0,1,0
2026-08-06,12,6,False,242.0,1,3
2026-08-11,17,10,True,339.0,1,1
2026-08-03,21,47,False,395.0,1,0
2026-08-08,11,40,True,377.0,1,5
2026-08-03,8,46,True,408.0,0,0
2026-08-14,16,34,False,294.0,0,4
2026-08-28,14,24,True,334.0,0,4
2026-08-13,9,23,True,297.0,1,3
2026-08-13,11,20,True,366.0,0,3
2026-08-02,11,38,True,325.0,0,6
2026-08-13,15,35,False,308.0,1,3
2026-08-29,9,34,True,339.0,0,5
2026-08-19,18,46,True,336.0,1,2
2026-08-27,12,50,True,321.0,0,3
2026-08-06,17,47,True,331.0,1,3
2026-08-16,15,36,False,320.0,1,6
2026-08-02,13,16,True,271.0,1,6
2026-08-08,11,23,False,228.0,1,5
2026-08-17,12,44,True,342.0,0,0
2026-08-23,9,49,True,396.0,0,6
2026-08-02,12,1,False,352.0,0,6
2026-08-10,10,9,False,244.0,1,0
2026-08-28,19,12,True,312.0,0,4
2026-08-16,10,37,False,233.0,1,6
2026-08-06,14,17,True,298.0,0,3
2026-08-28,10,3,False,337.0,1,4
2026-08-02,11,38,False,287.0,1,6
2026-08-02,14,29,False,266.0,1,6
2026-08-26,21,31,False,320.0,1,2
2026-08-13,10,35,True,301.0,1,3
2026-08-24,17,38,False,346.0,0,0
2026-08-15,17,26,True,322.0,1,5
2026-08-31,20,13,True,316.0,1,0
2026-08-28,9,19,True,361.0,1,4
2026-08-02,17,32,True,360.0,1,6
2026-08-07,14,47,False,344.0,1,4
2026-08-03,12,27,False,276.0,0,0
2026-08-08,8,39,False,348.0,1,5
2026-08-23,19,13,True,332.0,0,6
2026-08-14,17,34,True,298.0,1,4
2026-08-24,20,19,False,261.0,1,0
2026-08-30,15,19,True,276.0,0,6
2026-08-23,10,3,False,263.0,0,6
2026-08-27,18,3,False,329.0,1,3
2026-08-22,14,26,False,309.0,0,5
2026-08-29,13,6,False,232.0,1,5
2026-08-07,17,13,False,212.0,1,4
2026-08-21,19,46,True,284.0,0,4
2026-08-07,20,38,False,261.0,1,4
2026-08-01,21,27,True,326.0,1,5
2026-08-17,13,41,True,369.0,1,0
2026-08-09,20,24,True,311.0,0,6
2026-08-30,20,10,False,360.0,1,6
2026-08-21,15,16,True,253.0,1,4
2026-08-13,20,23,True,319.0,1,3
2026-08-21,20,47,True,364.0,0,4
2026-08-19,19,12,False,322.0,1,2
2026-08-21,20,28,False,279.0,1,4
2026-08-19,11,13,False,328.0,1,2
2026-08-25,11,18,False,320.0,0,1
2026-08-25,19,2,True,301.0,0,1
2026-08-22,10,46,True,345.0,0,5
2026-08-31,8,17,False,333.0,1,0
2026-08-17,21,23,True,314.0,1,0
2026-08-23,17,23,True,390.0,1,6
2026-08-23,10,1,True,299.0,0,6
2026-08-30,8,43,True,350.0,1,6
2026-08-10,13,14,True,272.0,0,0
2026-08-10,15,12,False,284.0,0,0
2026-08-04,10,14,True,290.0,1,1
2026-08-08,21,49,False,286.0,1,5
2026-08-22,19,44,True,265.0,1,5
2026-08-20,11,38,True,360.0,1,3
2026-08-20,12,41,True,339.0,1,3
2026-08-18,14,44,False,324.0,0,1
2026-08-14,19,49,True,314.0,1,4
2026-08-18,18,16,False,330.0,1,1
2026-08-28,13,34,False,284.0,1,4
2026-08-14,9,18,False,303.0,0,4
2026-08-20,14,48,True,405.0,0,3
2026-08-21,15,10,True,301.0,0,4
2026-08-24,21,19,True,387.0,0,0
2026-08-15,19,30,False,307.0,1,5
2026-08-22,21,4,True,315.0,1,5
2026-08-30,8,7,False,252.0,1,6
2026-08-31,13,16,False,241.0,1,0
2026-08-04,18,37,True,370.0,0,1
2026-08-13,16,5,True,390.0,1,3
2026-08-27,14,39,False,284.0,1,3
2026-08-23,12,49,True,330.0,0,6
2026-08-08,20,33,True,364.0,0,5
2026-08-18,21,35,False,301.0,1,1
2026-08-12,17,48,True,366.0,1,2
2026-08-23,18,34,False,296.0,0,6
2026-08-31,17,33,False,287.0,1,0
2026-08-14,16,39,False,253.0,1,4
2026-08-02,9,10,True,300.0,0,6
2026-08-18,14,3,True,194.0,0,1
2026-08-24,16,50,False,330.0,1,0
2026-08-02,9,29,True,332.0,1,6
2026-08-31,20,35,True,316.0,1,0
2026-08-11,18,31,True,246.0,1,1
2026-08-09,17,39,True,296.0,0,6
2026-08-12,13,15,True,291.0,1,2
2026-08-17,16,1,False,249.0,0,0
2026-08-15,21,19,True,351.0,0,5
2026-08-25,10,37,True,337.0,0,1
2026-08-31,15,27,False,226.0,1,0
2026-08-17,21,21,False,246.0,1,0
2026-08-26,12,7,True,273.0,1,2
2026-08-29,14,43,True,393.0,1,5
2026-08-26,20,33,False,352.0,1,2
2026-08-18,19,2,False,254.0,0,1
2026-08-22,10,14,False,213.0,1,5
2026-08-06,15,42,False,285.0,0,3
2026-08-17,9,3,True,340.0,1,0
2026-08-23,20,14,False,305.0,0,6
2026-08-24,15,5,True,350.0,0,0
2026-08-18,9,17,False,316.0,1,1
2026-08-08,14,39,False,236.0,0,5
2026-08-09,9,1,False,310.0,1,6
2026-08-06,14,43,True,355.0,0,3
2026-08-05,8,28,True,316.0,0,2
2026-08-12,13,38,False,294.0,1,2
2026-08-25,17,48,False,260.0,1,1
2026-08-29,14,14,False,360.0,1,5
2026-08-28,11,17,True,275.0,1,4
2026-08-11,18,15,True,371.0,0,1
2026-08-25,18,46,False,218.0,0,1
2026-08-01,8,7,True,416.0,1,5
2026-08-11,19,42,False,242.0,0,1
2026-08-19,13,7,True,330.0,0,2
2026-08-09,11,47,False,223.0,1,6
2026-08-27,10,24,False,239.0,1,3
2026-08-02,11,26,False,324.0,1,6
2026-08-12,13,14,True,363.0,0,2
2026-08-04,12,47,False,294.0,0,1
2026-08-04,9,19,True,368.0,1,1
2026-08-18,9,26,False,340.0,1,1
2026-08-15,10,16,True,305.0,0,5
2026-08-19,18,34,True,269.0,0,2
2026-08-13,13,2,True,321.0,0,3
2026-08-19,19,1,True,305.0,1,2
2026-08-17,21,48,False,314.0,1,0
2026-08-06,8,36,True,366.0,1,3
2026-08-16,18,35,False,257.0,1,6
2026-08-24,14,43,False,309.0,0,0
2026-08-12,15,24,True,346.0,1,2
2026-08-19,14,49,False,309.0,0,2
2026-08-05,18,5,True,308.0,1,2
2026-08-17,10,29,True,364.0,0,0
2026-08-26,13,41,True,343.0,1,2
2026-08-23,21,1,False,324.0,1,6
2026-08-26,11,9,True,395.0,0,2
2026-08-29,12,36,False,298.0,1,5
2026-08-01,10,16,False,268.0,0,5
2026-08-28,12,15,False,240.0,1,4
2026-08-27,13,10,True,367.0,1,3
2026-08-25,15,37,False,294.0,0,1
2026-08-24,19,16,False,355.0,0,0
2026-08-23,13,38,False,201.0,1,6
2026-08-10,16,48,False,317.0,0,0
2026-08-15,17,36,False,272.0,1,5
2026-08-23,17,15,True,308.0,1,6
2026-08-21,21,3,True,307.0,0,4
2026-08-21,17,19,True,358.0,1,4
2026-08-11,17,41,True,347.0,1,1
2026-08-13,11,37,True,282.0,1,3
2026-08-05,9,48,True,345.0,1,2
2026-08-01,19,3,True,356.0,0,5
2026-08-24,16,8,False,288.0,1,0
2026-08-12,18,24,True,369.0,0,2
2026-08-11,10,14,False,281.0,0,1
2026-08-17,18,35,True,234.0,1,0
2026-08-04,14,16,False,288.0,1,1
2026-08-15,11,7,False,295.0,1,5
2026-08-25,19,41,True,340.0,0,1
2026-08-30,19,35,True,372.0,1,6
2026-08-09,8,8,True,266.0,1,6
2026-08-21,15,12,True,310.0,0,4
2026-08-20,20,49,False,256.0,1,3
2026-08-19,19,46,False,240.0,1,2
2026-08-19,11,16,True,325.0,1,2
2026-08-12,18,4,True,353.0,0,2
2026-08-05,13,35,True,334.0,0,2
2026-08-10,14,45,True,293.0,1,0
2026-08-17,15,41,False,274.0,1,0
2026-08-05,17,45,True,359.0,0,2
2026-08-22,9,32,False,325.0,0,5
2026-08-16,16,12,True,298.0,0,6
2026-08-07,17,21,True,297.0,1,4
2026-08-28,20,15,False,224.0,0,4
2026-08-09,10,35,True,315.0,1,6
2026-08-03,8,3,False,235.0,1,0
2026-08-15,9,2,False,381.0,1,5
2026-08-16,15,6,True,286.0,1,6
2026-08-18,17,16,True,366.0,0,1
2026-08-14,13,23,False,355.0,1,4
2026-08-03,18,31,False,293.0,0,0
2026-08-12,8,50,False,300.0,1,2
2026-08-09,18,41,True,272.0,0,6
2026-08-28,16,30,False,260.0,1,4
2026-08-07,14,3,True,385.0,1,4
2026-08-09,17,16,False,296.0,1,6
2026-08-13,18,4,False,286.0,1,3
2026-08-18,10,46,True,385.0,1,1
2026-08-05,20,36,False,320.0,1,2
2026-08-13,14,28,True,315.0,0,3
2026-08-04,13,50,False,291.0,1,1
2026-08-31,10,50,True,302.0,1,0
2026-08-02,15,50,False,258.0,1,6
2026-08-16,8,28,True,336.0,0,6
2026-08-09,12,3,False,307.0,1,6
2026-08-09,15,26,False,230.0,1,6
2026-08-06,10,39,True,336.0,0,3
2026-08-11,18,13,True,309.0,0,1
2026-08-22,20,7,False,256.0,1,5
2026-08-24,17,13,True,307.0,0,0
2026-08-22,18,4,False,192.0,1,5
2026-08-01,19,16,True,298.0,1,5
2026-08-04,13,28,False,238.0,1,1
2026-08-13,17,47,True,311.0,0,3
2026-08-23,18,13,True,233.0,1,6
2026-08-13,9,42,True,346.0,1,3
2026-08-13,16,10,True,357.0,1,3
2026-08-02,9,5,True,333.0,0,6
2026-08-09,12,36,True,344.0,1,6
2026-08-24,10,19,False,272.0,1,0
2026-08-08,17,30,False,220.0,1,5
2026-08-07,19,47,False,288.0,1,4
2026-08-04,16,41,True,348.0,0,1
2026-08-18,16,48,False,228.0,1,1
2026-08-03,14,28,True,302.0,0,0
2026-08-28,17,31,False,272.0,1,4
2026-08-06,12,36,True,439.0,0,3
2026-08-12,16,43,True,329.0,1,2
2026-08-12,14,49,True,244.0,1,2
2026-08-21,9,1,False,212.0,0,4
2026-08-28,17,9,True,351.0,0,4
2026-08-08,8,12,False,404.0,1,5
2026-08-22,17,23,True,311.0,1,5
2026-08-22,17,12,False,268.0,1,5
2026-08-01,21,42,False,315.0,0,5
2026-08-04,11,9,True,296.0,1,1
2026-08-21,17,26,True,220.0,1,4
2026-08-28,15,30,False,321.0,1,4
2026-08-11,13,20,False,257.0,0,1
2026-08-03,21,16,True,380.0,1,0
2026-08-13,9,13,False,268.0,1,3
2026-08-25,12,35,False,289.0,1,1
2026-08-17,16,50,True,355.0,1,0
2026-08-22,13,4,False,325.0,1,5
2026-08-22,13,25,True,331.0,0,5
2026-08-10,14,13,True,328.0,0,0
2026-08-21,20,28,False,317.0,1,4
2026-08-12,18,45,True,343.0,0,2
2026-08-15,12,12,True,273.0,1,5
2026-08-21,10,24,False,242.0,1,4
2026-08-10,10,28,False,208.0,0,0
2026-08-14,12,1,False,315.0,1,4
2026-08-13,11,34,False,272.0,1,3
2026-08-05,12,3,False,317.0,0,2
2026-08-06,21,22,True,354.0,1,3
2026-08-24,16,21,True,280.0,0,0
2026-08-02,12,27,False,280.0,0,6
2026-08-22,11,21,True,310.0,1,5
2026-08-17,20,22,False,268.0,1,0
2026-08-04,11,13,False,325.0,1,1
2026-08-14,8,44,True,445.0,1,4
2026-08-10,17,16,False,327.0,1,0
2026-08-03,11,46,False,287.0,0,0
2026-08-25,19,24,True,378.0,1,1
2026-08-03,21,46,False,367.0,1,0
2026-08-15,11,17,True,272.0,1,5
2026-08-06,16,5,True,369.0,1,3
2026-08-17,18,38,False,315.0,0,0
2026-08-12,11,42,False,336.0,1,2
2026-08-22,14,27,False,313.0,0,5
2026-08-20,8,41,False,295.0,1,3
2026-08-24,21,32,False,379.0,1,0
2026-08-29,14,26,True,334.0,1,5
2026-08-11,21,7,False,281.0,1,1
2026-08-25,9,36,False,318.0,1,1
2026-08-04,19,7,True,367.0,1,1
2026-08-26,18,43,True,328.0,0,2
2026-08-28,15,27,False,296.0,1,4
2026-08-26,8,38,False,308.0,0,2
2026-08-06,17,48,False,256.0,1,3
2026-08-01,10,48,False,260.0,1,5
2026-08-20,15,24,False,224.0,1,3
2026-08-23,17,24,False,343.0,1,6
2026-08-28,15,45,False,271.0,0,4
2026-08-16,18,44,True,187.0,1,6
2026-08-15,20,29,False,308.0,1,5
2026-08-17,12,27,False,300.0,1,0
2026-08-08,12,34,False,210.0,1,5
2026-08-28,15,21,False,247.0,0,4
2026-08-26,17,45,True,287.0,0,2
2026-08-12,12,1,True,295.0,0,2
2026-08-27,16,10,True,369.0,1,3
2026-08-22,8,30,True,339.0,0,5
2026-08-21,12,28,True,307.0,0,4
2026-08-10,10,42,False,337.0,1,0
2026-08-27,10,30,True,352.0,1,3
2026-08-15,9,28,True,268.0,0,5
2026-08-30,10,29,False,268.0,1,6
2026-08-09,14,31,False,293.0,1,6
2026-08-02,15,43,True,283.0,1,6
2026-08-05,19,41,False,369.0,1,2
2026-08-06,15,4,False,285.0,0,3
2026-08-07,18,49,True,294.0,1,4
2026-08-21,15,19,True,275.0,1,4
2026-08-25,8,10,False,342.0,1,1
2026-08-01,21,45,False,272.0,1,5
2026-08-23,18,31,False,300.0,0,6
2026-08-26,14,34,True,274.0,0,2
2026-08-07,9,41,True,341.0,0,4
2026-08-20,18,39,False,259.0,1,3
2026-08-25,17,42,True,309.0,1,1
2026-08-30,11,44,True,296.0,0,6
2026-08-12,12,31,False,326.0,1,2
2026-08-16,19,11,True,308.0,1,6
2026-08-16,8,36,False,299.0,0,6
2026-08-11,21,44,False,294.0,1,1
2026-08-21,11,44,True,392.0,1,4
2026-08-04,11,32,False,324.0,1,1
2026-08-13,16,23,True,352.0,1,3
2026-08-07,16,40,False,217.0,1,4
2026-08-04,20,46,True,306.0,0,1
2026-08-15,20,39,True,380.0,1,5
2026-08-19,18,3,False,238.0,1,2
2026-08-09,17,28,True,325.0,0,6
2026-08-11,8,25,False,262.0,1,1
2026-08-08,15,28,True,281.0,1,5
2026-08-01,11,19,True,395.0,1,5
2026-08-23,11,46,False,317.0,0,6
2026-08-25,12,19,True,364.0,1,1
2026-08-24,9,42,True,369.0,1,0
2026-08-08,8,44,False,299.0,1,5
2026-08-13,12,29,False,257.0,1,3
2026-08-22,14,50,False,264.0,1,5
2026-08-27,17,19,False,274.0,0,3
2026-08-04,16,18,True,392.0,1,1
2026-08-08,19,45,False,235.0,1,5
2026-08-03,19,49,True,306.0,1,0
2026-08-29,20,24,False,256.0,1,5
2026-08-09,9,38,True,380.0,1,6
2026-08-29,19,16,False,362.0,0,5
2026-08-02,15,18,False,292.0,0,6
2026-08-02,14,41,False,296.0,0,6
2026-08-28,9,13,False,302.0,0,4
2026-08-13,12,4,False,302.0,1,3
2026-08-15,14,13,False,311.0,1,5
2026-08-28,10,35,True,350.0,0,4
2026-08-23,9,4,True,358.0,1,6
2026-08-12,13,19,True,353.0,1,2
2026-08-26,17,24,True,251.0,1,2
2026-08-04,20,33,False,293.0,1,1
2026-08-26,13,33,False,294.0,1,2
2026-08-08,18,9,False,301.0,1,5
2026-08-09,11,3,False,281.0,1,6
2026-08-23,8,3,False,311.0,1,6
2026-08-05,12,30,True,296.0,0,2
2026-08-24,8,18,True,274.0,1,0
2026-08-20,18,2,True,364.0,1,3
2026-08-18,21,32,True,293.0,0,1
2026-08-11,18,43,False,278.0,1,1
2026-08-15,15,9,False,250.0,1,5
2026-08-28,9,2,False,361.0,1,4
2026-08-22,16,20,False,277.0,1,5
2026-08-09,16,27,False,268.0,1,6
2026-08-17,10,36,True,362.0,1,0
2026-08-27,13,41,False,368.0,1,3
2026-08-26,16,46,True,337.0,0,2
2026-08-12,14,19,True,305.0,1,2
2026-08-07,11,16,True,356.0,1,4
2026-08-10,10,26,True,270.0,1,0
2026-08-25,9,14,True,340.0,1,1
2026-08-26,17,47,True,402.0,0,2
2026-08-25,17,18,False,288.0,1,1
2026-08-10,8,28,False,309.0,0,0
2026-08-27,18,47,True,325.0,1,3
2026-08-13,17,19,True,306.0,0,3
2026-08-19,18,30,False,297.0,1,2
2026-08-11,8,41,True,376.0,1,1
2026-08-13,19,21,False,275.0,0,3
2026-08-21,11,21,False,188.0,0,4
2026-08-08,11,48,True,347.0,1,5
2026-08-08,16,30,True,406.0,0,5
2026-08-04,17,49,True,307.0,1,1
2026-08-15,8,42,True,286.0,1,5
2026-08-31,18,37,True,352.0,0,0
2026-08-28,11,41,False,358.0,0,4
2026-08-11,10,46,True,354.0,0,1
2026-08-11,16,32,False,349.0,1,1
2026-08-01,20,30,False,324.0,1,5
2026-08-17,12,22,True,353.0,1,0
2026-08-15,16,24,True,300.0,1,5
2026-08-20,17,10,True,333.0,1,3
2026-08-06,13,24,True,321.0,1,3
2026-08-24,18,1,False,282.0,1,0
2026-08-22,16,35,True,310.0,1,5
2026-08-28,8,16,False,314.0,1,4
2026-08-25,20,5,True,281.0,0,1
2026-08-15,11,31,True,360.0,0,5
2026-08-31,11,45,False,253.0,1,0
2026-08-09,21,37,False,288.0,1,6
2026-08-14,17,25,True,335.0,1,4
2026-08-18,17,43,True,285.0,1,1
2026-08-26,13,49,False,203.0,0,2
2026-08-17,17,25,True,307.0,0,0
2026-08-18,20,3,True,275.0,0,1
2026-08-05,8,38,False,333.0,1,2
2026-08-20,17,32,True,276.0,1,3
2026-08-20,12,48,False,344.0,1,3
2026-08-09,10,20,False,292.0,0,6
2026-08-11,8,30,False,307.0,0,1
2026-08-24,13,2,False,203.0,1,0
2026-08-22,10,5,False,298.0,1,5
2026-08-01,11,19,False,285.0,0,5
2026-08-18,19,20,False,236.0,1,1
2026-08-06,16,22,True,324.0,0,3
2026-08-27,9,11,True,322.0,0,3
2026-08-02,8,18,False,296.0,1,6
2026-08-15,17,27,False,283.0,0,5
2026-08-29,13,31,True,303.0,0,5
2026-08-26,19,35,False,298.0,0,2
2026-08-21,8,44,True,341.0,1,4
2026-08-14,8,45,False,323.0,1,4
2026-08-05,21,21,False,277.0,1,2
2026-08-06,14,20,False,238.0,1,3
2026-08-06,9,9,True,310.0,1,3
2026-08-30,11,31,False,346.0,1,6
2026-08-22,11,9,True,366.0,0,5
2026-08-30,9,7,True,387.0,1,6
2026-08-18,13,33,True,373.0,1,1
2026-08-14,17,1,False,263.0,1,4
2026-08-10,21,19,True,350.0,0,0
2026-08-14,9,3,True,341.0,0,4
2026-08-13,19,39,False,314.0,1,3
2026-08-31,15,12,False,268.0,0,0
2026-08-30,11,30,False,292.0,1,6
2026-08-03,8,16,False,307.0,1,0
2026-08-30,14,13,True,342.0,0,6
2026-08-06,13,50,False,308.0,0,3
2026-08-29,19,24,False,292.0,1,5
2026-08-08,21,17,True,343.0,0,5
2026-08-12,13,27,True,331.0,0,2
2026-08-13,18,29,True,390.0,1,3
2026-08-11,10,41,True,263.0,1,1
2026-08-12,17,14,False,243.0,1,2
2026-08-01,14,5,False,307.0,1,5
2026-08-17,13,43,False,293.0,1,0
2026-08-16,17,38,False,293.0,0,6
2026-08-11,17,6,True,349.0,1,1
2026-08-13,16,24,False,289.0,1,3
2026-08-18,10,40,True,310.0,1,1
2026-08-11,10,33,False,318.0,1,1
2026-08-31,11,9,True,329.0,1,0
2026-08-28,10,42,False,275.0,1,4
2026-08-12,11,49,True,356.0,1,2
2026-08-06,13,3,True,348.0,0,3
2026-08-09,8,23,True,353.0,1,6
2026-08-16,9,21,False,367.0,1,6
2026-08-04,17,22,False,335.0,1,1
2026-08-03,13,45,True,362.0,1,0
2026-08-28,19,8,False,391.0,1,4
2026-08-16,20,20,False,287.0,1,6
2026-08-24,13,14,False,263.0,0,0
2026-08-27,19,30,False,322.0,1,3
2026-08-26,21,8,True,328.0,1,2
2026-08-30,8,19,True,345.0,0,6
2026-08-25,13,45,False,243.0,0,1
2026-08-12,21,38,False,322.0,1,2
2026-08-11,18,36,False,226.0,0,1
2026-08-05,19,6,False,284.0,1,2
2026-08-25,16,34,True,320.0,1,1
2026-08-18,15,10,False,263.0,1,1
2026-08-19,17,31,True,252.0,0,2
2026-08-23,12,11,False,214.0,1,6
2026-08-23,20,43,True,303.0,1,6
2026-08-06,11,35,False,310.0,1,3
2026-08-22,13,11,False,294.0,1,5
2026-08-18,18,40,True,324.0,0,1
2026-08-26,21,32,True,303.0,1,2
2026-08-06,19,49,False,302.0,1,3
2026-08-04,12,26,False,213.0,0,1
2026-08-12,20,22,True,237.0,1,2
2026-08-19,13,1,False,272.0,1,2
2026-08-29,21,48,False,276.0,0,5
2026-08-27,21,29,True,379.0,1,3
2026-08-29,17,39,True,328.0,0,5
2026-08-02,18,22,False,351.0,1,6
2026-08-17,10,32,False,271.0,1,0
2026-08-11,14,25,False,300.0,1,1
2026-08-11,15,40,False,270.0,1,1
2026-08-21,12,45,True,380.0,0,4
2026-08-16,12,29,True,316.0,0,6
2026-08-02,19,37,True,362.0,0,6
2026-08-02,11,32,True,285.0,1,6
2026-08-23,17,30,False,265.0,0,6
2026-08-08,12,18,False,281.0,1,5
2026-08-13,19,44,True,379.0,1,3
2026-08-10,17,48,True,234.0,0,0
2026-08-08,18,3,False,271.0,1,5
2026-08-30,15,12,False,265.0,1,6
2026-08-04,12,20,False,201.0,0,1
2026-08-15,16,50,False,262.0,1,5
2026-08-30,20,8,False,231.0,1,6
2026-08-01,19,31,False,195.0,1,5
2026-08-11,20,24,True,322.0,0,1
2026-08-07,8,13,True,333.0,0,4
2026-08-17,14,8,True,311.0,1,0
2026-08-27,12,42,False,295.0,1,3
2026-08-20,11,14,False,253.0,1,3
2026-08-24,10,15,False,364.0,0,0
2026-08-18,19,21,True,327.0,1,1
2026-08-22,17,15,True,373.0,1,5
2026-08-29,14,26,True,253.0,1,5
2026-08-22,19,38,True,295.0,0,5
2026-08-12,9,46,False,325.0,1,2
2026-08-09,12,38,False,275.0,1,6
2026-08-05,9,33,False,255.0,1,2
2026-08-10,14,10,False,207.0,1,0
2026-08-04,13,19,False,311.0,0,1
2026-08-05,20,11,False,319.0,0,2
2026-08-28,17,3,True,332.0,0,4
2026-08-28,14,23,False,261.0,0,4
2026-08-10,19,6,False,243.0,0,0
2026-08-31,16,41,False,278.0,0,0
2026-08-11,20,41,True,280.0,0,1
2026-08-21,9,29,True,308.0,0,4
2026-08-24,16,4,True,371.0,1,0
2026-08-10,14,3,False,206.0,1,0
2026-08-28,9,20,True,365.0,0,4
2026-08-08,17,43,False,342.0,1,5
2026-08-02,9,49,False,331.0,0,6
2026-08-23,11,8,True,344.0,1,6
2026-08-08,9,6,False,279.0,1,5
2026-08-16,8,5,False,279.0,1,6
2026-08-27,13,8,True,232.0,1,3
2026-08-22,17,8,False,283.0,1,5
2026-08-05,21,35,True,322.0,1,2
2026-08-27,18,19,True,297.0,0,3
2026-08-25,12,48,False,284.0,1,1
2026-08-29,19,10,False,290.0,1,5
2026-08-03,10,35,False,267.0,1,0
2026-08-12,18,9,False,349.0,1,2
2026-08-13,8,8,False,334.0,1,3
2026-08-13,16,8,False,316.0,1,3
2026-08-10,15,8,False,276.0,1,0
2026-08-04,13,20,False,302.0,1,1
2026-08-09,13,7,True,286.0,0,6
2026-08-22,19,46,False,315.0,0,5
2026-08-24,11,22,True,320.0,1,0
2026-08-23,20,17,False,252.0,1,6
2026-08-27,9,44,True,337.0,1,3
2026-08-02,19,5,False,276.0,1,6
2026-08-19,11,34,True,421.0,0,2
2026-08-01,21,25,True,355.0,1,5
2026-08-25,9,47,False,361.0,1,1
2026-08-29,20,43,True,378.0,1,5
2026-08-07,14,15,False,282.0,0,4
2026-08-17,16,31,True,303.0,0,0
2026-08-03,20,45,True,263.0,0,0
2026-08-20,9,19,True,303.0,1,3
2026-08-20,16,44,False,307.0,1,3
2026-08-21,16,31,True,308.0,1,4
2026-08-30,15,47,False,295.0,1,6
2026-08-03,8,12,True,263.0,1,0
2026-08-03,12,23,True,343.0,1,0
2026-08-17,21,50,True,382.0,1,0
2026-08-07,17,23,True,251.0,0,4
2026-08-27,20,36,False,307.0,1,3
2026-08-26,20,11,False,346.0,1,2
2026-08-14,18,22,False,352.0,1,4
2026-08-17,11,47,True,308.0,1,0
2026-08-18,14,30,True,352.0,1,1
2026-08-13,20,5,True,390.0,1,3
2026-08-20,18,37,False,301.0,1,3
2026-08-29,21,20,True,389.0,1,5
2026-08-20,15,10,False,279.0,1,3
2026-08-21,21,22,True,354.0,1,4
2026-08-27,17,42,True,297.0,1,3
2026-08-18,18,30,True,318.0,1,1
2026-08-04,20,30,True,350.0,1,1
2026-08-01,15,22,False,252.0,0,5
2026-08-18,9,38,True,329.0,1,1
2026-08-01,10,38,False,323.0,1,5
2026-08-26,20,38,True,415.0,0,2
2026-08-26,17,7,False,200.0,0,2
2026-08-13,17,50,True,401.0,0,3
2026-08-20,14,36,False,270.0,0,3
2026-08-20,11,14,False,327.0,1,3
2026-08-23,13,11,False,328.0,1,6
2026-08-10,15,7,True,383.0,0,0
2026-08-27,15,32,False,251.0,0,3
2026-08-11,14,18,True,311.0,0,1
2026-08-09,20,34,True,330.0,0,6
2026-08-09,19,2,True,314.0,1,6
2026-08-05,9,7,True,391.0,1,2
2026-08-26,9,43,False,295.0,0,2
2026-08-01,10,31,True,268.0,0,5
2026-08-17,11,18,False,263.0,0,0
2026-08-22,8,20,False,241.0,0,5
2026-08-02,12,7,False,275.0,1,6
2026-08-24,21,22,False,325.0,1,0
2026-08-13,14,37,True,294.0,0,3
2026-08-09,19,34,False,272.0,1,6
2026-08-29,17,46,True,311.0,1,5
2026-08-04,18,39,False,290.0,1,1
2026-08-05,12,42,False,305.0,1,2
2026-08-11,21,50,False,330.0,1,1
2026-08-24,14,40,True,411.0,0,0
2026-08-19,12,16,True,329.0,1,2
2026-08-21,18,14,True,354.0,1,4
2026-08-03,17,41,True,258.0,0,0
2026-08-12,15,32,True,305.0,1,2
2026-08-26,14,38,False,270.0,0,2
2026-08-19,21,39,True,297.0,1,2
2026-08-19,8,26,False,283.0,0,2
2026-08-13,18,30,False,280.0,1,3
2026-08-28,8,41,False,284.0,1,4
2026-08-07,19,39,True,432.0,0,4
2026-08-15,12,9,True,345.0,0,5
2026-08-23,21,32,True,418.0,1,6
2026-08-07,9,7,True,398.0,0,4
2026-08-26,16,12,False,255.0,1,2
2026-08-08,9,23,True,340.0,0,5
2026-08-05,19,17,False,271.0,1,2
2026-08-21,16,21,False,274.0,1,4
2026-08-14,17,12,False,243.0,1,4
2026-08-04,9,22,True,320.0,1,1
2026-08-23,11,23,True,342.0,1,6
2026-08-10,10,5,False,306.0,1,0
2026-08-20,13,18,True,332.0,1,3
2026-08-15,11,37,True,326.0,1,5
2026-08-18,16,37,True,355.0,1,1
2026-08-20,16,7,True,310.0,0,3
2026-08-13,20,3,False,348.0,1,3
2026-08-29,17,1,True,248.0,0,5
2026-08-08,21,6,False,324.0,0,5
2026-08-09,16,7,True,340.0,0,6
2026-08-16,10,27,False,266.0,0,6
2026-08-19,10,31,False,278.0,1,2
2026-08-16,11,8,False,307.0,1,6
2026-08-07,16,14,True,357.0,1,4
2026-08-14,21,15,True,268.0,1,4
2026-08-28,13,7,True,347.0,0,4
2026-08-14,16,7,False,262.0,1,4
2026-08-25,15,33,False,325.0,1,1
2026-08-27,14,41,False,207.0,0,3
2026-08-04,20,7,True,430.0,1,1
2026-08-26,12,20,False,249.0,1,2
2026-08-15,20,7,True,390.0,1,5
2026-08-03,16,50,False,278.0,0,0
2026-08-05,11,14,True,295.0,0,2
2026-08-01,21,15,False,309.0,1,5
2026-08-03,11,18,True,369.0,1,0
2026-08-15,15,10,True,258.0,1,5
2026-08-24,11,35,False,316.0,1,0
2026-08-27,14,27,True,320.0,0,3
2026-08-08,11,43,False,311.0,1,5
2026-08-31,18,1,False,285.0,1,0
2026-08-29,8,28,False,282.0,0,5
2026-08-04,17,34,True,277.0,0,1
2026-08-02,16,48,True,347.0,0,6
2026-08-29,11,3,False,315.0,1,5
2026-08-24,10,49,True,359.0,1,0
2026-08-24,10,3,False,310.0,1,0
2026-08-10,16,11,True,358.0,1,0
2026-08-04,15,4,True,376.0,1,1
2026-08-03,17,30,True,247.0,0,0
2026-08-02,14,39,True,227.0,0,6
2026-08-25,14,32,True,389.0,1,1
2026-08-17,11,16,False,234.0,1,0
2026-08-23,10,17,False,249.0,0,6
2026-08-21,19,11,True,316.0,0,4
2026-08-24,11,36,False,222.0,0,0
2026-08-20,13,32,False,267.0,1,3
2026-08-23,19,35,False,250.0,1,6
2026-08-13,20,27,False,283.0,0,3
2026-08-05,21,48,False,309.0,1,2
2026-08-31,11,34,True,314.0,1,0
2026-08-30,11,5,True,312.0,1,6
2026-08-21,9,25,True,348.0,0,4
2026-08-30,21,28,False,340.0,1,6
2026-08-09,14,18,True,385.0,0,6
2026-08-25,13,3,False,273.0,1,1
2026-08-29,9,28,True,411.0,0,5
2026-08-25,12,2,False,320.0,1,1
2026-08-28,13,34,True,273.0,1,4
2026-08-22,12,22,True,274.0,0,5
2026-08-06,11,22,True,305.0,0,3
2026-08-05,18,30,True,382.0,0,2
2026-08-25,18,34,True,304.0,1,1
2026-08-10,16,48,False,205.0,1,0
2026-08-08,10,1,True,323.0,1,5
2026-08-07,18,29,True,245.0,1,4
2026-08-07,9,19,False,256.0,0,4
2026-08-06,16,19,True,297.0,1,3
2026-08-21,15,41,False,286.0,1,4
2026-08-29,16,41,False,321.0,1,5
2026-08-20,17,29,True,350.0,1,3
2026-08-03,18,43,True,277.0,0,0
2026-08-19,10,33,True,318.0,0,2
2026-08-22,8,17,False,308.0,1,5
2026-08-15,18,38,False,274.0,0,5
2026-08-04,8,1,False,294.0,1,1
2026-08-28,10,50,False,224.0,1,4
2026-08-12,11,41,True,282.0,1,2
2026-08-06,9,33,False,282.0,1,3
2026-08-19,15,36,False,156.0,1,2
2026-08-31,21,22,False,324.0,0,0
2026-08-04,20,18,False,238.0,1,1
2026-08-15,19,17,False,315.0,1,5
2026-08-09,10,32,True,356.0,1,6
2026-08-05,20,20,True,311.0,1,2
2026-08-13,21,23,True,378.0,0,3
2026-08-23,11,28,True,358.0,1,6
2026-08-26,13,46,False,270.0,0,2
2026-08-18,17,26,True,305.0,1,1
2026-08-30,20,7,False,336.0,1,6
2026-08-30,13,41,False,291.0,1,6
2026-08-05,20,20,True,374.0,0,2
2026-08-25,9,41,False,202.0,1,1
2026-08-16,13,47,False,286.0,1,6
2026-08-27,11,11,False,225.0,0,3
2026-08-19,12,7,True,323.0,0,2
2026-08-14,14,38,True,349.0,1,4
2026-08-25,14,27,True,390.0,0,1
2026-08-30,13,9,True,284.0,0,6
2026-08-16,17,4,False,261.0,1,6
2026-08-27,13,49,False,278.0,1,3
2026-08-15,13,38,False,243.0,1,5
2026-08-22,11,29,False,327.0,1,5
2026-08-04,10,49,False,290.0,0,1
2026-08-07,8,26,True,349.0,1,4
2026-08-16,10,25,False,317.0,1,6
2026-08-24,10,14,True,330.0,0,0
2026-08-22,16,37,False,248.0,1,5
2026-08-21,21,50,True,335.0,0,4
2026-08-22,10,28,True,298.0,0,5
2026-08-21,15,8,False,284.0,0,4
2026-08-08,15,42,False,320.0,0,5
2026-08-17,10,11,False,246.0,1,0
2026-08-16,17,35,False,221.0,1,6
2026-08-27,17,31,True,324.0,1,3
2026-08-23,19,34,False,257.0,1,6
2026-08-31,20,46,True,334.0,0,0
2026-08-10,13,36,False,295.0,1,0
2026-08-10,19,17,False,202.0,0,0
2026-08-27,15,49,True,348.0,0,3
2026-08-02,15,21,False,233.0,1,6
2026-08-31,17,26,False,281.0,1,0
2026-08-30,17,41,True,296.0,1,6
2026-08-09,16,28,False,258.0,0,6
2026-08-17,16,22,False,348.0,1,0
2026-08-11,15,41,False,293.0,1,1
2026-08-10,14,3,True,357.0,1,0
2026-08-22,17,28,True,328.0,1,5
2026-08-25,10,36,False,317.0,0,1
2026-08-17,14,2,True,337.0,1,0
2026-08-04,11,46,False,298.0,1,1
2026-08-16,9,20,True,382.0,0,6
2026-08-20,21,40,False,304.0,0,3
2026-08-15,15,50,False,371.0,0,5
2026-08-25,9,36,True,376.0,1,1
2026-08-27,8,8,True,299.0,0,3
2026-08-21,19,39,False,281.0,1,4
2026-08-05,19,25,False,304.0,1,2
2026-08-06,12,15,True,326.0,1,3
2026-08-17,17,30,False,309.0,1,0
2026-08-01,20,47,True,364.0,1,5
2026-08-31,16,34,True,266.0,0,0
2026-08-25,12,4,False,336.0,1,1
2026-08-19,18,22,True,305.0,0,2
2026-08-04,9,25,False,274.0,1,1
2026-08-17,17,9,True,298.0,1,0
2026-08-09,11,23,True,360.0,0,6
2026-08-31,15,39,True,309.0,0,0
2026-08-24,14,50,False,254.0,1,0
2026-08-02,12,12,False,268.0,0,6
2026-08-08,11,14,False,216.0,1,5
2026-08-15,21,7,True,304.0,0,5
2026-08-07,12,31,True,275.0,1,4
2026-08-27,14,6,False,270.0,0,3
2026-08-06,12,23,True,351.0,1,3
2026-08-01,15,19,False,302.0,0,5
2026-08-15,14,21,True,371.0,0,5
2026-08-23,14,19,False,322.0,1,6
2026-08-26,16,47,True,299.0,0,2
2026-08-07,15,19,False,281.0,1,4
2026-08-29,20,44,True,331.0,1,5
2026-08-30,19,34,True,242.0,0,6
2026-08-25,15,43,True,271.0,1,1
2026-08-17,13,13,True,315.0,1,0
2026-08-02,14,36,True,314.0,1,6
2026-08-27,15,25,False,300.0,0,3
2026-08-09,20,33,False,311.0,1,6
2026-08-29,12,21,False,214.0,1,5
2026-08-09,17,34,False,303.0,1,6
2026-08-13,9,46,False,305.0,0,3
2026-08-06,21,25,True,363.0,0,3
2026-08-06,14,18,True,363.0,0,3
2026-08-20,17,43,True,316.0,0,3
2026-08-20,10,11,False,342.0,1,3
2026-08-21,17,19,True,286.0,1,4
2026-08-03,18,49,True,287.0,0,0
2026-08-17,15,49,False,297.0,0,0
2026-08-31,13,34,True,307.0,0,0
2026-08-17,18,2,False,295.0,1,0
2026-08-12,21,30,False,378.0,1,2
2026-08-16,11,45,True,344.0,1,6
2026-08-15,9,38,True,346.0,0,5
2026-08-13,20,15,True,298.0,0,3
2026-08-23,14,11,False,213.0,1,6
2026-08-01,8,24,True,342.0,1,5
2026-08-17,14,4,False,323.0,0,0
2026-08-03,20,19,False,280.0,1,0
2026-08-26,17,29,True,338.0,1,2
2026-08-15,20,14,True,390.0,1,5
2026-08-04,17,50,False,338.0,0,1
2026-08-04,14,17,True,338.0,0,1
2026-08-18,17,8,False,289.0,1,1
2026-08-17,20,13,True,272.0,1,0
2026-08-19,10,23,False,267.0,1,2
2026-08-11,11,29,False,277.0,1,1
2026-08-20,19,47,False,254.0,1,3
2026-08-03,11,11,True,338.0,1,0
2026-08-08,11,16,True,404.0,0,5
2026-08-14,16,50,False,341.0,1,4
2026-08-26,13,44,True,332.0,1,2
2026-08-01,17,23,True,353.0,1,5
2026-08-14,16,12,False,251.0,1,4
2026-08-02,19,38,True,387.0,1,6
2026-08-29,11,24,True,266.0,1,5
2026-08-23,14,31,True,357.0,0,6
2026-08-04,20,38,False,312.0,0,1
2026-08-24,19,36,False,258.0,0,0
2026-08-27,17,1,True,314.0,0,3
2026-08-29,19,26,True,283.0,0,5
2026-08-19,19,17,True,284.0,0,2
2026-08-06,16,36,False,217.0,1,3
2026-08-25,17,17,True,353.0,0,1
2026-08-01,10,37,False,341.0,1,5
2026-08-17,20,27,True,246.0,1,0
2026-08-08,10,25,False,366.0,1,5
2026-08-19,13,30,True,322.0,0,2
2026-08-21,15,41,False,292.0,0,4
2026-08-01,8,25,True,286.0,0,5
2026-08-05,11,38,True,381.0,0,2
2026-08-27,20,32,False,301.0,1,3
2026-08-16,15,12,False,326.0,0,6
2026-08-06,13,49,True,371.0,0,3
2026-08-08,21,21,False,351.0,0,5
2026-08-13,9,42,False,272.0,1,3
2026-08-16,15,34,False,272.0,1,6
2026-08-30,20,1,True,308.0,0,6
2026-08-03,21,13,False,334.0,1,0
2026-08-19,8,21,True,358.0,0,2
2026-08-12,19,1,True,371.0,1,2
2026-08-16,8,13,False,349.0,0,6
2026-08-27,14,31,True,251.0,1,3
2026-08-11,21,23,True,392.0,0,1
2026-08-10,17,3,False,320.0,1,0
2026-08-25,10,11,False,278.0,1,1
2026-08-20,19,29,True,342.0,1,3
2026-08-31,19,48,True,323.0,0,0
2026-08-04,15,18,False,305.0,1,1
2026-08-12,16,25,True,306.0,1,2
2026-08-23,15,34,False,299.0,0,6
2026-08-02,8,18,False,307.0,1,6
2026-08-24,8,49,True,327.0,1,0
2026-08-22,13,1,False,290.0,1,5
2026-08-19,19,28,False,396.0,0,2
2026-08-25,8,4,True,317.0,1,1
2026-08-05,15,21,False,270.0,1,2
2026-08-08,20,6,False,266.0,0,5
2026-08-07,21,21,False,275.0,0,4
2026-08-14,13,37,False,315.0,1,4
2026-08-24,12,30,True,353.0,0,0
2026-08-23,20,20,True,332.0,0,6
2026-08-03,13,41,True,363.0,1,0
2026-08-18,11,32,True,360.0,0,1
2026-08-16,8,31,True,338.0,1,6
2026-08-23,14,36,False,219.0,0,6
2026-08-19,17,25,False,315.0,1,2
2026-08-19,16,5,False,287.0,1,2
2026-08-18,11,8,False,289.0,1,1
2026-08-20,20,17,False,274.0,0,3
2026-08-16,11,15,True,358.0,1,6
2026-08-08,16,20,False,294.0,1,5
2026-08-28,11,45,True,319.0,1,4
2026-08-01,17,47,False,233.0,0,5
2026-08-17,11,29,False,331.0,1,0
2026-08-12,15,36,True,344.0,1,2
2026-08-30,18,50,False,295.0,1,6
2026-08-21,11,28,False,182.0,0,4
2026-08-11,16,8,True,319.0,1,1
2026-08-05,18,14,False,275.0,0,2
2026-08-27,15,33,True,295.0,1,3
2026-08-12,12,34,True,355.0,1,2
2026-08-17,16,29,False,309.0,1,0
2026-08-06,15,22,False,297.0,0,3
2026-08-01,21,3,False,340.0,1,5
2026-08-05,17,48,False,241.0,1,2
2026-08-25,11,23,True,310.0,1,1
2026-08-28,11,3,False,291.0,0,4
2026-08-14,8,6,False,280.0,1,4
2026-08-05,11,40,False,317.0,0,2
2026-08-22,19,23,True,307.0,1,5
2026-08-24,20,12,False,344.0,1,0
2026-08-27,15,5,False,243.0,1,3
2026-08-01,19,5,False,373.0,1,5
2026-08-30,19,3,False,369.0,0,6
2026-08-18,12,4,True,321.0,1,1
2026-08-16,13,24,False,328.0,0,6
2026-08-09,11,5,False,272.0,1,6
2026-08-19,21,31,True,379.0,0,2
2026-08-22,12,35,False,277.0,1,5
2026-08-05,17,42,True,271.0,1,2
2026-08-27,15,19,True,179.0,0,3
2026-08-02,19,8,False,277.0,0,6
2026-08-30,16,28,True,332.0,1,6
2026-08-15,10,38,True,386.0,1,5
2026-08-07,17,23,False,283.0,1,4
2026-08-04,11,7,True,368.0,0,1
2026-08-01,8,38,True,326.0,1,5
2026-08-13,18,13,True,311.0,0,3
2026-08-20,12,45,True,367.0,1,3
2026-08-22,11,21,False,189.0,1,5
2026-08-07,13,37,False,283.0,1,4
2026-08-15,13,6,False,266.0,1,5
2026-08-23,20,10,False,347.0,1,6
2026-08-14,17,27,True,301.0,1,4
2026-08-23,13,26,False,303.0,0,6
2026-08-19,10,42,False,329.0,1,2
2026-08-22,21,28,False,238.0,0,5
2026-08-29,14,16,False,275.0,1,5
2026-08-24,10,50,False,275.0,0,0
2026-08-20,13,28,False,320.0,0,3
2026-08-29,20,3,True,360.0,0,5
2026-08-24,20,1,False,283.0,0,0
2026-08-18,21,3,True,296.0,1,1
2026-08-31,17,30,True,364.0,0,0
2026-08-10,8,19,True,342.0,0,0
2026-08-09,21,33,True,273.0,1,6
2026-08-25,15,8,True,259.0,1,1
2026-08-08,14,19,True,338.0,1,5
2026-08-26,19,36,False,237.0,1,2
2026-08-30,16,48,False,355.0,1,6
2026-08-29,21,37,False,261.0,1,5
2026-08-10,10,5,True,332.0,1,0
2026-08-17,19,34,False,294.0,0,0
2026-08-02,15,38,False,251.0,1,6
2026-08-06,9,27,True,248.0,0,3
2026-08-26,16,39,False,288.0,1,2
2026-08-05,8,47,False,274.0,1,2
2026-08-28,19,42,True,333.0,1,4
2026-08-30,17,42,False,277.0,1,6
2026-08-09,14,24,False,291.0,1,6
2026-08-05,21,48,True,400.0,1,2
2026-08-18,17,31,True,300.0,1,1
2026-08-26,21,22,True,319.0,0,2
2026-08-20,8,23,True,278.0,1,3
2026-08-09,13,41,False,274.0,1,6
2026-08-17,8,24,False,321.0,1,0
2026-08-27,20,40,True,313.0,1,3
2026-08-17,11,32,False,305.0,1,0
2026-08-12,14,33,True,313.0,1,2
2026-08-07,9,28,True,286.0,1,4
2026-08-27,10,17,True,345.0,1,3
2026-08-03,11,26,False,280.0,1,0
2026-08-10,13,18,True,327.0,1,0
2026-08-02,20,15,True,310.0,0,6
2026-08-25,19,38,True,302.0,1,1
2026-08-03,16,22,False,287.0,1,0
2026-08-16,11,49,False,279.0,0,6
2026-08-02,13,18,True,391.0,0,6
2026-08-28,19,21,True,360.0,1,4
2026-08-24,14,19,False,302.0,0,0
2026-08-10,11,2,False,281.0,1,0
2026-08-06,13,30,True,241.0,1,3
2026-08-22,10,25,False,260.0,0,5
2026-08-26,12,26,False,259.0,0,2
2026-08-11,19,39,True,317.0,1,1
2026-08-23,19,17,False,287.0,0,6
2026-08-07,18,47,False,311.0,1,4
2026-08-27,17,16,False,293.0,1,3
2026-08-29,11,27,True,374.0,1,5
2026-08-15,14,49,True,308.0,1,5
2026-08-06,13,3,True,332.0,0,3
2026-08-20,14,42,True,334.0,1,3
2026-08-27,13,38,False,292.0,0,3
2026-08-09,19,29,False,339.0,1,6
2026-08-22,9,2,False,330.0,1,5
2026-08-20,21,43,False,245.0,1,3
2026-08-12,14,40,True,316.0,0,2
2026-08-19,15,14,False,279.0,1,2
2026-08-20,14,12,False,367.0,1,3
2026-08-03,11,24,True,315.0,1,0
2026-08-15,11,28,False,249.0,1,5
2026-08-02,19,39,True,346.0,1,6
2026-08-30,12,18,False,304.0,0,6
2026-08-21,21,25,False,295.0,1,4
2026-08-02,16,37,True,312.0,1,6
2026-08-22,12,6,False,322.0,1,5
2026-08-03,9,45,False,264.0,0,0
2026-08-06,12,30,True,311.0,1,3
2026-08-15,20,31,True,312.0,0,5
2026-08-27,10,34,True,376.0,1,3
2026-08-10,17,19,False,293.0,1,0
2026-08-09,15,28,False,237.0,1,6
2026-08-01,17,8,False,243.0,1,5
2026-08-16,17,11,False,357.0,0,6
2026-08-06,20,16,False,336.0,1,3
2026-08-09,9,26,True,372.0,0,6
2026-08-27,21,1,False,298.0,1,3
2026-08-04,18,31,True,385.0,1,1
2026-08-27,11,27,True,284.0,1,3
2026-08-28,12,48,False,315.0,0,4
2026-08-02,19,44,True,310.0,0,6
2026-08-29,11,49,False,278.0,0,5
2026-08-04,20,9,False,322.0,1,1
2026-08-01,21,26,True,332.0,0,5
2026-08-19,12,6,True,307.0,1,2
2026-08-26,17,7,False,262.0,0,2
2026-08-25,18,13,False,205.0,0,1
2026-08-10,20,49,True,363.0,1,0
2026-08-21,11,10,True,288.0,1,4
2026-08-15,20,43,False,367.0,1,5
2026-08-27,10,46,False,281.0,0,3
2026-08-22,8,49,True,397.0,1,5
2026-08-19,21,31,True,266.0,0,2
2026-08-16,11,48,False,317.0,1,6
2026-08-21,16,37,False,320.0,1,4
2026-08-27,8,18,False,357.0,1,3
2026-08-24,14,11,False,219.0,0,0
2026-08-22,10,10,False,264.0,1,5
2026-08-04,15,28,True,343.0,1,1
2026-08-02,13,21,False,288.0,1,6
2026-08-30,20,25,True,344.0,0,6
2026-08-25,8,6,False,290.0,0,1
2026-08-13,17,42,True,384.0,1,3
2026-08-28,12,11,True,429.0,0,4
2026-08-01,21,33,False,302.0,0,5
2026-08-17,19,5,False,306.0,1,0
2026-08-13,20,34,True,335.0,0,3
2026-08-04,15,32,False,331.0,0,1
2026-08-07,18,43,True,358.0,0,4
2026-08-17,10,46,True,290.0,0,0
2026-08-09,19,24,False,263.0,1,6
2026-08-04,19,13,True,288.0,1,1
2026-08-19,11,43,False,396.0,1,2
2026-08-01,14,6,True,346.0,0,5
2026-08-10,18,34,False,261.0,0,0
2026-08-04,13,25,False,255.0,1,1
2026-08-09,21,41,True,370.0,1,6
2026-08-13,14,23,True,357.0,1,3
2026-08-14,20,50,False,324.0,0,4
2026-08-10,16,46,False,263.0,1,0
2026-08-06,16,13,True,333.0,0,3
2026-08-16,9,28,False,302.0,1,6
2026-08-06,10,44,True,295.0,1,3
2026-08-17,11,44,True,291.0,1,0
2026-08-10,13,13,True,338.0,0,0
2026-08-18,12,7,True,332.0,1,1
2026-08-27,13,48,False,304.0,0,3
2026-08-22,18,17,False,316.0,1,5
2026-08-18,15,9,False,340.0,1,1
2026-08-03,9,14,False,267.0,1,0
2026-08-20,13,30,False,307.0,0,3
2026-08-27,16,41,False,310.0,0,3
2026-08-21,12,38,False,272.0,1,4
2026-08-31,8,30,False,309.0,0,0
2026-08-25,20,33,False,281.0,1,1
2026-08-28,15,25,True,404.0,1,4
2026-08-15,11,31,False,292.0,1,5
2026-08-15,15,23,False,298.0,0,5
2026-08-04,20,27,False,282.0,1,1
2026-08-29,11,33,False,269.0,1,5
2026-08-27,18,47,False,232.0,1,3
2026-08-09,15,49,False,324.0,1,6
2026-08-27,16,20,True,351.0,1,3
2026-08-26,12,28,False,272.0,1,2
2026-08-19,12,8,True,288.0,1,2
2026-08-24,9,22,False,305.0,0,0
2026-08-28,16,35,False,261.0,1,4
2026-08-17,18,31,True,316.0,1,0
2026-08-11,11,44,True,277.0,1,1
2026-08-25,10,24,False,301.0,1,1
2026-08-09,9,15,True,347.0,0,6
2026-08-10,10,50,True,376.0,1,0
2026-08-18,11,45,False,282.0,0,1
2026-08-20,16,31,True,307.0,0,3
2026-08-13,13,5,True,260.0,0,3
2026-08-08,17,22,False,326.0,1,5
2026-08-07,12,17,True,360.0,1,4
2026-08-17,20,28,True,334.0,1,0
2026-08-21,16,3,False,227.0,0,4
2026-08-23,15,19,False,231.0,1,6
2026-08-15,13,38,False,260.0,1,5
2026-08-20,10,27,False,331.0,1,3
2026-08-15,14,17,False,292.0,1,5
2026-08-31,20,32,True,273.0,0,0
2026-08-01,17,37,True,338.0,1,5
2026-08-25,13,21,True,288.0,1,1
2026-08-14,19,37,True,307.0,1,4
2026-08-05,18,11,False,323.0,1,2
2026-08-11,21,1,False,329.0,1,1
2026-08-16,15,30,True,364.0,0,6
2026-08-02,19,26,False,287.0,1,6
2026-08-08,13,45,True,357.0,1,5
2026-08-11,21,49,True,315.0,0,1
2026-08-29,18,43,False,274.0,0,5
2026-08-18,17,50,True,309.0,0,1
2026-08-03,11,36,True,329.0,0,0
2026-08-30,17,26,True,271.0,1,6
2026-08-26,19,42,True,319.0,0,2
2026-08-01,14,27,False,339.0,0,5
2026-08-11,14,26,False,237.0,1,1
2026-08-16,18,43,True,271.0,1,6
2026-08-18,15,18,True,270.0,0,1
2026-08-30,9,33,False,404.0,1,6
2026-08-16,18,36,False,303.0,1,6
2026-08-23,13,37,True,311.0,1,6
2026-08-10,21,34,True,341.0,0,0
2026-08-18,10,26,False,302.0,1,1
2026-08-06,15,22,False,254.0,1,3
2026-08-31,11,24,True,307.0,0,0
2026-08-19,21,12,False,292.0,0,2
2026-08-04,11,11,True,299.0,0,1
2026-08-27,9,21,False,282.0,1,3
2026-08-31,20,16,False,307.0,0,0
2026-08-13,13,36,False,242.0,1,3
2026-08-24,13,7,True,426.0,1,0
2026-08-14,8,28,True,375.0,1,4
2026-08-03,19,24,True,277.0,0,0
2026-08-10,15,13,False,181.0,1,0
2026-08-06,10,14,True,305.0,1,3
2026-08-01,8,43,True,372.0,1,5
2026-08-23,17,31,True,342.0,1,6
2026-08-24,8,8,False,300.0,0,0
2026-08-27,8,1,True,320.0,0,3
2026-08-14,12,40,True,288.0,1,4
2026-08-08,12,17,True,308.0,1,5
2026-08-19,8,41,False,264.0,1,2
2026-08-14,12,13,False,269.0,0,4
2026-08-10,14,47,False,334.0,1,0
2026-08-17,12,27,False,254.0,1,0
2026-08-09,16,13,False,305.0,1,6
2026-08-29,11,40,True,359.0,1,5
2026-08-06,20,27,False,249.0,1,3
2026-08-11,16,32,True,287.0,1,1
2026-08-25,19,12,True,371.0,1,1
2026-08-07,15,43,False,243.0,1,4
2026-08-17,21,13,True,336.0,0,0
2026-08-28,20,16,True,414.0,1,4
2026-08-28,8,34,True,384.0,1,4
2026-08-01,20,6,False,296.0,0,5
2026-08-22,11,48,True,362.0,0,5
2026-08-05,14,18,False,278.0,1,2
2026-08-09,8,17,False,345.0,1,6
2026-08-18,19,47,False,206.0,1,1
2026-08-24,15,39,True,314.0,0,0
2026-08-27,21,14,False,215.0,0,3
2026-08-21,18,7,True,331.0,1,4
2026-08-02,9,6,True,329.0,1,6
2026-08-29,15,12,True,374.0,1,5
2026-08-26,18,34,False,313.0,1,2
2026-08-11,20,1,True,311.0,1,1
2026-08-27,11,50,True,312.0,0,3
2026-08-28,15,29,True,335.0,1,4
2026-08-06,8,28,True,322.0,1,3
2026-08-26,19,5,False,287.0,1,2
2026-08-08,12,21,False,337.0,1,5
2026-08-04,16,39,False,247.0,1,1
2026-08-18,14,47,True,303.0,1,1
2026-08-28,10,38,True,320.0,0,4
2026-08-11,11,34,False,414.0,1,1
2026-08-05,17,21,True,346.0,0,2
2026-08-15,14,24,False,326.0,1,5
2026-08-28,21,49,True,369.0,0,4
2026-08-18,13,13,False,315.0,0,1
2026-08-02,20,45,True,351.0,1,6
2026-08-31,20,46,True,347.0,1,0
2026-08-22,11,23,False,230.0,1,5
2026-08-11,10,32,False,307.0,0,1
2026-08-26,18,8,True,320.0,1,2
2026-08-25,9,47,False,320.0,1,1
2026-08-13,17,11,False,279.0,1,3
2026-08-04,19,13,True,359.0,0,1
2026-08-22,16,20,True,358.0,1,5
2026-08-07,10,1,True,216.0,1,4
2026-08-29,14,2,True,303.0,1,5
2026-08-11,8,11,False,230.0,1,1
2026-08-22,15,46,True,330.0,1,5
2026-08-24,8,30,True,332.0,1,0
2026-08-04,19,5,True,382.0,0,1
2026-08-28,9,7,False,306.0,0,4
2026-08-15,8,24,True,325.0,0,5
2026-08-01,11,31,True,366.0,1,5
2026-08-23,9,48,True,325.0,0,6
2026-08-03,8,30,False,285.0,1,0
2026-08-14,8,43,True,360.0,1,4
2026-08-06,9,15,False,363.0,0,3
2026-08-18,13,36,True,356.0,0,1
2026-08-25,9,10,True,361.0,0,1
2026-08-01,20,1,False,403.0,0,5
2026-08-06,20,7,True,303.0,0,3
2026-08-06,19,44,False,258.0,1,3
2026-08-21,19,26,False,294.0,1,4
2026-08-16,18,43,False,345.0,0,6
2026-08-29,20,43,False,255.0,1,5
2026-08-05,9,49,True,408.0,1,2
2026-08-17,15,30,True,262.0,0,0
2026-08-10,12,1,False,280.0,1,0
2026-08-28,21,15,False,305.0,1,4
2026-08-21,15,20,False,245.0,1,4
2026-08-18,19,22,True,303.0,1,1
2026-08-07,21,25,True,370.0,0,4
2026-08-03,19,50,False,346.0,1,0
2026-08-13,21,36,True,253.0,1,3
2026-08-15,15,37,True,327.0,0,5
2026-08-20,19,46,True,323.0,0,3
2026-08-19,9,45,False,302.0,1,2
2026-08-03,21,27,True,325.0,0,0
2026-08-04,14,19,False,229.0,1,1
2026-08-05,16,19,True,382.0,1,2
2026-08-01,19,16,False,334.0,1,5
2026-08-04,15,21,False,276.0,1,1
2026-08-12,20,33,True,313.0,1,2
2026-08-28,16,42,False,256.0,0,4
2026-08-27,20,31,True,229.0,0,3
2026-08-24,15,34,True,334.0,1,0
2026-08-10,11,15,False,319.0,1,0
2026-08-23,17,36,True,328.0,1,6
2026-08-25,14,26,True,317.0,1,1
2026-08-21,16,30,True,326.0,0,4
2026-08-29,16,31,True,286.0,0,5
2026-08-31,11,25,False,268.0,1,0
2026-08-26,14,4,True,314.0,1,2
2026-08-20,13,12,False,310.0,1,3
2026-08-24,19,19,False,343.0,0,0
2026-08-25,19,9,True,319.0,0,1
2026-08-13,10,25,True,291.0,0,3
2026-08-23,17,48,False,283.0,1,6
2026-08-14,13,47,True,402.0,1,4
2026-08-23,15,41,True,282.0,0,6
2026-08-05,9,50,True,373.0,0,2
2026-08-04,19,7,False,341.0,1,1
2026-08-14,10,27,False,278.0,1,4
2026-08-10,15,48,True,292.0,1,0
2026-08-17,11,47,True,351.0,0,0
2026-08-10,11,43,False,302.0,1,0
2026-08-26,9,6,False,326.0,1,2
2026-08-07,18,35,False,367.0,0,4
2026-08-16,17,32,False,289.0,1,6
2026-08-01,19,14,True,280.0,1,5
2026-08-17,20,6,False,295.0,1,0
2026-08-21,8,49,True,354.0,1,4
2026-08-29,14,18,True,371.0,1,5
2026-08-09,21,31,False,290.0,1,6
2026-08-06,11,16,True,312.0,1,3
2026-08-19,13,3,False,227.0,0,2
2026-08-13,15,31,True,342.0,0,3
2026-08-03,18,38,False,418.0,1,0
2026-08-07,14,17,False,272.0,1,4
2026-08-22,20,5,True,351.0,0,5
2026-08-09,21,16,False,276.0,1,6
2026-08-22,14,17,True,269.0,1,5
2026-08-05,13,31,False,299.0,1,2
2026-08-10,18,16,True,326.0,0,0
2026-08-23,11,21,False,193.0,1,6
2026-08-17,11,41,True,392.0,0,0
2026-08-12,16,39,True,337.0,0,2
2026-08-23,18,37,True,327.0,0,6
2026-08-16,12,41,True,308.0,1,6
2026-08-03,16,10,False,297.0,0,0
2026-08-30,18,32,False,303.0,1,6
2026-08-25,19,25,False,304.0,1,1
2026-08-31,16,33,True,363.0,0,0
2026-08-22,11,39,True,380.0,1,5
2026-08-09,9,37,True,418.0,0,6
2026-08-29,9,38,False,265.0,1,5
2026-08-15,16,38,False,258.0,1,5
2026-08-05,16,28,True,335.0,1,2
2026-08-23,10,15,True,301.0,0,6
2026-08-13,12,8,True,300.0,1,3
2026-08-14,12,1,False,304.0,0,4
2026-08-20,9,10,False,334.0,0,3
2026-08-15,9,35,False,349.0,0,5
2026-08-16,17,48,True,314.0,1,6
2026-08-23,19,33,False,307.0,1,6
2026-08-13,20,16,False,302.0,1,3
2026-08-17,8,14,True,345.0,0,0
2026-08-23,9,5,False,265.0,0,6
2026-08-08,21,16,True,300.0,1,5
2026-08-21,18,21,True,351.0,0,4
2026-08-02,14,11,False,247.0,1,6
2026-08-05,8,50,True,273.0,1,2
2026-08-06,8,7,False,303.0,1,3
2026-08-12,16,8,False,339.0,0,2
2026-08-18,20,17,True,221.0,0,1
2026-08-30,9,30,False,286.0,0,6
2026-08-22,18,14,False,312.0,0,5
2026-08-22,11,49,True,255.0,1,5
2026-08-01,18,44,True,316.0,0,5
2026-08-30,10,50,True,287.0,1,6
2026-08-17,21,33,True,298.0,0,0
2026-08-30,18,24,True,308.0,0,6
2026-08-11,11,7,True,283.0,1,1
2026-08-10,18,38,True,276.0,1,0
2026-08-19,21,15,False,296.0,1,2
2026-08-14,18,50,True,414.0,0,4
2026-08-26,14,43,False,311.0,1,2
2026-08-10,17,25,False,322.0,1,0
2026-08-15,21,17,False,330.0,0,5
2026-08-28,9,33,True,310.0,1,4
2026-08-19,9,2,False,310.0,1,2
2026-08-04,16,39,False,324.0,1,1
2026-08-02,13,10,False,315.0,1,6
2026-08-09,18,14,True,332.0,0,6
2026-08-10,14,12,True,341.0,1,0
2026-08-28,12,17,False,383.0,1,4
2026-08-11,20,14,True,366.0,1,1
2026-08-14,12,10,True,312.0,1,4
2026-08-07,11,44,True,325.0,0,4
2026-08-23,15,39,False,238.0,0,6
2026-08-15,14,40,False,374.0,1,5
2026-08-22,17,29,True,386.0,1,5
2026-08-31,9,45,False,301.0,1,0
2026-08-19,9,6,False,385.0,1,2
2026-08-22,13,40,True,347.0,0,5
2026-08-15,19,31,False,271.0,0,5
2026-08-30,18,37,False,321.0,1,6
2026-08-28,8,9,False,320.0,1,4
2026-08-24,14,43,True,354.0,1,0
2026-08-08,15,45,False,225.0,1,5
2026-08-11,21,33,True,306.0,0,1
2026-08-29,17,7,True,382.0,1,5
2026-08-09,15,38,True,388.0,1,6
2026-08-15,10,8,False,349.0,1,5
2026-08-01,20,34,False,381.0,0,5
2026-08-30,14,17,True,344.0,1,6
2026-08-01,8,17,True,365.0,0,5
2026-08-19,20,30,False,256.0,1,2
2026-08-03,18,18,True,301.0,0,0
2026-08-10,10,39,False,213.0,0,0
2026-08-08,20,15,True,320.0,1,5
2026-08-15,13,45,True,240.0,0,5
2026-08-10,16,20,False,324.0,1,0
2026-08-01,12,25,True,340.0,1,5
2026-08-29,20,14,True,251.0,1,5
2026-08-18,21,27,True,330.0,0,1
2026-08-02,12,47,False,363.0,1,6
2026-08-19,16,35,False,275.0,0,2
2026-08-13,19,28,True,288.0,0,3
2026-08-22,16,6,True,249.0,0,5
2026-08-01,13,41,False,212.0,0,5
2026-08-02,12,31,True,346.0,1,6
2026-08-29,17,14,False,265.0,1,5
2026-08-16,9,16,True,324.0,0,6
2026-08-15,18,49,True,307.0,1,5
2026-08-13,15,44,False,274.0,1,3
2026-08-16,19,36,True,279.0,0,6
2026-08-17,15,5,False,293.0,1,0
2026-08-21,14,32,True,264.0,1,4
2026-08-29,21,11,True,308.0,1,5
2026-08-29,15,22,False,320.0,0,5
2026-08-07,10,43,True,348.0,0,4
2026-08-24,10,40,False,320.0,1,0
2026-08-26,9,28,True,424.0,1,2
2026-08-17,8,50,False,302.0,1,0
2026-08-07,10,6,False,293.0,1,4
2026-08-13,10,39,True,322.0,1,3
2026-08-05,14,6,False,263.0,1,2
2026-08-26,19,46,False,248.0,1,2
2026-08-17,17,20,True,325.0,1,0
2026-08-03,16,38,False,295.0,1,0
2026-08-07,19,4,False,304.0,1,4
2026-08-26,8,25,True,347.0,0,2
2026-08-17,15,13,True,357.0,0,0
2026-08-07,8,49,True,346.0,1,4
2026-08-21,10,12,True,316.0,1,4
2026-08-01,11,9,False,251.0,0,5
2026-08-17,18,3,True,263.0,1,0
2026-08-30,15,32,False,338.0,0,6
2026-08-17,20,11,True,305.0,0,0
2026-08-11,8,5,True,307.0,0,1
2026-08-25,19,35,False,271.0,0,1
2026-08-27,9,49,False,287.0,0,3
2026-08-29,18,24,False,350.0,0,5
2026-08-03,12,41,True,311.0,1,0
2026-08-15,13,6,True,427.0,0,5
2026-08-29,12,18,True,327.0,1,5
2026-08-21,20,38,False,375.0,0,4
2026-08-11,10,6,True,368.0,1,1
2026-08-26,17,22,False,296.0,1,2
2026-08-28,14,42,False,344.0,0,4
2026-08-16,19,43,True,373.0,1,6
2026-08-25,8,14,False,330.0,0,1
2026-08-22,9,12,False,391.0,1,5
2026-08-28,18,25,False,265.0,0,4
2026-08-09,21,20,True,298.0,0,6
2026-08-24,19,18,True,301.0,0,0
2026-08-24,16,24,True,391.0,1,0
2026-08-01,21,15,True,396.0,1,5
2026-08-29,11,31,False,267.0,0,5
2026-08-25,15,42,False,186.0,1,1
2026-08-22,16,1,True,312.0,1,5
2026-08-16,14,15,False,240.0,1,6
2026-08-09,8,34,False,285.0,1,6
2026-08-19,12,2,True,282.0,1,2
2026-08-12,13,36,True,258.0,1,2
2026-08-19,21,23,False,373.0,1,2
2026-08-22,18,24,False,257.0,0,5
2026-08-09,15,46,False,337.0,1,6
2026-08-07,17,32,True,313.0,0,4
2026-08-14,20,46,True,287.0,1,4
2026-08-29,15,13,True,340.0,1,5
2026-08-19,20,33,False,277.0,1,2
2026-08-19,19,42,False,280.0,1,2
2026-08-02,21,14,True,344.0,1,6
2026-08-09,16,17,False,248.0,0,6
2026-08-13,16,16,False,216.0,1,3
2026-08-15,11,32,False,286.0,0,5
2026-08-03,13,15,False,321.0,1,0
2026-08-11,10,43,True,296.0,1,1
2026-08-21,8,31,False,311.0,1,4
2026-08-14,20,12,True,393.0,0,4
2026-08-30,20,33,True,329.0,1,6
2026-08-25,13,3,False,285.0,0,1
2026-08-08,8,11,False,307.0,1,5
2026-08-18,16,43,False,253.0,1,1
2026-08-19,18,5,False,245.0,1,2
2026-08-16,13,47,False,242.0,0,6
2026-08-02,8,27,False,319.0,0,6
2026-08-08,18,16,True,355.0,1,5
2026-08-22,20,35,False,325.0,0,5
2026-08-06,10,40,True,317.0,1,3
2026-08-12,8,16,True,388.0,0,2
2026-08-15,9,16,True,350.0,0,5
2026-08-25,13,22,False,285.0,0,1
2026-08-08,14,4,False,147.0,0,5
2026-08-04,8,32,False,272.0,1,1
2026-08-15,17,27,False,221.0,1,5
2026-08-28,12,15,True,350.0,0,4
2026-08-20,13,19,False,286.0,1,3
2026-08-25,11,26,False,245.0,1,1
2026-08-17,13,15,False,294.0,1,0
2026-08-13,12,45,False,228.0,1,3
2026-08-18,20,10,False,251.0,1,1
2026-08-02,20,34,False,264.0,1,6
2026-08-13,18,38,False,306.0,1,3
2026-08-13,14,49,True,376.0,0,3
2026-08-22,20,26,False,269.0,1,5
2026-08-15,11,8,True,381.0,0,5
2026-08-20,8,16,True,346.0,1,3
2026-08-29,9,29,False,307.0,1,5
2026-08-27,13,32,True,319.0,1,3
2026-08-10,21,21,False,290.0,1,0
2026-08-29,20,32,True,350.0,0,5
2026-08-03,17,45,True,352.0,1,0
2026-08-19,20,12,True,297.0,1,2
2026-08-03,18,48,True,317.0,1,0
2026-08-22,9,39,False,365.0,0,5
2026-08-14,20,10,True,340.0,1,4
2026-08-08,12,6,True,336.0,1,5
2026-08-27,19,37,True,375.0,0,3
2026-08-23,11,18,True,308.0,1,6
2026-08-30,14,48,False,279.0,0,6
2026-08-04,11,31,True,361.0,1,1
2026-08-27,14,35,False,330.0,1,3
2026-08-28,18,3,False,190.0,1,4
2026-08-20,15,5,False,251.0,1,3
2026-08-11,14,34,False,241.0,1,1
2026-08-26,9,33,True,333.0,0,2
2026-08-31,18,36,True,288.0,0,0
2026-08-11,8,10,False,331.0,1,1
2026-08-27,12,45,False,291.0,1,3
2026-08-30,20,3,False,328.0,1,6
2026-08-11,20,11,False,331.0,1,1
2026-08-02,19,3,True,355.0,0,6
2026-08-30,20,28,True,319.0,0,6
2026-08-17,14,42,False,285.0,1,0
2026-08-09,19,28,False,270.0,1,6
2026-08-28,8,9,True,290.0,0,4
2026-08-31,18,26,False,323.0,1,0
2026-08-28,15,29,True,317.0,0,4
2026-08-02,10,10,True,272.0,1,6
2026-08-29,14,27,False,302.0,0,5
2026-08-24,10,45,False,284.0,0,0
2026-08-15,11,32,False,206.0,0,5
2026-08-16,15,18,True,265.0,0,6
2026-08-25,21,18,True,310.0,0,1
2026-08-04,21,22,False,306.0,0,1
2026-08-08,9,17,True,370.0,0,5
2026-08-09,13,49,False,312.0,0,6
2026-08-26,17,25,False,306.0,0,2
2026-08-26,16,26,False,279.0,1,2
2026-08-05,17,5,True,391.0,1,2
2026-08-16,16,9,False,308.0,0,6
2026-08-13,12,44,True,333.0,1,3
2026-08-30,10,44,True,355.0,0,6
2026-08-07,13,24,True,306.0,1,4
2026-08-26,19,7,True,326.0,1,2
2026-08-20,16,20,False,197.0,0,3
2026-08-17,13,44,True,307.0,0,0
2026-08-03,11,41,True,398.0,1,0
2026-08-05,19,8,False,294.0,0,2
2026-08-19,18,19,True,329.0,0,2
2026-08-12,20,35,False,332.0,1,2
2026-08-29,12,43,True,339.0,1,5
2026-08-27,14,44,True,289.0,1,3
2026-08-07,17,25,False,283.0,1,4
2026-08-28,21,17,True,293.0,1,4
2026-08-09,20,39,False,300.0,1,6
2026-08-31,10,25,True,299.0,1,0
2026-08-28,21,35,True,375.0,0,4
2026-08-06,19,39,True,308.0,1,3
2026-08-29,16,39,True,288.0,0,5
2026-08-26,8,46,True,340.0,1,2
2026-08-17,15,2,False,295.0,0,0
2026-08-16,12,16,True,276.0,0,6
2026-08-23,17,42,True,301.0,1,6
2026-08-31,16,14,True,325.0,0,0
2026-08-03,9,29,False,352.0,0,0
2026-08-21,8,39,False,203.0,0,4
2026-08-26,17,2,False,307.0,0,2
2026-08-04,14,10,False,265.0,1,1
2026-08-10,17,2,True,302.0,1,0
2026-08-05,19,27,True,301.0,1,2
2026-08-21,18,13,False,270.0,1,4
2026-08-22,16,2,False,305.0,1,5
2026-08-30,21,42,True,317.0,0,6
2026-08-10,12,14,True,391.0,1,0
2026-08-12,18,17,False,309.0,0,2
2026-08-10,11,44,False,296.0,1,0
2026-08-29,11,49,True,321.0,1,5
2026-08-13,19,38,False,336.0,1,3
2026-08-11,20,36,True,386.0,1,1
2026-08-22,15,34,True,274.0,0,5
2026-08-16,8,29,True,316.0,0,6
2026-08-08,8,47,True,370.0,1,5
2026-08-08,15,23,True,357.0,0,5
2026-08-27,9,23,False,286.0,0,3
2026-08-25,17,16,True,292.0,1,1
2026-08-08,13,44,False,285.0,1,5
2026-08-13,9,7,True,397.0,0,3
2026-08-27,12,45,True,326.0,1,3
2026-08-02,10,1,False,242.0,0,6
2026-08-30,14,19,False,285.0,1,6
2026-08-30,16,45,False,312.0,1,6
2026-08-12,9,33,False,294.0,1,2
2026-08-10,14,34,True,371.0,0,0
2026-08-12,20,1,True,367.0,0,2
2026-08-11,20,12,False,290.0,1,1
2026-08-15,15,25,False,282.0,1,5
2026-08-16,21,23,False,224.0,1,6
2026-08-17,17,25,False,330.0,0,0
2026-08-26,15,31,False,267.0,1,2
2026-08-02,14,24,True,305.0,0,6
2026-08-18,21,10,False,276.0,0,1
2026-08-12,19,2,False,306.0,1,2
2026-08-19,11,33,False,243.0,1,2
2026-08-26,11,37,True,289.0,1,2
2026-08-23,17,23,True,320.0,1,6
2026-08-18,20,2,True,307.0,1,1
2026-08-30,20,4,True,346.0,0,6
2026-08-17,16,23,False,257.0,1,0
2026-08-30,19,46,True,392.0,1,6
2026-08-06,17,41,True,350.0,0,3
2026-08-25,16,38,True,348.0,1,1
2026-08-15,12,23,False,260.0,1,5
2026-08-03,14,12,False,377.0,0,0
2026-08-06,14,44,True,303.0,1,3
2026-08-03,16,24,True,292.0,0,0
2026-08-30,19,29,True,356.0,0,6
2026-08-29,14,41,False,288.0,0,5
2026-08-01,15,28,True,287.0,1,5
2026-08-30,14,15,False,368.0,1,6
2026-08-13,18,10,True,364.0,1,3
2026-08-28,11,34,True,328.0,1,4
2026-08-21,19,29,False,384.0,0,4
2026-08-26,9,31,True,370.0,0,2
2026-08-14,10,23,False,292.0,1,4
2026-08-13,14,18,True,412.0,0,3
2026-08-27,21,7,False,324.0,0,3
2026-08-04,18,27,False,309.0,1,1
2026-08-07,18,9,False,269.0,1,4
2026-08-22,20,20,True,334.0,1,5
2026-08-10,16,21,True,304.0,0,0
2026-08-07,20,28,True,390.0,1,4
2026-08-21,21,50,False,234.0,0,4
2026-08-15,18,3,False,339.0,1,5
2026-08-15,9,45,True,303.0,0,5
2026-08-04,21,10,True,336.0,1,1
2026-08-23,14,17,True,309.0,0,6
2026-08-23,11,35,True,307.0,0,6
2026-08-06,14,21,True,348.0,1,3
2026-08-24,19,9,True,328.0,0,0
2026-08-20,12,17,False,258.0,0,3
2026-08-26,14,32,False,287.0,0,2
2026-08-05,13,48,False,254.0,1,2
2026-08-20,20,38,True,311.0,1,3
2026-08-12,9,28,False,238.0,0,2
2026-08-01,19,18,False,270.0,0,5
2026-08-28,14,6,True,340.0,1,4
2026-08-08,12,6,False,286.0,0,5
2026-08-01,16,17,True,393.0,1,5
2026-08-05,20,10,True,437.0,0,2
2026-08-31,20,2,True,314.0,1,0
2026-08-22,18,33,True,291.0,1,5
2026-08-06,8,43,False,350.0,1,3
2026-08-29,8,25,True,358.0,1,5
2026-08-21,9,38,True,383.0,1,4
2026-08-03,15,1,True,336.0,1,0
2026-08-15,18,16,False,277.0,1,5
2026-08-05,16,26,True,313.0,1,2
2026-08-28,18,41,False,302.0,0,4
2026-08-24,18,12,False,276.0,1,0
2026-08-14,19,9,True,377.0,1,4
2026-08-18,14,13,True,268.0,0,1
2026-08-16,8,7,False,353.0,0,6
2026-08-06,19,1,True,253.0,0,3
2026-08-25,14,31,True,326.0,1,1
2026-08-24,20,35,False,279.0,0,0
2026-08-14,15,24,True,259.0,0,4
2026-08-27,14,3,True,238.0,1,3
2026-08-24,20,19,True,289.0,0,0
2026-08-08,19,4,True,330.0,1,5
2026-08-31,12,28,False,260.0,1,0
2026-08-29,19,44,False,246.0,1,5
2026-08-07,14,30,False,335.0,1,4
2026-08-08,17,36,False,233.0,1,5
2026-08-13,18,42,True,352.0,1,3
2026-08-06,9,4,True,302.0,1,3
2026-08-18,16,23,True,276.0,1,1
2026-08-02,9,11,True,314.0,1,6
2026-08-08,9,4,False,323.0,1,5
2026-08-11,12,11,False,230.0,1,1
2026-08-01,21,49,True,349.0,0,5
2026-08-22,15,24,True,282.0,1,5
2026-08-29,13,20,True,291.0,1,5
2026-08-06,19,45,True,344.0,1,3
2026-08-16,16,17,True,407.0,1,6
2026-08-27,13,13,False,246.0,1,3
2026-08-20,12,17,False,313.0,1,3
2026-08-12,8,15,False,292.0,0,2
2026-08-11,15,4,True,301.0,1,1
2026-08-29,10,18,True,375.0,1,5
2026-08-31,19,43,False,254.0,1,0
2026-08-27,20,9,False,246.0,0,3
2026-08-29,9,48,False,316.0,0,5
2026-08-10,14,3,False,344.0,1,0
2026-08-03,18,27,False,314.0,1,0
2026-08-13,9,18,False,242.0,0,3
2026-08-27,21,17,True,313.0,1,3
2026-08-03,8,10,False,344.0,1,0
2026-08-31,18,37,True,388.0,1,0
2026-08-15,20,29,True,342.0,1,5
2026-08-16,9,47,False,275.0,0,6
2026-08-29,13,50,True,388.0,0,5
2026-08-13,9,5,True,335.0,0,3
2026-08-17,8,47,True,320.0,1,0
2026-08-03,8,6,True,314.0,1,0
2026-08-20,21,40,True,290.0,1,3
2026-08-11,11,35,True,441.0,0,1
2026-08-27,15,5,True,377.0,0,3
2026-08-21,13,50,True,296.0,1,4
2026-08-19,11,15,False,357.0,1,2
2026-08-22,13,27,True,343.0,1,5
2026-08-11,13,44,True,341.0,0,1
2026-08-30,16,39,False,252.0,1,6
2026-08-31,11,33,False,267.0,1,0
2026-08-28,13,24,False,280.0,1,4
2026-08-16,17,21,True,243.0,1,6
2026-08-21,8,2,False,285.0,0,4
2026-08-03,14,19,False,281.0,0,0
2026-08-22,14,45,False,333.0,0,5
2026-08-06,18,18,False,260.0,0,3
2026-08-31,8,10,False,337.0,1,0
2026-08-14,15,45,False,198.0,1,4
2026-08-24,21,37,False,345.0,1,0
2026-08-18,12,23,True,288.0,0,1
2026-08-17,20,45,False,298.0,1,0
2026-08-04,16,41,False,297.0,1,1
2026-08-23,15,1,True,328.0,1,6
2026-08-15,10,6,False,288.0,1,5
2026-08-11,8,1,True,295.0,0,1
2026-08-26,10,18,True,297.0,0,2
2026-08-03,21,27,False,338.0,1,0
2026-08-03,9,48,True,314.0,1,0
2026-08-16,9,40,True,334.0,0,6
2026-08-05,18,38,True,265.0,0,2
2026-08-21,11,45,True,362.0,1,4
2026-08-29,9,17,True,285.0,0,5
2026-08-10,15,26,True,357.0,1,0
2026-08-19,12,13,True,282.0,1,2
2026-08-25,8,10,False,345.0,0,1
2026-08-04,13,38,False,282.0,1,1
2026-08-29,19,26,True,306.0,1,5
2026-08-29,14,31,False,345.0,1,5
2026-08-31,20,23,True,330.0,1,0
2026-08-19,8,50,True,330.0,1,2
2026-08-11,20,20,True,369.0,1,1
2026-08-02,19,23,False,229.0,1,6
2026-08-10,10,45,False,191.0,1,0
2026-08-29,16,27,True,367.0,1,5
2026-08-11,20,15,True,299.0,1,1
2026-08-25,21,38,True,373.0,0,1
2026-08-20,14,11,False,282.0,1,3
2026-08-16,21,8,False,251.0,1,6
2026-08-19,20,14,True,357.0,1,2
2026-08-23,19,13,False,272.0,0,6
2026-08-24,11,22,True,285.0,0,0
2026-08-11,13,34,False,240.0,1,1
2026-08-14,13,1,False,213.0,0,4
2026-08-02,19,37,True,344.0,1,6
2026-08-23,10,32,False,255.0,1,6
2026-08-28,9,11,False,297.0,1,4
2026-08-05,12,10,True,317.0,1,2
2026-08-31,15,30,True,282.0,1,0
2026-08-27,10,12,False,232.0,0,3
2026-08-05,12,42,True,426.0,0,2
2026-08-19,21,41,True,336.0,1,2
2026-08-21,10,34,True,405.0,1,4
2026-08-12,21,25,False,345.0,1,2
2026-08-18,14,36,False,268.0,1,1
2026-08-04,13,4,False,289.0,0,1
2026-08-22,13,21,False,288.0,0,5
2026-08-17,8,30,True,418.0,0,0
2026-08-10,9,38,False,331.0,1,0
2026-08-20,13,12,False,250.0,1,3
2026-08-06,15,39,True,334.0,1,3
2026-08-25,12,25,True,357.0,1,1
2026-08-14,19,19,True,281.0,1,4
2026-08-11,9,2,False,318.0,0,1
2026-08-11,12,22,False,338.0,1,1
2026-08-29,16,30,False,246.0,1,5
2026-08-18,13,36,False,253.0,0,1
2026-08-27,20,3,True,379.0,0,3
2026-08-23,20,23,False,278.0,1,6
2026-08-22,12,4,False,245.0,0,5
2026-08-18,17,28,True,357.0,1,1
2026-08-24,13,14,False,305.0,1,0
2026-08-23,20,6,True,336.0,1,6
2026-08-11,19,6,False,333.0,1,1
2026-08-21,21,41,False,346.0,1,4
2026-08-12,18,37,False,281.0,1,2
2026-08-05,19,7,False,367.0,0,2
2026-08-23,16,13,True,384.0,0,6
2026-08-09,14,1,False,201.0,1,6
2026-08-27,17,24,True,281.0,0,3
2026-08-31,10,34,False,202.0,1,0
2026-08-25,17,10,False,269.0,1,1
2026-08-09,17,6,False,234.0,1,6
2026-08-22,12,4,True,292.0,0,5
2026-08-10,11,8,False,332.0,1,0
2026-08-22,18,46,False,214.0,0,5
2026-08-19,12,48,False,290.0,1,2
2026-08-01,15,15,True,325.0,0,5
2026-08-07,18,45,True,321.0,1,4
2026-08-04,21,12,True,343.0,1,1
2026-08-01,13,39,False,193.0,1,5
2026-08-15,11,47,False,256.0,1,5
2026-08-08,12,6,False,346.0,1,5
2026-08-12,18,21,True,277.0,0,2
2026-08-22,14,46,True,387.0,1,5
2026-08-22,21,32,False,242.0,1,5
2026-08-18,15,32,False,219.0,1,1
2026-08-15,12,27,False,246.0,1,5
2026-08-17,9,47,False,343.0,1,0
2026-08-29,13,11,True,300.0,0,5
2026-08-14,16,22,False,294.0,0,4
2026-08-14,10,36,False,295.0,1,4
2026-08-18,14,23,True,318.0,1,1
2026-08-20,15,37,True,371.0,0,3
2026-08-18,13,23,True,353.0,0,1
2026-08-16,19,27,True,282.0,0,6
2026-08-01,10,34,False,281.0,1,5
2026-08-23,8,20,True,414.0,1,6
2026-08-27,10,15,True,345.0,0,3
2026-08-11,18,42,True,264.0,0,1
2026-08-15,13,4,False,225.0,0,5
2026-08-12,18,29,True,360.0,1,2
2026-08-08,11,40,False,316.0,0,5
2026-08-22,8,11,True,308.0,1,5
2026-08-20,13,49,True,352.0,0,3
2026-08-30,8,7,True,408.0,0,6
2026-08-06,19,11,True,386.0,0,3
2026-08-03,15,42,True,384.0,0,0
2026-08-28,10,33,True,355.0,1,4
2026-08-24,10,30,False,285.0,1,0
2026-08-26,21,32,False,282.0,1,2
2026-08-30,8,40,True,344.0,1,6
2026-08-13,10,37,True,297.0,1,3
2026-08-13,14,13,False,266.0,1,3
2026-08-02,17,7,False,333.0,0,6
2026-08-05,15,24,True,256.0,1,2
2026-08-17,18,11,False,223.0,1,0
2026-08-06,15,31,False,313.0,1,3
2026-08-02,10,44,False,278.0,1,6
2026-08-04,12,14,True,247.0,1,1
2026-08-22,8,44,True,342.0,1,5
2026-08-26,16,26,True,312.0,0,2
2026-08-11,15,1,False,263.0,1,1
2026-08-08,17,6,False,309.0,1,5
2026-08-12,9,31,True,285.0,0,2
2026-08-08,17,43,False,283.0,1,5
2026-08-11,8,43,False,296.0,1,1
2026-08-22,20,12,False,294.0,1,5
2026-08-20,20,1,False,223.0,0,3
2026-08-08,11,6,False,267.0,0,5
2026-08-29,16,29,True,321.0,0,5
2026-08-08,19,30,False,310.0,1,5
2026-08-26,15,13,False,354.0,1,2
2026-08-30,10,30,True,365.0,0,6
2026-08-17,17,12,True,340.0,1,0
2026-08-20,19,10,False,339.0,1,3
2026-08-20,13,39,True,310.0,0,3
2026-08-23,19,10,False,350.0,1,6
2026-08-16,16,18,True,365.0,1,6
2026-08-14,17,6,True,304.0,0,4
2026-08-30,15,8,True,397.0,1,6
2026-08-11,17,20,True,340.0,1,1
2026-08-07,12,41,False,372.0,1,4
2026-08-16,19,16,False,300.0,0,6
2026-08-13,20,2,True,310.0,1,3
2026-08-27,19,11,True,297.0,0,3
2026-08-15,16,24,True,306.0,0,5
2026-08-24,16,19,True,298.0,1,0
2026-08-16,10,4,False,343.0,1,6
2026-08-27,19,3,True,327.0,1,3
2026-08-21,15,15,True,255.0,0,4
2026-08-23,11,40,True,337.0,0,6
2026-08-24,17,4,True,327.0,1,0
2026-08-31,14,43,True,302.0,0,0
2026-08-09,17,17,True,333.0,0,6
2026-08-03,15,9,False,278.0,1,0
2026-08-19,14,25,False,306.0,1,2
2026-08-20,12,1,False,307.0,1,3
2026-08-05,18,40,True,339.0,0,2
2026-08-10,8,2,True,293.0,1,0
2026-08-17,19,45,False,373.0,1,0
2026-08-15,15,33,False,218.0,1,5
2026-08-31,12,22,False,279.0,1,0
2026-08-23,10,42,True,289.0,0,6
2026-08-25,9,12,True,354.0,0,1
2026-08-08,10,27,False,298.0,0,5
2026-08-15,20,11,False,286.0,1,5
2026-08-31,16,42,False,341.0,1,0
2026-08-21,9,14,False,342.0,0,4
2026-08-30,21,14,False,285.0,0,6
2026-08-14,17,40,False,314.0,1,4
2026-08-20,8,43,False,367.0,0,3
2026-08-28,9,22,False,342.0,1,4
2026-08-07,20,9,False,287.0,1,4
2026-08-21,9,15,True,274.0,1,4
2026-08-23,19,33,True,341.0,0,6
2026-08-12,18,19,False,311.0,0,2
2026-08-17,12,31,True,294.0,0,0
2026-08-17,8,18,False,305.0,1,0
2026-08-10,20,12,True,329.0,0,0
2026-08-30,19,40,True,384.0,0,6
2026-08-29,17,37,False,356.0,0,5
2026-08-19,15,45,True,367.0,1,2
2026-08-14,9,49,True,335.0,1,4
2026-08-11,13,1,True,368.0,0,1
2026-08-02,12,34,False,310.0,0,6
2026-08-18,9,7,True,335.0,0,1
2026-08-07,17,2,False,366.0,0,4
2026-08-12,19,22,True,298.0,1,2
2026-08-26,8,4,False,329.0,1,2
2026-08-02,13,45,True,356.0,0,6
2026-08-27,21,46,True,327.0,1,3
2026-08-20,13,20,True,344.0,1,3
2026-08-18,10,3,True,370.0,1,1
2026-08-06,20,9,False,302.0,1,3
2026-08-24,15,18,True,339.0,0,0
2026-08-10,16,16,True,325.0,1,0
2026-08-20,10,9,False,324.0,0,3
2026-08-15,16,19,True,311.0,0,5
2026-08-05,15,6,True,308.0,1,2
2026-08-20,12,44,False,285.0,1,3
2026-08-03,13,15,False,329.0,1,0
2026-08-05,19,6,True,258.0,0,2
2026-08-30,19,5,True,292.0,1,6
2026-08-25,19,29,False,379.0,1,1
2026-08-08,8,46,True,356.0,1,5
2026-08-08,12,27,False,268.0,1,5
2026-08-08,17,50,True,354.0,1,5
2026-08-12,17,45,False,251.0,1,2
2026-08-24,19,41,True,244.0,0,0
2026-08-23,14,26,False,295.0,0,6
2026-08-08,8,28,True,315.0,1,5
2026-08-11,17,32,False,286.0,0,1
2026-08-14,16,25,True,334.0,1,4
2026-08-08,20,7,True,338.0,1,5
2026-08-29,14,30,False,212.0,0,5
2026-08-30,11,31,False,289.0,1,6
2026-08-24,18,12,False,302.0,1,0
2026-08-28,11,9,True,272.0,0,4
2026-08-10,18,34,False,224.0,0,0
2026-08-07,17,3,True,279.0,1,4
2026-08-28,14,37,False,310.0,0,4
2026-08-17,13,50,False,202.0,0,0
2026-08-04,10,28,True,366.0,0,1
2026-08-29,21,46,False,314.0,1,5
2026-08-13,16,22,False,270.0,1,3
2026-08-04,13,26,True,263.0,1,1
2026-08-05,18,19,False,253.0,1,2
2026-08-26,9,21,True,369.0,0,2
2026-08-22,17,37,False,332.0,1,5
2026-08-04,19,10,True,287.0,0,1
2026-08-31,9,16,True,384.0,1,0
2026-08-18,8,24,True,372.0,0,1
2026-08-06,18,25,False,284.0,1,3
2026-08-31,12,26,False,255.0,1,0
2026-08-24,17,1,False,259.0,0,0
2026-08-31,13,4,True,395.0,1,0
2026-08-24,10,37,True,340.0,1,0
2026-08-23,11,43,False,341.0,1,6
2026-08-22,12,14,False,294.0,1,5
2026-08-02,11,24,True,310.0,0,6
2026-08-31,16,27,True,344.0,0,0
2026-08-23,19,43,False,374.0,1,6
2026-08-11,10,27,True,307.0,1,1
2026-08-28,12,24,False,321.0,0,4
2026-08-14,14,40,False,288.0,0,4
2026-08-30,19,1,False,230.0,0,6
2026-08-05,19,39,False,229.0,1,2
2026-08-06,14,13,True,302.0,1,3
2026-08-10,21,20,False,312.0,1,0
2026-08-08,13,38,False,317.0,1,5
2026-08-14,16,36,True,258.0,1,4
2026-08-24,14,12,False,307.0,0,0
2026-08-03,18,5,True,320.0,0,0
2026-08-12,11,5,False,288.0,1,2
2026-08-16,18,17,True,348.0,1,6
2026-08-28,17,38,False,352.0,0,4
2026-08-30,16,10,True,333.0,1,6
2026-08-23,13,16,True,268.0,1,6
2026-08-17,8,24,False,297.0,1,0
2026-08-01,16,29,False,315.0,0,5
2026-08-23,18,14,True,360.0,1,6
2026-08-31,14,10,True,347.0,0,0
2026-08-31,13,29,True,302.0,1,0
2026-08-10,13,28,False,227.0,1,0
2026-08-25,11,17,False,312.0,0,1
2026-08-23,11,5,False,239.0,1,6
2026-08-10,18,2,False,312.0,1,0
2026-08-21,10,36,False,320.0,1,4
2026-08-24,15,50,True,301.0,0,0
2026-08-02,15,40,True,316.0,1,6
2026-08-09,9,46,False,306.0,1,6
2026-08-22,12,45,False,260.0,1,5
2026-08-13,20,39,False,237.0,1,3
2026-08-25,16,9,False,279.0,1,1
2026-08-16,19,36,False,291.0,1,6
2026-08-18,21,5,False,352.0,1,1
2026-08-19,16,15,True,289.0,1,2
2026-08-12,14,9,True,363.0,0,2
2026-08-08,21,25,False,252.0,0,5
2026-08-17,11,50,False,234.0,0,0
2026-08-15,11,28,True,316.0,1,5
2026-08-10,17,27,True,284.0,1,0
2026-08-15,18,46,True,270.0,0,5
2026-08-15,14,47,True,398.0,1,5
2026-08-31,10,33,False,274.0,1,0
2026-08-23,10,33,True,425.0,0,6
2026-08-07,12,38,False,245.0,1,4
2026-08-13,18,8,True,256.0,1,3
2026-08-17,20,4,False,344.0,1,0
2026-08-09,13,48,True,293.0,0,6
2026-08-08,15,43,False,286.0,1,5
2026-08-20,8,36,False,250.0,0,3
2026-08-26,14,43,False,279.0,1,2
2026-08-27,15,31,True,265.0,1,3
2026-08-21,12,10,True,322.0,1,4
2026-08-18,19,49,True,309.0,1,1
2026-08-13,17,41,True,331.0,0,3
2026-08-16,9,42,False,323.0,1,6
2026-08-09,11,8,False,298.0,0,6
2026-08-31,13,30,False,300.0,1,0
2026-08-12,16,14,False,276.0,1,2
2026-08-12,9,45,True,321.0,1,2
2026-08-06,11,35,True,347.0,0,3
2026-08-19,17,46,True,318.0,1,2
2026-08-28,12,46,False,282.0,1,4
2026-08-07,21,3,False,314.0,0,4
2026-08-25,15,29,True,279.0,0,1
2026-08-03,15,16,True,377.0,1,0
2026-08-16,9,10,False,288.0,1,6
2026-08-18,13,4,False,287.0,1,1
2026-08-16,13,50,False,280.0,1,6
2026-08-23,20,4,True,359.0,1,6
2026-08-07,21,2,True,352.0,0,4
2026-08-04,12,11,False,283.0,1,1
2026-08-27,15,15,False,338.0,0,3
2026-08-25,17,11,True,194.0,1,1
2026-08-30,9,23,False,348.0,1,6
2026-08-08,21,38,False,335.0,1,5
2026-08-13,20,50,True,259.0,1,3
2026-08-13,9,30,True,375.0,0,3
2026-08-17,21,50,True,380.0,1,0
2026-08-17,14,1,True,343.0,1,0
2026-08-05,16,45,False,218.0,0,2
2026-08-06,10,33,True,360.0,1,3
2026-08-19,14,45,False,321.0,0,2
2026-08-13,10,37,False,270.0,0,3
2026-08-25,19,23,True,346.0,0,1
2026-08-28,13,49,True,308.0,0,4
2026-08-26,10,48,False,328.0,1,2
2026-08-14,8,18,False,292.0,0,4
2026-08-31,13,10,False,259.0,0,0
2026-08-22,18,17,True,323.0,0,5
2026-08-04,10,7,True,279.0,1,1
2026-08-28,8,15,False,299.0,0,4
2026-08-07,12,27,False,299.0,0,4
2026-08-08,15,9,True,355.0,0,5
2026-08-25,15,21,False,290.0,1,1
2026-08-13,15,37,True,263.0,1,3
2026-08-27,10,29,False,347.0,0,3
2026-08-06,15,42,False,337.0,1,3
2026-08-31,11,45,True,333.0,1,0
2026-08-06,15,33,False,250.0,0,3
2026-08-24,10,6,True,311.0,1,0
2026-08-28,10,25,True,324.0,1,4
2026-08-21,8,35,True,356.0,1,4
2026-08-30,15,17,True,308.0,1,6
2026-08-03,15,44,True,286.0,1,0
2026-08-28,16,27,False,321.0,1,4
2026-08-03,13,43,False,292.0,1,0
2026-08-13,19,40,True,286.0,0,3
2026-08-22,9,25,False,310.0,0,5
2026-08-02,8,12,False,311.0,1,6
2026-08-16,15,43,False,251.0,1,6
2026-08-22,17,37,False,330.0,1,5
2026-08-29,11,40,True,333.0,0,5
2026-08-06,18,44,True,316.0,0,3
2026-08-08,21,38,False,295.0,1,5
2026-08-23,18,41,True,342.0,1,6
2026-08-08,14,25,True,318.0,1,5
2026-08-30,21,49,True,335.0,0,6
2026-08-25,17,2,True,365.0,1,1
2026-08-06,19,1,True,271.0,0,3
2026-08-14,11,50,True,278.0,0,4
2026-08-03,8,3,True,376.0,0,0
2026-08-10,15,29,False,377.0,1,0
2026-08-03,17,14,False,317.0,0,0
2026-08-27,21,45,True,413.0,1,3
2026-08-12,16,34,True,303.0,0,2
2026-08-17,17,22,True,297.0,1,0
2026-08-27,16,36,True,339.0,1,3
2026-08-31,16,15,True,359.0,0,0
2026-08-29,19,37,True,276.0,1,5
2026-08-31,19,10,False,279.0,1,0
2026-08-05,18,9,False,283.0,1,2
2026-08-30,18,50,True,297.0,1,6
2026-08-20,19,35,True,306.0,1,3
2026-08-25,11,46,False,322.0,0,1
2026-08-31,16,42,False,299.0,1,0
2026-08-09,18,17,False,316.0,1,6
2026-08-31,11,47,False,301.0,1,0
2026-08-30,9,18,True,303.0,1,6
2026-08-21,17,49,True,339.0,1,4
2026-08-26,10,25,False,254.0,1,2
2026-08-20,9,35,True,326.0,1,3
2026-08-07,21,16,False,257.0,1,4
2026-08-31,8,45,False,280.0,0,0
2026-08-22,18,49,False,288.0,0,5
2026-08-04,13,25,True,304.0,1,1
2026-08-13,11,16,False,253.0,1,3
2026-08-13,14,41,True,366.0,0,3
2026-08-31,14,24,True,316.0,1,0
2026-08-10,21,12,True,317.0,0,0
2026-08-18,17,35,False,239.0,1,1
2026-08-17,8,9,False,230.0,1,0
2026-08-20,19,48,True,319.0,0,3
2026-08-20,20,37,True,277.0,0,3
2026-08-13,16,32,False,309.0,1,3
2026-08-17,15,19,False,281.0,1,0
2026-08-22,17,22,False,344.0,1,5
2026-08-04,8,45,False,313.0,0,1
2026-08-01,20,34,True,303.0,0,5
2026-08-01,15,19,False,205.0,1,5
2026-08-15,12,50,True,357.0,1,5
2026-08-13,8,12,False,253.0,1,3
2026-08-17,11,18,False,272.0,1,0
2026-08-24,14,5,True,387.0,1,0
2026-08-26,21,26,True,362.0,0,2
2026-08-08,19,27,False,304.0,1,5
2026-08-18,12,20,True,362.0,1,1
2026-08-27,18,8,True,361.0,0,3
2026-08-13,10,16,False,356.0,1,3
2026-08-23,19,2,True,304.0,1,6
2026-08-14,18,45,False,269.0,1,4
2026-08-08,11,1,True,291.0,1,5
2026-08-08,9,5,False,297.0,0,5
2026-08-27,15,31,True,315.0,0,3
2026-08-26,19,23,True,258.0,1,2
2026-08-15,9,21,False,272.0,1,5
2026-08-27,21,12,False,356.0,1,3
2026-08-13,20,4,True,342.0,1,3
2026-08-07,18,37,True,353.0,1,4
2026-08-05,13,11,False,277.0,1,2
2026-08-17,21,42,False,223.0,1,0
2026-08-28,14,40,False,275.0,1,4
2026-08-25,14,9,False,322.0,0,1
2026-08-29,20,26,False,245.0,0,5
2026-08-16,8,39,True,374.0,0,6
2026-08-23,15,27,True,252.0,1,6
2026-08-02,16,29,False,281.0,0,6
2026-08-22,21,46,True,360.0,0,5
2026-08-18,21,43,True,326.0,0,1
2026-08-31,14,50,True,419.0,1,0
2026-08-17,20,25,True,313.0,0,0
2026-08-30,15,18,True,297.0,1,6
2026-08-07,11,30,True,336.0,0,4
2026-08-13,19,8,False,258.0,1,3
2026-08-18,15,2,True,262.0,0,1
2026-08-29,10,22,True,289.0,0,5
2026-08-14,20,21,True,363.0,1,4
2026-08-30,8,39,False,292.0,1,6
2026-08-18,20,26,True,401.0,1,1
2026-08-13,20,29,False,275.0,1,3
2026-08-11,15,5,False,308.0,1,1
2026-08-21,18,46,True,345.0,1,4
2026-08-30,19,14,True,310.0,0,6
2026-08-21,13,35,True,287.0,1,4
2026-08-16,16,6,False,211.0,1,6
2026-08-23,10,23,False,315.0,0,6
2026-08-17,15,17,False,328.0,0,0
2026-08-08,16,24,True,257.0,0,5
2026-08-19,16,40,False,266.0,1,2
2026-08-20,19,29,True,301.0,0,3
2026-08-15,21,30,True,360.0,1,5
2026-08-09,21,24,False,285.0,0,6
2026-08-20,14,35,False,333.0,0,3
2026-08-10,19,47,True,313.0,0,0
2026-08-12,18,37,True,275.0,1,2
2026-08-31,17,2,True,303.0,0,0
2026-08-21,10,21,True,318.0,0,4
2026-08-23,10,40,True,354.0,0,6
2026-08-20,9,41,False,283.0,1,3
2026-08-30,8,5,False,322.0,0,6
2026-08-01,20,35,False,261.0,1,5
2026-08-25,9,44,False,286.0,1,1
2026-08-20,12,35,False,253.0,0,3
2026-08-09,8,19,False,271.0,1,6
2026-08-22,17,16,False,333.0,1,5
2026-08-15,11,25,True,299.0,0,5
2026-08-01,18,16,False,271.0,1,5
2026-08-12,17,31,False,324.0,1,2
2026-08-03,17,33,False,312.0,0,0
2026-08-11,8,17,False,370.0,0,1
2026-08-02,19,21,True,347.0,1,6
2026-08-16,17,35,False,258.0,1,6
2026-08-09,15,49,True,402.0,1,6
2026-08-15,19,23,False,311.0,1,5
2026-08-12,12,49,True,318.0,1,2
2026-08-01,17,16,True,324.0,0,5
2026-08-13,11,38,True,335.0,0,3
2026-08-14,10,50,False,283.0,1,4
2026-08-25,16,14,True,265.0,1,1
2026-08-25,13,40,False,347.0,0,1
2026-08-08,19,41,True,327.0,1,5
2026-08-08,8,50,False,312.0,1,5
2026-08-27,21,33,False,381.0,0,3
2026-08-30,15,21,True,293.0,0,6
2026-08-12,17,17,True,348.0,1,2
2026-08-01,9,4,False,266.0,1,5
2026-08-11,20,16,False,305.0,0,1
2026-08-08,16,30,False,289.0,1,5
2026-08-10,18,44,True,356.0,1,0
2026-08-30,14,45,True,369.0,0,6
2026-08-19,10,34,False,269.0,1,2
2026-08-11,11,22,True,385.0,0,1
2026-08-07,10,44,True,392.0,1,4
2026-08-11,13,42,True,312.0,0,1
2026-08-31,16,29,False,280.0,0,0
2026-08-17,17,47,False,262.0,0,0
2026-08-01,16,5,True,308.0,0,5
2026-08-26,8,1,True,296.0,0,2
2026-08-29,17,40,True,353.0,1,5
2026-08-21,13,25,True,240.0,1,4
2026-08-21,8,50,True,317.0,0,4
2026-08-08,18,6,False,283.0,1,5
2026-08-23,11,23,True,380.0,1,6
2026-08-24,14,33,True,299.0,1,0
2026-08-06,11,14,False,305.0,1,3
2026-08-22,16,42,True,317.0,0,5
2026-08-18,21,36,False,336.0,1,1
2026-08-06,17,18,True,337.0,1,3
2026-08-05,12,40,True,358.0,0,2
2026-08-13,21,44,False,276.0,1,3
2026-08-19,16,10,False,240.0,0,2
2026-08-22,8,45,True,359.0,1,5
2026-08-08,20,39,False,273.0,0,5
2026-08-09,19,49,False,289.0,1,6
2026-08-17,21,12,True,351.0,1,0
2026-08-03,11,38,False,338.0,0,0
2026-08-19,14,23,False,312.0,1,2
2026-08-11,20,7,True,305.0,0,1
2026-08-24,9,45,False,252.0,0,0
2026-08-17,16,46,False,349.0,1,0
2026-08-21,10,25,False,229.0,1,4
2026-08-19,11,13,True,310.0,1,2
2026-08-02,19,38,True,354.0,1,6
2026-08-31,21,19,False,364.0,0,0
2026-08-08,11,45,True,320.0,1,5
2026-08-19,15,22,True,321.0,0,2
2026-08-07,9,41,True,303.0,1,4
2026-08-28,12,11,True,330.0,0,4
2026-08-27,9,42,False,252.0,1,3
2026-08-17,19,3,True,298.0,1,0
2026-08-06,13,19,False,313.0,0,3
2026-08-19,16,27,True,303.0,1,2
2026-08-24,19,7,False,325.0,1,0
2026-08-06,16,37,True,314.0,1,3
2026-08-28,21,27,False,243.0,1,4
2026-08-02,8,47,False,351.0,1,6
2026-08-06,11,34,True,275.0,1,3
2026-08-23,11,11,False,264.0,1,6
2026-08-05,8,38,True,337.0,0,2
2026-08-19,17,5,False,322.0,0,2
2026-08-20,9,7,False,277.0,1,3
2026-08-04,13,36,False,245.0,1,1
2026-08-22,17,5,False,289.0,0,5
2026-08-26,10,5,True,324.0,0,2
2026-08-17,16,27,True,302.0,0,0
2026-08-11,10,29,True,341.0,0,1
2026-08-04,10,27,False,244.0,1,1
2026-08-26,16,32,False,212.0,0,2
2026-08-13,10,25,True,418.0,0,3
2026-08-20,13,42,False,286.0,1,3
2026-08-26,13,50,True,329.0,1,2
2026-08-17,8,34,True,313.0,1,0
2026-08-09,20,15,False,328.0,1,6
2026-08-04,20,41,True,311.0,1,1
2026-08-23,14,34,False,169.0,1,6
2026-08-28,16,35,True,298.0,1,4
2026-08-14,16,20,False,269.0,1,4
2026-08-19,16,24,True,314.0,1,2
2026-08-26,9,34,True,330.0,0,2
2026-08-28,8,34,False,279.0,1,4
2026-08-03,13,46,False,252.0,0,0
2026-08-14,13,27,True,310.0,0,4
2026-08-08,11,50,True,262.0,0,5
2026-08-24,20,21,False,214.0,0,0
2026-08-27,15,33,True,324.0,1,3
2026-08-28,12,39,False,289.0,1,4
2026-08-01,14,40,False,316.0,1,5
2026-08-10,16,44,True,310.0,0,0
2026-08-18,20,36,True,285.0,1,1
2026-08-16,8,25,False,227.0,1,6
2026-08-08,16,7,True,285.0,0,5
2026-08-01,20,50,False,309.0,0,5
2026-08-31,20,50,True,390.0,0,0
2026-08-12,11,10,False,290.0,1,2
2026-08-08,14,10,True,272.0,1,5
2026-08-24,18,38,False,249.0,1,0
2026-08-16,11,24,True,294.0,1,6
2026-08-18,11,44,True,312.0,0,1
2026-08-04,20,10,False,337.0,1,1
2026-08-06,21,45,True,386.0,1,3
2026-08-12,11,26,True,321.0,0,2
2026-08-27,13,30,True,329.0,1,3
2026-08-09,12,27,True,293.0,0,6
2026-08-15,9,44,False,230.0,0,5
2026-08-16,16,19,False,352.0,0,6
2026-08-24,18,1,True,232.0,1,0
2026-08-12,13,33,False,209.0,1,2
2026-08-31,17,11,False,354.0,0,0
2026-08-24,13,50,False,283.0,0,0
2026-08-23,16,34,True,275.0,1,6
2026-08-14,8,38,False,332.0,1,4
2026-08-13,14,16,False,311.0,1,3
2026-08-25,10,1,True,279.0,0,1
2026-08-31,11,41,True,307.0,1,0
2026-08-02,8,28,True,380.0,1,6
2026-08-03,10,15,False,260.0,1,0
2026-08-26,21,16,True,349.0,1,2
2026-08-24,21,46,False,355.0,0,0
2026-08-30,21,32,True,242.0,1,6
2026-08-22,14,39,False,267.0,1,5
2026-08-10,21,1,False,308.0,1,0
2026-08-09,13,48,False,210.0,1,6
2026-08-26,20,9,False,271.0,1,2
2026-08-20,8,29,False,346.0,1,3
2026-08-08,16,25,True,292.0,1,5
2026-08-10,11,11,False,229.0,0,0
2026-08-19,14,42,True,366.0,1,2
2026-08-03,11,11,False,306.0,0,0
2026-08-24,14,6,True,318.0,0,0
2026-08-05,12,34,False,281.0,1,2
2026-08-03,8,50,False,346.0,1,0
2026-08-26,11,44,True,340.0,1,2
2026-08-27,10,14,True,358.0,1,3
2026-08-16,13,8,False,254.0,1,6
2026-08-17,13,25,True,245.0,1,0
2026-08-15,8,4,True,369.0,0,5
2026-08-03,21,50,True,382.0,1,0
2026-08-12,21,31,False,289.0,1,2
2026-08-09,18,21,False,320.0,1,6
2026-08-21,9,45,False,285.0,0,4
2026-08-12,20,32,False,289.0,1,2
2026-08-26,19,14,True,398.0,0,2
2026-08-15,9,28,False,286.0,1,5
2026-08-02,19,25,True,314.0,0,6
2026-08-23,17,28,True,247.0,1,6
2026-08-31,21,15,True,366.0,0,0
2026-08-18,11,46,False,260.0,1,1
2026-08-20,20,44,False,298.0,1,3
2026-08-12,16,22,True,308.0,1,2
2026-08-23,18,47,False,267.0,1,6
2026-08-04,9,6,True,333.0,0,1
2026-08-23,18,2,True,323.0,0,6
2026-08-16,15,6,True,367.0,1,6
2026-08-23,18,23,False,345.0,1,6
2026-08-16,19,26,False,314.0,1,6
2026-08-01,8,11,True,395.0,1,5
2026-08-22,19,1,False,322.0,1,5
2026-08-25,15,28,True,340.0,1,1
2026-08-02,10,22,False,351.0,1,6
2026-08-30,21,41,False,246.0,1,6
2026-08-03,12,13,True,297.0,1,0
2026-08-26,8,41,False,272.0,1,2
2026-08-21,8,47,False,292.0,1,4
2026-08-25,13,50,True,349.0,1,1
2026-08-20,10,36,False,248.0,0,3
2026-08-17,15,22,True,340.0,0,0
2026-08-20,11,4,True,305.0,0,3
2026-08-22,13,44,True,308.0,1,5
2026-08-21,20,41,True,341.0,0,4
2026-08-30,17,18,False,349.0,1,6
2026-08-29,19,38,False,260.0,1,5
2026-08-01,16,17,False,277.0,1,5
2026-08-20,21,25,True,295.0,0,3
2026-08-06,15,17,True,291.0,0,3
2026-08-29,11,29,True,285.0,1,5
2026-08-15,17,45,False,292.0,1,5
2026-08-26,15,44,False,297.0,0,2
2026-08-26,14,46,False,308.0,0,2
2026-08-14,12,8,True,294.0,0,4
2026-08-20,14,29,False,301.0,1,3
2026-08-15,14,15,False,285.0,1,5
2026-08-14,21,41,True,336.0,1,4
2026-08-25,20,33,False,243.0,0,1
2026-08-21,17,49,True,328.0,0,4
2026-08-24,9,10,True,345.0,0,0
2026-08-25,14,37,True,325.0,1,1
2026-08-26,10,11,True,349.0,0,2
2026-08-05,15,35,True,348.0,0,2
2026-08-06,15,34,True,276.0,0,3
2026-08-17,16,32,True,312.0,1,0
2026-08-11,18,22,False,305.0,0,1
2026-08-16,11,4,False,277.0,0,6
2026-08-12,17,2,False,320.0,1,2
2026-08-15,10,33,True,336.0,0,5
2026-08-23,16,9,True,242.0,1,6
2026-08-04,16,35,True,354.0,0,1
2026-08-27,9,38,True,333.0,0,3
2026-08-18,13,31,False,211.0,1,1
2026-08-21,10,14,False,282.0,0,4
2026-08-28,12,31,False,234.0,1,4
2026-08-03,9,33,False,328.0,0,0
2026-08-22,11,44,True,327.0,0,5
2026-08-08,18,16,True,288.0,1,5
2026-08-23,10,20,False,325.0,0,6
2026-08-03,9,50,True,356.0,1,0
2026-08-08,13,14,True,313.0,1,5
2026-08-18,18,35,True,275.0,1,1
2026-08-10,10,46,True,299.0,0,0
2026-08-25,11,49,True,294.0,1,1
2026-08-20,13,45,False,312.0,0,3
2026-08-17,19,33,False,221.0,1,0
2026-08-08,20,29,True,331.0,0,5
2026-08-23,19,8,True,318.0,1,6
2026-08-11,12,34,False,326.0,1,1
2026-08-29,11,47,True,337.0,0,5
2026-08-05,20,14,True,354.0,0,2
2026-08-26,21,14,True,317.0,0,2
2026-08-13,19,50,True,279.0,0,3
2026-08-21,11,15,False,275.0,0,4
2026-08-23,9,42,False,329.0,0,6
2026-08-05,19,50,True,359.0,1,2
2026-08-24,20,20,True,315.0,0,0
2026-08-27,17,28,True,288.0,0,3
2026-08-13,20,4,True,290.0,1,3
2026-08-06,11,7,False,283.0,1,3
2026-08-29,19,2,False,293.0,0,5
2026-08-05,15,9,False,339.0,0,2
2026-08-09,12,23,False,289.0,0,6
2026-08-27,21,36,False,323.0,1,3
2026-08-16,21,12,False,267.0,1,6
2026-08-02,21,23,True,340.0,1,6
2026-08-01,18,31,True,330.0,1,5
2026-08-08,17,42,False,276.0,0,5
2026-08-28,17,11,True,321.0,1,4
2026-08-19,15,1,False,285.0,1,2
2026-08-30,13,13,False,301.0,0,6
2026-08-11,19,39,False,335.0,0,1
2026-08-28,17,29,True,231.0,1,4
2026-08-12,12,6,False,329.0,1,2
2026-08-12,11,31,True,260.0,1,2
2026-08-07,17,9,False,294.0,1,4
2026-08-26,16,18,True,415.0,0,2
2026-08-13,17,3,False,280.0,0,3
2026-08-27,21,32,False,305.0,1,3
2026-08-08,12,45,True,312.0,0,5
2026-08-31,17,3,True,349.0,1,0
2026-08-29,18,45,False,299.0,0,5
2026-08-29,13,30,True,295.0,1,5
2026-08-22,14,6,False,276.0,0,5
2026-08-28,18,50,True,280.0,1,4
2026-08-26,19,27,False,283.0,1,2
2026-08-30,18,2,False,268.0,1,6
2026-08-09,20,20,True,338.0,1,6
2026-08-07,8,17,True,316.0,0,4
2026-08-31,16,33,False,272.0,1,0
2026-08-26,19,17,True,328.0,0,2
2026-08-21,15,37,True,323.0,0,4
2026-08-24,19,29,False,299.0,0,0
2026-08-15,18,9,True,318.0,0,5
2026-08-02,12,4,True,293.0,1,6
2026-08-23,10,46,False,296.0,1,6
2026-08-31,12,40,True,317.0,0,0
2026-08-20,12,13,True,365.0,0,3
2026-08-25,16,6,True,367.0,0,1
2026-08-12,14,46,False,226.0,0,2
2026-08-01,20,9,False,317.0,1,5
2026-08-23,9,26,False,331.0,0,6
2026-08-22,12,49,True,271.0,0,5
2026-08-08,16,39,True,344.0,1,5
2026-08-05,21,41,True,374.0,0,2
2026-08-15,18,47,True,287.0,1,5
2026-08-01,20,42,False,283.0,1,5
2026-08-01,9,14,True,345.0,0,5
2026-08-25,15,48,True,343.0,0,1
2026-08-31,19,34,True,288.0,0,0
2026-08-10,10,4,False,339.0,0,0
2026-08-22,11,21,False,207.0,1,5
2026-08-10,9,31,False,351.0,1,0
2026-08-21,16,47,False,303.0,1,4
2026-08-15,13,43,True,297.0,1,5
2026-08-17,16,21,True,355.0,1,0
2026-08-22,21,43,True,296.0,0,5
2026-08-06,18,29,False,289.0,1,3
2026-08-03,20,24,False,302.0,0,0
2026-08-13,20,45,False,302.0,0,3
2026-08-16,15,16,False,246.0,1,6
2026-08-08,19,9,False,268.0,1,5
2026-08-30,16,21,False,286.0,1,6
2026-08-15,12,2,False,255.0,1,5
2026-08-17,13,2,False,293.0,0,0
2026-08-17,14,37,True,296.0,1,0
2026-08-22,12,37,False,325.0,0,5
2026-08-26,8,5,False,367.0,0,2
2026-08-13,16,46,True,309.0,1,3
2026-08-17,9,6,False,335.0,0,0
2026-08-06,14,48,False,272.0,1,3
2026-08-17,19,48,True,291.0,1,0
2026-08-16,15,8,False,263.0,1,6
2026-08-14,15,32,True,323.0,1,4
2026-08-13,8,37,False,233.0,1,3
2026-08-06,17,13,False,307.0,0,3
2026-08-03,14,3,True,324.0,1,0
2026-08-14,16,9,True,361.0,0,4
2026-08-14,18,4,False,309.0,1,4
2026-08-15,21,28,True,343.0,1,5
2026-08-08,21,40,True,324.0,1,5
2026-08-29,18,16,False,345.0,0,5
2026-08-15,10,11,True,419.0,1,5
2026-08-22,15,19,True,306.0,1,5
2026-08-29,15,42,False,322.0,1,5
2026-08-27,16,22,False,252.0,0,3
2026-08-13,15,39,False,256.0,1,3
2026-08-17,12,12,False,269.0,0,0
2026-08-31,12,30,True,352.0,0,0
2026-08-21,10,40,True,290.0,0,4
2026-08-24,19,42,True,390.0,1,0
2026-08-03,13,5,False,320.0,1,0
2026-08-28,17,37,False,308.0,1,4
2026-08-06,10,45,False,281.0,0,3
2026-08-05,21,32,False,331.0,1,2
2026-08-22,9,34,False,181.0,0,5
2026-08-26,14,12,True,338.0,1,2
2026-08-17,17,43,True,328.0,1,0
2026-08-23,10,2,True,257.0,1,6
2026-08-25,20,47,True,349.0,1,1
2026-08-02,11,7,False,312.0,0,6
2026-08-26,21,32,True,264.0,0,2
2026-08-15,18,40,False,237.0,0,5
2026-08-05,17,35,False,365.0,1,2
2026-08-26,15,49,True,313.0,0,2
2026-08-20,21,6,True,377.0,0,3
2026-08-06,8,22,True,390.0,1,3
2026-08-06,16,25,True,336.0,0,3
2026-08-27,21,47,False,339.0,1,3
2026-08-18,13,13,True,237.0,0,1
2026-08-18,9,23,False,289.0,0,1
2026-08-04,10,45,False,169.0,0,1
2026-08-17,12,44,False,215.0,1,0
2026-08-25,18,46,False,263.0,1,1
2026-08-14,19,9,True,301.0,1,4
2026-08-14,13,42,True,324.0,0,4
2026-08-13,16,37,True,320.0,0,3
2026-08-07,9,37,True,343.0,1,4
2026-08-12,12,30,False,291.0,1,2
2026-08-23,14,20,False,294.0,1,6
2026-08-15,18,38,True,286.0,0,5
2026-08-19,19,44,True,299.0,1,2
2026-08-31,18,49,True,323.0,0,0
2026-08-11,14,16,False,280.0,1,1
2026-08-15,11,50,False,245.0,1,5
2026-08-12,10,22,False,336.0,0,2
2026-08-03,20,38,False,321.0,1,0
2026-08-17,15,10,True,286.0,1,0
2026-08-03,20,20,True,324.0,1,0
2026-08-19,9,41,True,418.0,1,2
2026-08-20,12,2,True,331.0,0,3
2026-08-04,19,3,False,304.0,1,1
2026-08-03,17,42,False,258.0,1,0
2026-08-26,12,8,False,272.0,1,2
2026-08-16,8,9,True,405.0,0,6
2026-08-12,14,28,True,325.0,0,2
2026-08-08,11,21,True,325.0,0,5
2026-08-24,17,33,False,282.0,0,0
2026-08-29,19,34,False,390.0,1,5
2026-08-29,9,4,True,340.0,1,5
2026-08-17,15,48,False,247.0,0,0
2026-08-07,11,25,False,262.0,1,4
2026-08-11,8,32,True,376.0,1,1
2026-08-18,15,12,False,223.0,1,1
2026-08-01,20,2,True,351.0,1,5
2026-08-03,18,47,False,256.0,1,0
2026-08-04,14,50,False,206.0,1,1
2026-08-13,10,48,False,253.0,1,3
2026-08-06,10,12,True,334.0,0,3
2026-08-26,14,50,True,376.0,1,2
2026-08-14,9,46,True,375.0,0,4
2026-08-05,12,26,True,313.0,1,2
2026-08-16,14,21,False,319.0,1,6
2026-08-15,13,44,False,268.0,1,5
2026-08-15,17,37,True,263.0,1,5
2026-08-30,14,36,True,321.0,1,6
2026-08-04,9,18,True,278.0,1,1
2026-08-08,14,24,True,352.0,0,5
2026-08-27,9,30,True,370.0,0,3
2026-08-16,14,17,True,285.0,1,6
2026-08-28,21,16,False,304.0,1,4
2026-08-16,15,42,True,325.0,1,6
2026-08-30,17,17,False,317.0,1,6
2026-08-04,15,44,False,230.0,1,1
2026-08-13,12,12,True,348.0,0,3
2026-08-26,14,27,False,228.0,1,2
2026-08-28,18,4,False,316.0,0,4
2026-08-13,15,35,False,323.0,1,3
2026-08-02,11,1,True,301.0,0,6
2026-08-31,9,12,True,387.0,1,0
2026-08-03,14,29,False,218.0,0,0
2026-08-22,20,8,False,336.0,0,5
2026-08-08,8,8,True,402.0,1,5
2026-08-24,19,12,True,342.0,1,0
2026-08-15,9,36,True,330.0,0,5
2026-08-11,17,48,True,334.0,0,1
2026-08-31,14,34,False,256.0,1,0
2026-08-09,19,36,True,433.0,1,6
2026-08-07,19,4,True,305.0,1,4
2026-08-13,17,11,False,335.0,1,3
2026-08-02,20,3,True,303.0,1,6
2026-08-08,8,10,False,368.0,1,5
2026-08-07,14,12,False,361.0,1,4
2026-08-24,12,49,True,340.0,0,0
2026-08-12,21,9,False,309.0,0,2
2026-08-19,18,21,False,246.0,1,2
2026-08-07,10,34,True,289.0,0,4
2026-08-10,18,22,True,336.0,1,0
2026-08-29,9,18,False,356.0,1,5
2026-08-25,14,44,False,259.0,0,1
2026-08-16,16,6,False,369.0,1,6
2026-08-03,16,25,True,296.0,1,0
2026-08-30,21,50,False,307.0,1,6
2026-08-10,17,45,True,331.0,1,0
2026-08-06,17,15,False,278.0,0,3
2026-08-18,15,1,False,198.0,0,1
2026-08-18,9,40,False,273.0,0,1
2026-08-05,8,18,False,312.0,0,2
2026-08-21,15,44,False,276.0,0,4
2026-08-29,9,31,False,323.0,0,5
2026-08-07,11,20,True,358.0,1,4
2026-08-28,19,44,False,278.0,0,4
2026-08-02,11,25,False,250.0,1,6
2026-08-11,9,33,True,400.0,0,1
2026-08-30,11,10,True,274.0,1,6
2026-08-13,14,29,True,297.0,0,3
2026-08-23,13,19,False,248.0,0,6
2026-08-05,17,28,False,312.0,0,2
2026-08-30,13,27,True,375.0,0,6
2026-08-06,11,19,False,281.0,1,3
2026-08-24,9,43,True,347.0,0,0
2026-08-26,12,31,False,302.0,1,2
2026-08-29,18,35,True,397.0,1,5
2026-08-14,20,14,True,262.0,1,4
2026-08-12,10,50,True,362.0,1,2
2026-08-04,10,6,True,348.0,1,1
2026-08-29,11,9,False,273.0,0,5
2026-08-23,18,41,False,298.0,0,6
2026-08-06,18,27,True,354.0,1,3
2026-08-10,12,17,True,348.0,1,0
2026-08-18,18,36,True,411.0,1,1
2026-08-15,9,4,False,303.0,1,5
2026-08-08,13,24,False,283.0,1,5
2026-08-26,13,16,True,315.0,1,2
2026-08-09,15,17,False,302.0,1,6
2026-08-05,9,3,True,337.0,1,2
2026-08-10,15,39,False,281.0,1,0
2026-08-20,15,37,False,281.0,1,3
2026-08-06,11,3,False,283.0,1,3
2026-08-16,14,44,False,256.0,0,6
2026-08-24,20,41,False,309.0,1,0
2026-08-27,14,35,False,269.0,1,3
2026-08-31,8,3,False,329.0,1,0
2026-08-03,21,16,True,342.0,1,0
2026-08-10,20,20,True,317.0,1,0
2026-08-11,21,45,True,401.0,1,1
2026-08-11,8,6,False,300.0,1,1
2026-08-17,15,33,True,345.0,1,0
2026-08-04,18,43,True,297.0,0,1
2026-08-31,8,50,True,263.0,1,0
2026-08-04,10,27,True,310.0,1,1
2026-08-17,13,30,False,197.0,1,0
2026-08-09,15,35,False,271.0,1,6
2026-08-19,12,18,False,343.0,0,2
2026-08-05,12,30,False,248.0,1,2
2026-08-22,11,43,False,204.0,1,5
2026-08-24,21,26,True,398.0,0,0
2026-08-06,11,15,True,309.0,1,3
2026-08-03,14,32,False,280.0,1,0
2026-08-22,13,35,True,354.0,1,5
2026-08-01,15,12,True,341.0,0,5
2026-08-20,18,21,False,315.0,1,3
2026-08-22,21,12,True,374.0,1,5
2026-08-16,13,49,True,252.0,1,6
2026-08-23,18,1,True,268.0,0,6
2026-08-11,17,11,True,369.0,0,1
2026-08-13,14,25,True,289.0,0,3
2026-08-27,17,47,True,295.0,0,3
2026-08-10,21,9,False,247.0,0,0
2026-08-03,17,39,False,266.0,1,0
2026-08-09,12,43,True,311.0,0,6
2026-08-28,13,27,False,245.0,0,4
2026-08-12,8,29,True,302.0,1,2
2026-08-23,10,50,True,345.0,0,6
2026-08-14,19,27,True,296.0,0,4
2026-08-01,15,28,False,256.0,0,5
2026-08-18,10,39,True,245.0,0,1
2026-08-17,21,18,False,376.0,0,0
2026-08-27,8,15,False,342.0,0,3
2026-08-09,10,16,False,273.0,1,6
2026-08-09,19,47,False,252.0,1,6
2026-08-23,11,23,False,288.0,1,6
2026-08-10,15,30,True,319.0,1,0
2026-08-19,16,36,True,269.0,1,2
2026-08-29,11,35,False,186.0,1,5
2026-08-15,20,28,False,271.0,1,5
2026-08-05,19,46,True,265.0,0,2
2026-08-15,14,3,True,327.0,1,5
2026-08-20,8,16,True,352.0,0,3
2026-08-23,16,15,True,282.0,0,6
2026-08-30,18,19,True,303.0,1,6
2026-08-25,19,10,False,359.0,1,1
2026-08-28,11,49,False,319.0,0,4
2026-08-02,21,4,True,320.0,0,6
2026-08-13,21,22,False,390.0,1,3
2026-08-24,16,18,False,233.0,1,0
2026-08-16,21,22,True,305.0,1,6
2026-08-15,10,42,True,328.0,1,5
2026-08-25,18,16,False,223.0,1,1
2026-08-10,20,3,False,364.0,1,0
2026-08-14,12,44,True,332.0,0,4
2026-08-10,8,35,False,273.0,0,0
2026-08-25,18,41,True,342.0,0,1
2026-08-14,10,39,True,338.0,0,4
2026-08-26,12,16,True,312.0,0,2
2026-08-30,13,21,True,274.0,0,6
2026-08-23,20,21,False,235.0,1,6
2026-08-31,15,1,False,367.0,1,0
2026-08-09,8,30,True,290.0,0,6
2026-08-25,10,47,False,360.0,0,1
2026-08-14,8,34,False,271.0,1,4
2026-08-03,12,48,True,356.0,1,0
2026-08-20,15,39,False,299.0,0,3
2026-08-16,11,46,True,355.0,1,6
2026-08-02,20,23,False,322.0,1,6
2026-08-10,18,34,True,260.0,0,0
2026-08-03,16,30,False,253.0,1,0
2026-08-11,13,50,True,267.0,0,1
2026-08-11,13,33,False,290.0,0,1
2026-08-21,18,16,False,232.0,1,4
2026-08-21,12,41,True,245.0,1,4
2026-08-22,20,30,True,323.0,1,5
2026-08-13,17,3,True,234.0,1,3
2026-08-07,12,45,False,295.0,0,4
2026-08-23,18,2,True,274.0,1,6
2026-08-17,14,26,False,247.0,1,0
2026-08-30,15,18,True,229.0,1,6
2026-08-02,14,2,True,387.0,1,6
2026-08-12,8,40,True,286.0,1,2
2026-08-25,8,3,True,330.0,0,1
2026-08-10,17,17,False,210.0,1,0
2026-08-18,13,24,False,249.0,1,1
2026-08-22,10,2,True,403.0,1,5
2026-08-27,20,6,False,304.0,0,3
2026-08-11,19,40,True,299.0,1,1
2026-08-16,16,26,False,279.0,1,6
2026-08-17,18,49,True,302.0,1,0
2026-08-19,14,6,False,277.0,0,2
2026-08-18,9,12,False,328.0,1,1
2026-08-03,19,21,True,315.0,0,0
2026-08-21,21,16,False,307.0,1,4
2026-08-27,10,6,True,342.0,0,3
2026-08-26,15,34,True,307.0,1,2
2026-08-16,20,3,True,303.0,0,6
2026-08-06,21,41,True,317.0,0,3
2026-08-25,8,19,True,372.0,1,1
2026-08-12,12,29,True,356.0,1,2
2026-08-11,17,32,True,276.0,0,1
2026-08-15,8,10,True,334.0,1,5
2026-08-15,19,27,False,258.0,0,5
2026-08-16,16,29,False,312.0,1,6
2026-08-10,14,13,True,302.0,1,0
2026-08-12,12,20,True,413.0,0,2
2026-08-28,13,28,True,331.0,1,4
2026-08-13,18,27,False,332.0,0,3
2026-08-04,10,13,False,252.0,0,1
2026-08-07,10,25,True,333.0,0,4
2026-08-22,14,29,True,345.0,0,5
2026-08-02,14,15,True,279.0,0,6
2026-08-26,14,45,True,321.0,1,2
2026-08-27,9,45,False,340.0,0,3
2026-08-27,9,30,False,285.0,1,3
2026-08-27,18,38,True,290.0,1,3
2026-08-15,19,32,False,360.0,1,5
2026-08-31,12,50,True,278.0,0,0
2026-08-08,11,7,True,334.0,1,5
2026-08-07,14,35,False,252.0,1,4
2026-08-31,10,33,False,255.0,1,0
2026-08-15,12,12,True,354.0,1,5
2026-08-23,9,23,True,330.0,0,6
2026-08-14,8,5,False,321.0,1,4
2026-08-31,16,43,False,190.0,1,0
2026-08-08,20,44,True,353.0,1,5
2026-08-28,11,31,True,299.0,0,4
2026-08-12,15,16,True,245.0,1,2
2026-08-13,20,33,False,368.0,1,3
2026-08-30,19,50,False,312.0,1,6
2026-08-11,14,1,True,330.0,1,1
2026-08-17,21,22,False,348.0,1,0
2026-08-31,19,28,False,298.0,1,0
2026-08-29,8,5,True,313.0,0,5
2026-08-17,17,4,True,315.0,1,0
2026-08-24,18,1,False,257.0,0,0
2026-08-04,14,15,False,260.0,1,1
2026-08-21,9,37,False,248.0,1,4
2026-08-08,10,39,False,254.0,1,5
2026-08-05,21,49,True,374.0,0,2
2026-08-26,8,38,True,358.0,0,2
2026-08-16,14,45,False,260.0,0,6
2026-08-04,10,24,True,291.0,0,1
2026-08-28,13,23,False,266.0,1,4
2026-08-22,19,47,False,221.0,0,5
2026-08-29,20,7,False,298.0,0,5
2026-08-15,14,31,True,358.0,0,5
2026-08-12,10,7,False,387.0,1,2
2026-08-05,9,13,False,254.0,1,2
2026-08-30,16,4,False,317.0,1,6
2026-08-23,16,18,True,292.0,0,6
2026-08-16,14,40,True,275.0,0,6
2026-08-14,21,19,True,293.0,0,4
2026-08-10,12,16,True,330.0,1,0
2026-08-07,11,18,True,291.0,1,4
2026-08-13,11,16,False,264.0,0,3
2026-08-20,8,48,False,287.0,0,3
2026-08-28,11,31,False,258.0,0,4
2026-08-29,14,25,False,248.0,1,5
2026-08-05,21,2,True,241.0,0,2
2026-08-29,12,46,False,288.0,1,5
2026-08-03,16,28,True,323.0,0,0
2026-08-15,11,16,True,296.0,1,5
2026-08-04,18,36,True,339.0,0,1
2026-08-15,10,45,False,348.0,1,5
2026-08-14,13,40,False,283.0,1,4
2026-08-20,11,35,True,381.0,0,3
2026-08-19,18,24,False,374.0,1,2
2026-08-13,20,35,True,434.0,0,3
2026-08-10,9,30,True,290.0,0,0
2026-08-21,12,37,False,237.0,0,4
2026-08-05,21,11,False,280.0,1,2
2026-08-27,20,45,False,298.0,0,3
2026-08-23,11,34,False,351.0,1,6
2026-08-20,12,38,False,310.0,0,3
2026-08-29,19,39,False,240.0,0,5
2026-08-20,16,24,False,256.0,1,3
2026-08-25,11,29,False,286.0,1,1
2026-08-06,13,4,False,222.0,1,3
2026-08-31,11,41,False,289.0,0,0
2026-08-04,8,50,True,297.0,1,1
2026-08-02,9,30,False,232.0,1,6
2026-08-22,13,14,True,284.0,0,5
2026-08-16,15,24,True,336.0,0,6
2026-08-18,16,38,False,297.0,0,1
2026-08-05,11,34,True,332.0,1,2
2026-08-22,13,36,False,322.0,0,5
2026-08-04,10,15,False,328.0,0,1
2026-08-30,19,35,True,336.0,0,6
2026-08-13,16,29,True,323.0,1,3
2026-08-19,15,36,False,285.0,1,2
2026-08-23,19,4,True,322.0,1,6
2026-08-02,8,15,True,258.0,1,6
2026-08-13,20,11,True,378.0,1,3
2026-08-11,9,49,False,314.0,1,1
2026-08-30,17,15,False,233.0,0,6
2026-08-22,21,21,False,355.0,1,5
2026-08-29,16,35,True,297.0,0,5
2026-08-04,17,23,False,278.0,1,1
2026-08-22,10,10,False,333.0,0,5
2026-08-20,21,4,True,347.0,0,3
2026-08-20,10,45,False,346.0,1,3
2026-08-15,17,25,False,268.0,0,5
2026-08-04,16,2,False,348.0,1,1
2026-08-09,21,38,True,307.0,0,6
2026-08-07,10,19,True,385.0,1,4
2026-08-19,17,24,True,231.0,1,2
2026-08-19,19,8,True,284.0,1,2
2026-08-06,18,6,False,296.0,1,3
2026-08-06,12,20,True,308.0,1,3
2026-08-20,13,14,False,279.0,1,3
2026-08-15,10,40,True,334.0,1,5
2026-08-15,21,6,True,290.0,0,5
2026-08-25,17,12,False,237.0,1,1
2026-08-20,15,41,True,329.0,1,3
2026-08-09,9,7,False,271.0,1,6
2026-08-04,13,45,True,376.0,0,1
2026-08-18,9,30,True,330.0,1,1
2026-08-18,16,16,False,309.0,1,1
2026-08-05,13,8,False,300.0,1,2
2026-08-20,16,14,True,296.0,1,3
2026-08-23,21,48,True,259.0,1,6
2026-08-30,11,20,False,335.0,1,6
2026-08-11,19,28,False,249.0,1,1
2026-08-05,10,6,False,276.0,1,2
2026-08-22,9,30,True,332.0,1,5
2026-08-26,15,4,False,278.0,1,2
2026-08-04,11,36,True,366.0,1,1
2026-08-29,9,3,True,338.0,0,5
2026-08-12,18,10,False,279.0,1,2
2026-08-02,16,38,True,361.0,0,6
2026-08-13,19,27,True,352.0,1,3
2026-08-10,15,18,True,291.0,1,0
2026-08-09,12,45,True,279.0,0,6
2026-08-10,15,11,False,247.0,1,0
2026-08-31,12,36,False,283.0,1,0
2026-08-07,20,40,True,283.0,1,4
2026-08-04,14,35,False,284.0,1,1
2026-08-19,12,44,False,279.0,0,2
2026-08-10,20,13,False,191.0,1,0
2026-08-30,12,23,True,268.0,0,6
2026-08-31,20,43,False,177.0,0,0
2026-08-03,11,9,False,274.0,0,0
2026-08-25,20,4,True,375.0,0,1
2026-08-21,21,43,True,262.0,1,4
2026-08-29,21,40,True,285.0,0,5
2026-08-31,12,50,False,278.0,0,0
2026-08-19,14,31,True,278.0,0,2
2026-08-31,10,3,False,250.0,0,0
2026-08-21,11,36,True,350.0,0,4
2026-08-02,15,17,False,260.0,1,6
2026-08-27,13,16,True,263.0,1,3
2026-08-20,15,39,False,196.0,0,3
2026-08-10,18,2,False,373.0,1,0
2026-08-02,9,5,True,383.0,1,6
2026-08-02,20,33,True,314.0,1,6
2026-08-28,16,13,True,324.0,0,4
2026-08-24,14,12,False,261.0,1,0
2026-08-17,20,19,False,313.0,1,0
2026-08-16,12,22,True,290.0,1,6
2026-08-16,18,40,True,303.0,1,6
2026-08-14,14,8,True,339.0,1,4
2026-08-07,9,44,False,356.0,1,4
2026-08-21,18,4,False,314.0,0,4
2026-08-31,11,7,False,337.0,0,0
2026-08-11,14,48,True,308.0,0,1
2026-08-24,9,22,True,313.0,1,0
2026-08-01,15,18,False,202.0,1,5
2026-08-11,21,6,True,341.0,1,1
2026-08-23,17,50,False,297.0,1,6
2026-08-21,17,4,True,310.0,1,4
2026-08-04,18,41,True,293.0,0,1
2026-08-07,12,45,False,334.0,1,4
2026-08-26,20,12,False,318.0,1,2
2026-08-15,12,48,False,337.0,0,5
2026-08-18,15,37,True,282.0,1,1
2026-08-12,20,2,True,304.0,0,2
2026-08-31,20,3,False,341.0,0,0
2026-08-17,19,45,False,286.0,1,0
2026-08-01,8,21,False,282.0,1,5
2026-08-11,13,39,True,302.0,0,1
2026-08-28,9,13,False,298.0,1,4
2026-08-01,8,48,False,345.0,1,5
2026-08-15,19,14,False,282.0,0,5
2026-08-28,20,30,False,324.0,1,4
2026-08-21,14,18,True,339.0,1,4
2026-08-10,19,13,False,253.0,1,0
2026-08-07,21,14,False,263.0,0,4
2026-08-02,21,41,False,280.0,1,6
2026-08-10,11,40,False,235.0,1,0
2026-08-24,8,25,False,284.0,1,0
2026-08-04,17,37,False,343.0,1,1
2026-08-12,18,27,True,323.0,0,2
2026-08-19,18,23,True,294.0,0,2
2026-08-26,13,7,True,399.0,0,2
2026-08-11,17,48,True,285.0,1,1
2026-08-08,20,10,True,294.0,1,5
2026-08-18,19,25,True,377.0,1,1
2026-08-11,20,35,True,359.0,1,1
2026-08-11,13,24,True,317.0,1,1
2026-08-13,19,49,True,361.0,1,3
2026-08-03,10,42,True,345.0,1,0
2026-08-12,21,11,False,251.0,0,2
2026-08-03,13,20,False,186.0,0,0
2026-08-10,17,10,True,299.0,1,0
2026-08-27,16,50,False,324.0,1,3
2026-08-17,13,21,False,265.0,0,0
2026-08-22,8,28,True,363.0,0,5
2026-08-02,17,28,False,289.0,1,6
2026-08-17,13,27,False,214.0,1,0
2026-08-16,15,33,False,264.0,0,6
2026-08-02,14,4,True,335.0,1,6
2026-08-28,21,35,False,267.0,1,4
2026-08-22,15,20,True,305.0,1,5
2026-08-30,18,6,False,300.0,1,6
2026-08-20,19,6,False,291.0,1,3
2026-08-06,15,17,False,322.0,0,3
2026-08-28,16,19,False,296.0,0,4
2026-08-25,10,49,True,294.0,1,1
2026-08-29,14,17,False,261.0,1,5
2026-08-10,13,49,False,283.0,1,0
2026-08-28,9,3,True,392.0,1,4
2026-08-10,12,46,False,266.0,1,0
2026-08-08,10,34,True,263.0,0,5
2026-08-01,18,4,True,342.0,1,5
2026-08-13,12,23,False,254.0,1,3
2026-08-24,21,18,True,287.0,1,0
2026-08-09,18,34,False,285.0,1,6
2026-08-22,16,29,True,359.0,0,5
2026-08-10,21,44,True,315.0,1,0
2026-08-15,15,15,False,300.0,1,5
2026-08-05,16,45,True,348.0,1,2
2026-08-22,16,11,False,312.0,1,5
2026-08-16,18,39,False,255.0,1,6
2026-08-13,15,9,False,235.0,1,3
2026-08-22,21,47,False,259.0,0,5
2026-08-25,15,35,False,312.0,1,1
2026-08-20,18,10,True,351.0,0,3
2026-08-18,18,40,False,246.0,1,1
2026-08-11,13,38,True,407.0,1,1
2026-08-27,13,29,False,239.0,0,3
2026-08-09,21,46,False,338.0,1,6
2026-08-16,13,6,False,343.0,0,6
2026-08-02,17,19,False,286.0,1,6
2026-08-26,13,26,False,251.0,1,2
2026-08-25,20,9,False,263.0,0,1
2026-08-02,21,41,False,288.0,1,6
2026-08-12,18,48,True,368.0,1,2
2026-08-08,20,45,True,285.0,0,5
2026-08-09,19,13,True,254.0,0,6
2026-08-12,16,26,False,295.0,1,2
2026-08-26,17,44,True,345.0,0,2
2026-08-09,20,20,True,411.0,1,6
2026-08-10,8,2,True,289.0,1,0
2026-08-25,17,4,False,277.0,1,1
2026-08-02,13,7,False,328.0,0,6
2026-08-16,15,19,True,325.0,1,6
2026-08-20,8,35,True,337.0,0,3
2026-08-07,18,11,True,356.0,1,4
2026-08-28,18,19,True,301.0,1,4
2026-08-02,13,32,True,356.0,0,6
2026-08-01,16,14,False,230.0,1,5
2026-08-19,13,49,False,221.0,1,2
2026-08-28,21,5,True,327.0,1,4
2026-08-04,9,25,True,235.0,0,1
2026-08-24,8,14,True,348.0,1,0
2026-08-22,11,39,True,259.0,1,5
2026-08-27,13,12,True,333.0,0,3
2026-08-02,17,49,True,329.0,1,6
2026-08-31,17,20,True,319.0,0,0
2026-08-25,16,18,False,298.0,1,1
2026-08-14,12,1,False,293.0,1,4
2026-08-02,14,43,False,269.0,1,6
2026-08-29,13,4,True,395.0,0,5
2026-08-15,13,12,False,298.0,0,5
2026-08-12,16,26,False,311.0,0,2
2026-08-05,12,32,True,367.0,1,2
2026-08-28,9,37,True,365.0,1,4
2026-08-20,15,15,False,363.0,1,3
2026-08-29,18,35,True,331.0,0,5
2026-08-07,21,26,True,338.0,0,4
2026-08-24,10,15,False,267.0,0,0
2026-08-21,21,8,False,288.0,1,4
2026-08-10,16,28,True,291.0,1,0
2026-08-14,21,30,False,325.0,1,4
2026-08-14,12,43,False,248.0,1,4
2026-08-05,21,44,True,341.0,0,2
2026-08-18,8,3,False,327.0,0,1
2026-08-24,11,6,True,334.0,1,0
2026-08-14,16,31,True,285.0,1,4
2026-08-02,8,26,False,332.0,1,6
2026-08-26,15,8,True,317.0,1,2
2026-08-12,15,39,True,205.0,1,2
2026-08-22,16,29,True,281.0,1,5
2026-08-24,16,17,False,337.0,1,0
2026-08-06,20,16,False,352.0,1,3
2026-08-04,13,49,True,343.0,0,1
2026-08-13,20,45,False,324.0,0,3
2026-08-04,12,4,True,293.0,1,1
2026-08-22,19,10,False,278.0,1,5
2026-08-14,19,16,True,377.0,1,4
2026-08-31,21,19,False,315.0,0,0
2026-08-16,21,39,False,301.0,1,6
2026-08-29,14,50,False,273.0,1,5
2026-08-04,16,13,True,367.0,0,1
2026-08-24,12,4,False,329.0,1,0
2026-08-25,19,32,True,354.0,0,1
2026-08-01,10,18,False,295.0,1,5
2026-08-13,16,16,True,306.0,1,3
2026-08-04,17,25,True,350.0,1,1
2026-08-20,20,50,True,288.0,0,3
2026-08-18,8,16,True,309.0,0,1
2026-08-06,21,22,False,240.0,1,3
2026-08-03,8,24,False,354.0,1,0
2026-08-23,17,28,False,253.0,1,6
2026-08-13,21,23,False,314.0,0,3
2026-08-27,18,21,False,279.0,1,3
2026-08-16,19,9,True,444.0,0,6
2026-08-27,11,2,True,346.0,1,3
2026-08-05,9,38,True,264.0,1,2
2026-08-04,14,28,True,368.0,1,1
2026-08-21,9,26,True,323.0,0,4
2026-08-08,14,27,True,312.0,0,5
2026-08-19,15,25,True,293.0,1,2
2026-08-14,19,21,True,336.0,1,4
2026-08-07,18,38,False,292.0,1,4
2026-08-31,15,25,True,294.0,1,0
2026-08-14,10,38,False,272.0,0,4
2026-08-06,16,46,False,285.0,1,3
2026-08-12,17,11,False,188.0,0,2
2026-08-16,17,28,True,264.0,0,6
2026-08-17,17,49,True,389.0,0,0
2026-08-13,13,36,True,335.0,0,3
2026-08-23,11,4,True,307.0,0,6
2026-08-14,15,19,True,252.0,0,4
2026-08-29,11,24,False,286.0,1,5
2026-08-07,11,22,False,327.0,1,4
2026-08-14,18,48,False,390.0,0,4
2026-08-15,15,25,True,396.0,1,5
2026-08-12,11,8,True,293.0,0,2
2026-08-17,8,20,False,285.0,0,0
2026-08-09,13,1,True,263.0,0,6
2026-08-22,19,4,False,254.0,1,5
2026-08-15,15,12,False,271.0,1,5
2026-08-12,21,25,True,323.0,1,2
2026-08-02,21,21,True,420.0,0,6
2026-08-05,10,19,True,280.0,1,2
2026-08-13,9,34,True,336.0,1,3
2026-08-27,13,6,True,239.0,1,3
2026-08-20,8,35,True,358.0,1,3
2026-08-23,18,3,True,271.0,1,6
2026-08-08,12,33,False,329.0,1,5
2026-08-27,13,9,False,270.0,1,3
2026-08-14,15,7,True,264.0,0,4
2026-08-15,14,41,False,196.0,1,5
2026-08-11,13,27,False,243.0,1,1
2026-08-01,9,1,False,308.0,1,5
2026-08-21,19,40,False,305.0,0,4
2026-08-31,15,18,True,300.0,1,0
2026-08-03,15,35,True,357.0,1,0
2026-08-17,18,17,False,239.0,1,0
2026-08-28,12,39,False,167.0,1,4
2026-08-19,10,11,False,304.0,1,2
2026-08-14,19,37,False,340.0,1,4
2026-08-22,18,45,False,336.0,0,5
2026-08-30,15,11,True,268.0,0,6
2026-08-23,12,3,True,303.0,1,6
2026-08-08,10,13,True,361.0,0,5
2026-08-13,16,28,False,255.0,1,3
2026-08-27,16,38,False,285.0,0,3
2026-08-20,19,47,False,259.0,1,3
2026-08-03,14,34,False,237.0,0,0
2026-08-05,20,28,False,257.0,0,2
2026-08-09,15,2,False,318.0,1,6
2026-08-29,20,46,False,293.0,0,5
2026-08-06,12,2,True,375.0,1,3
2026-08-31,12,37,False,305.0,0,0
2026-08-25,12,16,False,349.0,1,1
2026-08-31,9,8,True,371.0,1,0
2026-08-22,10,40,True,363.0,0,5
2026-08-02,15,11,False,275.0,1,6
2026-08-13,21,45,True,458.0,1,3
2026-08-05,20,15,True,337.0,1,2
2026-08-28,13,4,True,243.0,0,4
2026-08-27,16,23,False,291.0,1,3
2026-08-25,14,8,False,241.0,1,1
2026-08-08,21,16,True,379.0,0,5
2026-08-23,13,16,True,351.0,1,6
2026-08-01,18,24,False,277.0,1,5
2026-08-20,21,10,False,262.0,1,3
2026-08-12,11,34,False,294.0,1,2
2026-08-23,14,18,True,295.0,1,6
2026-08-11,11,16,True,360.0,0,1
2026-08-07,14,36,True,343.0,1,4
2026-08-15,12,8,False,402.0,1,5
2026-08-22,9,20,True,320.0,1,5
2026-08-24,14,23,True,308.0,1,0
2026-08-11,15,40,True,314.0,1,1
2026-08-29,17,14,True,318.0,1,5
2026-08-22,18,16,False,326.0,1,5
2026-08-26,9,38,True,327.0,1,2
2026-08-16,13,18,False,361.0,0,6
2026-08-03,11,40,False,311.0,1,0
2026-08-20,12,30,True,305.0,1,3
2026-08-14,8,36,False,275.0,0,4
2026-08-03,13,36,False,324.0,1,0
2026-08-01,19,39,False,289.0,0,5
2026-08-31,19,40,True,328.0,0,0
2026-08-26,18,41,True,301.0,1,2
2026-08-21,21,1,True,336.0,1,4
2026-08-15,15,17,False,254.0,0,5
2026-08-01,9,28,False,352.0,1,5
2026-08-17,8,7,False,333.0,0,0
2026-08-02,16,20,True,314.0,1,6
2026-08-29,9,42,True,330.0,1,5
2026-08-20,15,24,False,284.0,0,3
2026-08-06,12,1,True,324.0,1,3
2026-08-08,9,18,False,260.0,0,5
2026-08-29,12,26,True,248.0,1,5
2026-08-16,16,14,True,289.0,0,6
2026-08-19,13,19,True,317.0,1,2
2026-08-01,10,18,True,303.0,1,5
2026-08-03,19,45,True,361.0,0,0
2026-08-28,15,7,True,311.0,1,4
2026-08-03,21,2,True,413.0,1,0
2026-08-05,8,7,True,322.0,1,2
2026-08-27,16,28,True,326.0,0,3
2026-08-12,16,28,False,269.0,0,2
2026-08-12,11,42,True,346.0,1,2
2026-08-20,20,17,False,335.0,1,3
2026-08-13,15,30,False,304.0,1,3
2026-08-20,18,21,False,203.0,0,3
2026-08-09,21,37,False,318.0,1,6
2026-08-07,21,9,True,298.0,1,4
2026-08-04,18,36,False,272.0,1,1
2026-08-19,10,22,False,320.0,1,2
2026-08-22,20,15,False,248.0,0,5
2026-08-19,13,14,True,368.0,1,2
2026-08-06,17,27,True,308.0,1,3
2026-08-27,17,18,True,409.0,0,3
2026-08-13,15,10,False,283.0,0,3
2026-08-11,18,48,False,353.0,1,1
2026-08-13,16,22,True,368.0,1,3
2026-08-13,15,23,False,256.0,1,3
2026-08-28,16,42,False,228.0,0,4
2026-08-25,11,41,True,333.0,0,1
2026-08-22,17,48,False,259.0,1,5
2026-08-28,8,5,False,368.0,1,4
2026-08-20,14,25,True,311.0,1,3
2026-08-15,18,1,False,272.0,0,5
2026-08-21,19,24,True,272.0,1,4
2026-08-13,17,33,False,299.0,0,3
2026-08-22,11,37,False,241.0,1,5
2026-08-11,8,7,False,322.0,1,1
2026-08-19,10,24,True,356.0,1,2
2026-08-08,14,15,True,291.0,0,5
2026-08-20,18,11,True,363.0,1,3
2026-08-08,10,44,False,282.0,0,5
2026-08-10,8,17,True,286.0,1,0
2026-08-26,14,49,False,342.0,1,2
2026-08-16,15,23,True,283.0,0,6
2026-08-19,12,49,True,345.0,0,2
2026-08-26,13,4,True,339.0,1,2
2026-08-23,21,31,False,314.0,1,6
2026-08-11,10,34,False,307.0,1,1
2026-08-13,21,10,True,299.0,1,3
2026-08-28,12,37,True,392.0,1,4
2026-08-09,10,10,False,331.0,1,6
2026-08-20,20,42,True,352.0,1,3
2026-08-24,9,11,False,245.0,1,0
2026-08-19,21,31,False,259.0,0,2
2026-08-16,14,10,False,307.0,1,6
2026-08-07,17,43,False,202.0,1,4
2026-08-19,18,38,False,298.0,0,2
2026-08-12,14,42,False,227.0,1,2
2026-08-15,19,8,False,253.0,1,5
2026-08-31,15,11,False,224.0,0,0
2026-08-23,19,20,True,338.0,1,6
2026-08-14,8,24,True,389.0,0,4
2026-08-11,9,7,True,352.0,1,1
2026-08-26,9,21,False,316.0,1,2
2026-08-10,19,44,False,295.0,1,0
2026-08-27,10,6,True,360.0,0,3
2026-08-11,14,31,True,339.0,0,1
2026-08-06,14,12,True,212.0,0,3
2026-08-02,14,37,False,317.0,1,6
2026-08-11,8,13,False,337.0,1,1
2026-08-19,9,49,False,284.0,1,2
2026-08-06,15,31,True,241.0,1,3
2026-08-14,16,9,False,290.0,1,4
2026-08-20,17,27,True,335.0,0,3
2026-08-06,20,17,False,275.0,1,3
2026-08-17,14,8,True,328.0,1,0
2026-08-10,20,27,True,375.0,0,0
2026-08-28,8,40,True,440.0,0,4
2026-08-01,19,15,True,334.0,0,5
2026-08-03,11,39,False,301.0,1,0
2026-08-08,17,6,True,289.0,1,5
2026-08-08,15,32,True,300.0,0,5
2026-08-27,21,48,False,293.0,0,3
2026-08-20,20,8,False,340.0,1,3
2026-08-22,12,35,True,357.0,0,5
2026-08-15,8,31,False,382.0,0,5
2026-08-24,14,42,False,221.0,1,0
2026-08-07,13,26,True,269.0,0,4
2026-08-11,16,42,True,365.0,1,1
2026-08-07,11,24,True,386.0,1,4
2026-08-29,11,2,False,289.0,1,5
2026-08-04,15,41,True,141.0,1,1
2026-08-25,21,1,True,308.0,0,1
2026-08-12,21,10,False,311.0,0,2
2026-08-26,11,50,False,252.0,0,2
2026-08-06,10,23,True,340.0,1,3
2026-08-14,14,33,False,356.0,1,4
2026-08-12,20,44,True,390.0,1,2
2026-08-11,12,37,True,357.0,1,1
2026-08-19,16,11,False,278.0,1,2
2026-08-21,12,20,False,265.0,1,4
2026-08-05,16,26,True,351.0,1,2
2026-08-14,13,46,False,283.0,1,4
2026-08-21,13,47,False,284.0,1,4
2026-08-24,18,2,True,262.0,1,0
2026-08-16,13,25,False,253.0,0,6
2026-08-25,14,4,True,351.0,1,1
2026-08-13,19,19,False,244.0,1,3
2026-08-25,18,13,False,295.0,0,1
2026-08-29,11,19,True,345.0,0,5
2026-08-22,11,13,True,347.0,0,5
2026-08-22,16,12,True,343.0,1,5
2026-08-25,19,2,True,353.0,1,1
2026-08-20,14,37,True,296.0,0,3
2026-08-22,18,50,True,266.0,0,5
2026-08-04,17,23,False,247.0,1,1
2026-08-11,13,19,True,351.0,1,1
2026-08-17,8,3,False,256.0,1,0
2026-08-07,14,24,False,239.0,1,4
2026-08-14,13,23,True,280.0,1,4
2026-08-26,19,4,False,214.0,1,2
2026-08-11,11,18,True,282.0,0,1
2026-08-28,20,12,True,373.0,1,4
2026-08-22,15,35,False,251.0,0,5
2026-08-09,14,27,True,251.0,1,6
2026-08-23,15,43,False,260.0,1,6
2026-08-13,16,14,False,301.0,1,3
2026-08-23,8,31,False,231.0,0,6
2026-08-18,10,3,False,331.0,1,1
2026-08-28,9,5,False,240.0,1,4
2026-08-11,10,29,True,317.0,0,1
2026-08-15,18,39,True,308.0,1,5
2026-08-25,18,17,False,262.0,0,1
2026-08-26,9,19,True,335.0,0,2
2026-08-25,18,35,True,356.0,0,1
2026-08-22,13,33,True,320.0,1,5
2026-08-29,16,8,False,256.0,1,5
2026-08-19,9,37,True,356.0,0,2
2026-08-01,11,35,False,296.0,1,5
2026-08-04,12,20,True,298.0,1,1
2026-08-14,12,17,True,326.0,0,4
2026-08-14,21,45,True,308.0,1,4
2026-08-03,8,13,True,310.0,0,0
2026-08-30,20,4,False,325.0,0,6
2026-08-28,13,50,True,340.0,0,4
2026-08-17,21,30,True,369.0,1,0
2026-08-03,12,6,False,310.0,1,0
2026-08-16,20,2,True,297.0,1,6
2026-08-14,13,15,True,362.0,1,4
2026-08-30,21,34,True,326.0,1,6
2026-08-20,11,20,False,325.0,1,3
2026-08-29,20,16,False,287.0,1,5
2026-08-13,18,43,True,337.0,1,3
2026-08-15,13,49,True,336.0,0,5
2026-08-14,16,29,True,353.0,1,4
2026-08-24,8,27,True,279.0,1,0
2026-08-25,13,1,False,219.0,0,1
2026-08-19,8,13,False,331.0,0,2
2026-08-06,19,40,True,342.0,1,3
2026-08-10,14,32,False,249.0,1,0
2026-08-27,11,3,True,343.0,1,3
2026-08-15,13,14,True,266.0,1,5
2026-08-21,14,28,True,451.0,0,4
2026-08-22,20,46,True,385.0,0,5
2026-08-20,18,26,False,309.0,1,3
2026-08-26,12,21,True,328.0,0,2
2026-08-06,16,46,True,296.0,0,3
2026-08-23,15,11,False,228.0,0,6
2026-08-25,10,27,False,288.0,1,1
2026-08-10,8,44,False,270.0,1,0
2026-08-07,18,1,False,252.0,1,4
2026-08-22,21,33,True,281.0,1,5
2026-08-17,17,46,False,292.0,1,0
2026-08-18,15,18,False,265.0,0,1
2026-08-17,11,2,False,309.0,0,0
2026-08-09,14,4,False,299.0,0,6
2026-08-10,11,50,True,337.0,1,0
2026-08-10,14,4,False,387.0,1,0
2026-08-25,21,17,True,371.0,1,1
2026-08-07,8,48,True,294.0,1,4
2026-08-16,8,16,True,363.0,0,6
2026-08-29,9,9,False,296.0,1,5
2026-08-18,12,26,True,271.0,0,1
2026-08-06,18,10,False,228.0,1,3
2026-08-27,21,7,True,356.0,1,3
2026-08-20,17,9,False,310.0,0,3
2026-08-01,13,48,True,280.0,1,5
2026-08-01,9,27,False,337.0,1,5
2026-08-12,8,32,False,316.0,1,2
2026-08-21,16,49,True,368.0,0,4
2026-08-28,20,23,True,376.0,0,4
2026-08-02,14,27,False,274.0,0,6
2026-08-04,15,25,False,345.0,0,1
2026-08-17,21,29,False,253.0,0,0
2026-08-04,13,24,True,418.0,0,1
2026-08-11,20,16,False,257.0,1,1
2026-08-22,16,16,True,319.0,1,5
2026-08-26,15,28,False,257.0,1,2
2026-08-04,11,20,False,273.0,0,1
2026-08-01,12,19,True,441.0,1,5
2026-08-07,9,10,False,279.0,1,4
2026-08-30,8,26,False,339.0,0,6
2026-08-18,21,2,False,289.0,1,1
2026-08-09,13,3,True,359.0,0,6
2026-08-29,10,39,True,311.0,0,5
2026-08-03,18,2,False,295.0,1,0
2026-08-08,11,25,True,353.0,0,5
2026-08-29,21,45,True,309.0,0,5
2026-08-24,8,4,False,415.0,1,0
2026-08-19,13,15,True,349.0,0,2
2026-08-04,15,18,False,271.0,0,1
2026-08-18,21,7,True,310.0,1,1
2026-08-20,17,27,True,326.0,1,3
2026-08-27,11,18,False,239.0,1,3
2026-08-11,17,7,False,353.0,1,1
2026-08-27,15,29,False,297.0,1,3
2026-08-14,18,41,False,281.0,0,4
2026-08-25,17,44,False,324.0,1,1
2026-08-18,10,33,True,304.0,0,1
2026-08-28,20,2,True,286.0,1,4
2026-08-28,18,18,True,319.0,1,4
2026-08-29,21,46,False,303.0,1,5
2026-08-16,14,23,True,342.0,0,6
2026-08-03,10,6,True,273.0,1,0
2026-08-15,13,43,True,304.0,1,5
2026-08-27,11,25,True,205.0,0,3
2026-08-27,13,19,True,275.0,1,3
2026-08-31,14,8,False,309.0,1,0
2026-08-04,15,37,True,358.0,1,1
2026-08-05,21,26,False,252.0,0,2
2026-08-17,13,29,False,269.0,1,0
2026-08-07,11,28,True,329.0,1,4
2026-08-16,16,7,False,324.0,1,6
2026-08-14,14,36,True,382.0,0,4
2026-08-26,16,15,False,287.0,1,2
2026-08-16,10,33,False,282.0,1,6
2026-08-07,12,5,False,227.0,1,4
2026-08-09,8,29,False,309.0,1,6
2026-08-04,18,17,True,407.0,0,1
2026-08-30,19,45,True,380.0,0,6
2026-08-30,15,27,False,287.0,0,6
2026-08-22,8,17,True,357.0,0,5
2026-08-11,8,4,True,317.0,0,1
2026-08-02,21,49,True,324.0,1,6
2026-08-12,14,12,False,286.0,0,2
2026-08-12,21,23,True,344.0,1,2
2026-08-30,18,50,False,325.0,0,6
2026-08-04,21,11,True,376.0,1,1
2026-08-18,15,36,True,341.0,0,1
2026-08-26,10,12,False,253.0,1,2
2026-08-21,9,9,True,300.0,0,4
2026-08-31,14,24,False,245.0,0,0
2026-08-07,17,18,True,331.0,0,4
2026-08-29,12,27,True,243.0,0,5
2026-08-01,8,9,True,344.0,1,5
2026-08-31,9,33,False,354.0,1,0
2026-08-26,10,6,False,319.0,0,2
2026-08-26,13,33,False,268.0,0,2
2026-08-23,21,40,True,310.0,0,6
2026-08-26,8,6,False,337.0,1,2
2026-08-13,15,4,True,332.0,1,3
2026-08-06,9,3,False,288.0,1,3
2026-08-06,12,13,False,261.0,1,3
2026-08-12,15,26,False,283.0,1,2
2026-08-08,20,34,True,320.0,1,5
2026-08-24,12,13,False,316.0,1,0
2026-08-22,20,47,True,382.0,0,5
2026-08-19,21,8,False,243.0,1,2
2026-08-05,15,12,True,271.0,1,2
2026-08-18,21,8,True,392.0,0,1
2026-08-31,13,19,True,329.0,1,0
2026-08-30,14,41,True,275.0,0,6
2026-08-05,15,10,True,359.0,0,2
2026-08-30,10,32,False,306.0,1,6
2026-08-25,20,21,False,381.0,1,1
2026-08-10,19,23,False,279.0,1,0
2026-08-01,21,27,False,342.0,1,5
2026-08-10,12,25,True,267.0,1,0
2026-08-05,17,7,False,338.0,1,2
2026-08-12,14,42,True,358.0,0,2
2026-08-22,16,35,False,345.0,1,5
2026-08-30,21,2,True,382.0,0,6
2026-08-27,13,28,True,318.0,1,3
2026-08-07,17,7,True,275.0,0,4
2026-08-09,8,42,True,320.0,1,6
2026-08-22,18,40,True,254.0,1,5
2026-08-21,15,12,True,283.0,1,4
2026-08-12,13,17,False,299.0,0,2
2026-08-23,8,22,False,303.0,1,6
2026-08-29,11,9,True,319.0,0,5
2026-08-01,13,3,True,290.0,0,5
2026-08-11,20,22,False,222.0,1,1
2026-08-30,17,36,True,329.0,1,6
2026-08-21,8,39,False,320.0,0,4
2026-08-15,17,18,True,282.0,0,5
2026-08-02,12,17,False,263.0,1,6
2026-08-20,10,27,False,354.0,1,3
2026-08-07,14,35,False,327.0,0,4
2026-08-21,20,32,False,233.0,0,4
2026-08-12,15,3,True,317.0,1,2
2026-08-22,10,13,True,391.0,0,5
2026-08-18,17,17,False,273.0,1,1
2026-08-03,10,18,False,282.0,1,0
2026-08-07,21,17,True,382.0,1,4
2026-08-11,18,48,False,324.0,1,1
2026-08-18,10,16,True,370.0,0,1
2026-08-12,21,22,True,328.0,1,2
2026-08-06,18,25,False,311.0,1,3
2026-08-05,13,1,True,382.0,1,2
2026-08-26,13,27,False,280.0,1,2
2026-08-01,10,14,True,316.0,0,5
2026-08-12,13,28,True,371.0,0,2
2026-08-27,16,47,False,362.0,1,3
2026-08-31,18,36,False,369.0,0,0
2026-08-26,15,43,True,305.0,1,2
2026-08-11,18,50,True,314.0,0,1
2026-08-04,20,32,True,291.0,0,1
2026-08-27,20,29,True,337.0,1,3
2026-08-18,14,17,False,238.0,1,1
2026-08-04,14,28,False,259.0,1,1
2026-08-17,15,41,True,348.0,1,0
2026-08-02,14,21,True,336.0,1,6
2026-08-29,20,24,False,220.0,0,5
2026-08-24,10,46,False,355.0,1,0
2026-08-22,15,35,False,237.0,0,5
2026-08-02,15,20,False,242.0,0,6
2026-08-12,20,22,True,283.0,1,2
2026-08-31,8,4,True,318.0,1,0
2026-08-06,17,16,False,246.0,1,3
2026-08-10,12,21,False,250.0,1,0
2026-08-25,21,44,True,239.0,1,1
2026-08-23,12,21,True,330.0,0,6
2026-08-25,8,40,True,354.0,0,1
2026-08-21,13,41,False,372.0,1,4
2026-08-23,21,11,True,357.0,0,6
2026-08-27,13,37,True,302.0,1,3
2026-08-16,21,44,False,250.0,1,6
2026-08-31,19,22,True,324.0,0,0
2026-08-14,11,20,True,346.0,0,4
2026-08-07,13,2,True,302.0,1,4
2026-08-28,21,43,True,340.0,1,4
2026-08-28,13,11,True,398.0,0,4
2026-08-19,8,21,False,289.0,1,2
2026-08-23,12,33,False,209.0,1,6
2026-08-17,9,49,True,373.0,1,0
2026-08-09,21,17,True,351.0,1,6
2026-08-26,14,36,False,212.0,1,2
2026-08-13,20,14,True,350.0,1,3
2026-08-22,16,37,True,281.0,1,5
2026-08-05,16,31,False,298.0,1,2
2026-08-23,21,4,True,414.0,0,6
2026-08-05,18,6,True,317.0,1,2
2026-08-10,16,50,True,364.0,1,0
2026-08-21,18,21,True,275.0,0,4
2026-08-27,14,13,True,260.0,1,3
2026-08-10,14,38,True,401.0,1,0
2026-08-27,8,15,True,357.0,0,3
2026-08-07,18,5,False,310.0,1,4
2026-08-26,18,38,True,371.0,0,2
2026-08-15,13,24,True,301.0,1,5
2026-08-07,21,18,False,331.0,1,4
2026-08-29,12,29,False,311.0,0,5
2026-08-27,15,32,True,268.0,0,3
2026-08-15,15,7,True,381.0,1,5
2026-08-03,18,30,True,377.0,1,0
2026-08-19,11,38,False,237.0,0,2
2026-08-10,8,26,True,353.0,1,0
2026-08-28,13,8,True,313.0,1,4
2026-08-29,17,25,True,379.0,1,5
2026-08-15,8,30,True,288.0,0,5
2026-08-03,12,24,True,469.0,0,0
2026-08-06,12,30,True,318.0,0,3
2026-08-12,10,5,False,322.0,1,2
2026-08-15,12,4,False,340.0,1,5
2026-08-06,13,42,True,314.0,1,3
2026-08-13,12,9,True,320.0,0,3
2026-08-29,8,33,True,324.0,0,5
2026-08-19,19,29,True,293.0,0,2
2026-08-03,19,31,False,299.0,1,0
2026-08-08,14,44,False,275.0,1,5
2026-08-08,10,19,True,312.0,1,5
2026-08-23,14,45,True,302.0,1,6
2026-08-26,12,47,True,348.0,1,2
2026-08-20,20,2,False,261.0,1,3
2026-08-15,19,20,False,278.0,0,5
2026-08-04,10,12,False,328.0,1,1
2026-08-19,20,50,False,302.0,0,2
2026-08-21,18,21,True,283.0,0,4
2026-08-03,13,31,False,281.0,1,0
2026-08-13,8,36,False,322.0,1,3
2026-08-08,13,20,False,322.0,1,5
2026-08-23,20,44,True,302.0,1,6
2026-08-16,20,20,False,270.0,1,6
2026-08-13,20,45,False,265.0,1,3
2026-08-03,11,36,False,262.0,0,0
2026-08-16,11,46,False,304.0,1,6
2026-08-09,12,18,False,308.0,0,6
2026-08-28,20,6,False,335.0,1,4
2026-08-14,16,33,False,277.0,1,4
2026-08-13,8,10,False,248.0,1,3
2026-08-21,10,18,True,359.0,0,4
2026-08-25,18,34,True,331.0,1,1
2026-08-07,11,15,True,330.0,1,4
2026-08-15,9,3,False,247.0,1,5
2026-08-07,16,8,False,273.0,1,4
2026-08-06,18,11,False,237.0,0,3
2026-08-02,14,46,True,340.0,1,6
2026-08-09,8,32,True,327.0,1,6
2026-08-22,16,48,True,300.0,0,5
2026-08-24,13,42,True,261.0,1,0
2026-08-17,9,17,False,339.0,1,0
2026-08-05,8,47,True,334.0,1,2
2026-08-12,13,30,False,285.0,0,2
2026-08-01,14,43,False,251.0,0,5
2026-08-10,17,8,True,256.0,0,0
2026-08-11,13,40,False,261.0,0,1
2026-08-16,14,7,True,306.0,1,6
2026-08-14,13,20,True,334.0,1,4
2026-08-08,15,12,False,266.0,1,5
2026-08-24,9,21,False,269.0,0,0
2026-08-17,16,28,True,260.0,1,0
2026-08-25,16,28,True,322.0,0,1
2026-08-18,18,16,True,293.0,0,1
2026-08-12,16,48,True,373.0,0,2
2026-08-25,14,10,False,287.0,1,1
2026-08-17,16,22,False,303.0,1,0
2026-08-28,8,7,True,335.0,1,4
2026-08-26,10,4,False,301.0,1,2
2026-08-14,9,24,True,302.0,0,4
2026-08-16,18,34,True,277.0,1,6
2026-08-14,8,41,False,305.0,0,4
2026-08-09,12,47,False,307.0,0,6
2026-08-04,8,14,False,227.0,1,1
2026-08-25,10,44,False,273.0,1,1
2026-08-23,13,49,False,356.0,1,6
2026-08-11,13,17,True,341.0,1,1
2026-08-06,10,45,False,354.0,1,3
2026-08-15,11,8,False,263.0,1,5
2026-08-05,14,42,True,302.0,1,2
2026-08-11,13,13,False,321.0,1,1
2026-08-25,20,7,True,357.0,1,1
2026-08-18,18,3,True,321.0,1,1
2026-08-30,21,24,False,247.0,1,6
2026-08-13,21,47,True,384.0,0,3
2026-08-11,9,24,False,398.0,1,1
2026-08-14,16,7,True,258.0,1,4
2026-08-28,21,30,False,354.0,0,4
2026-08-18,13,5,True,303.0,0,1
2026-08-27,9,40,True,325.0,0,3
2026-08-28,14,21,True,331.0,1,4
2026-08-31,18,49,False,236.0,0,0
2026-08-25,18,8,False,283.0,1,1
2026-08-28,17,7,False,218.0,0,4
2026-08-19,17,39,True,341.0,1,2
2026-08-24,11,2,True,417.0,0,0
2026-08-27,8,43,True,319.0,0,3
2026-08-15,17,12,False,275.0,1,5
2026-08-09,16,28,True,316.0,0,6
2026-08-08,21,44,False,337.0,1,5
2026-08-20,20,19,False,309.0,1,3
2026-08-28,18,28,True,361.0,1,4
2026-08-01,17,35,True,302.0,0,5
2026-08-04,15,12,False,297.0,1,1
2026-08-14,12,28,True,190.0,1,4
2026-08-25,10,26,True,359.0,0,1
2026-08-02,11,38,True,279.0,0,6
2026-08-16,10,6,False,279.0,0,6
2026-08-03,17,19,False,312.0,1,0
2026-08-26,15,27,True,259.0,1,2
2026-08-08,20,9,True,376.0,1,5
2026-08-06,12,41,True,320.0,0,3
2026-08-16,20,50,False,351.0,1,6
2026-08-24,18,10,True,288.0,1,0
2026-08-16,15,10,True,247.0,0,6
2026-08-07,8,33,False,303.0,1,4
2026-08-30,16,18,False,304.0,1,6
2026-08-13,18,10,False,311.0,1,3
2026-08-13,17,7,False,237.0,1,3
2026-08-05,10,40,True,268.0,1,2
2026-08-25,8,32,True,332.0,1,1
2026-08-20,10,43,True,353.0,0,3
2026-08-22,20,6,True,351.0,1,5
2026-08-18,9,19,False,361.0,1,1
2026-08-15,14,41,False,266.0,0,5
2026-08-18,17,43,False,208.0,0,1
2026-08-02,11,34,True,376.0,0,6
2026-08-10,14,43,False,288.0,0,0
2026-08-23,10,5,False,304.0,0,6
2026-08-13,21,19,True,369.0,1,3
2026-08-18,13,49,False,333.0,0,1
2026-08-15,14,50,True,320.0,1,5
2026-08-31,14,14,True,368.0,1,0
2026-08-12,21,10,False,320.0,1,2
2026-08-15,12,49,False,258.0,1,5
2026-08-13,13,11,True,313.0,1,3
2026-08-18,10,31,True,357.0,1,1
2026-08-15,19,2,False,260.0,1,5
2026-08-25,11,10,False,323.0,0,1
2026-08-23,18,21,False,291.0,0,6
2026-08-11,13,1,True,337.0,1,1
2026-08-19,10,46,True,390.0,0,2
2026-08-03,14,31,True,335.0,1,0
2026-08-07,10,11,True,335.0,0,4
2026-08-21,16,43,True,317.0,1,4
2026-08-26,11,10,True,323.0,1,2
2026-08-14,9,20,False,310.0,1,4
2026-08-14,13,21,True,377.0,1,4
2026-08-22,21,37,False,274.0,1,5
2026-08-13,16,37,True,293.0,1,3
2026-08-12,20,14,True,384.0,1,2
2026-08-24,17,5,True,299.0,1,0
2026-08-09,17,6,True,331.0,1,6
2026-08-01,9,24,True,314.0,0,5
2026-08-19,11,16,False,221.0,1,2
2026-08-11,12,23,False,292.0,1,1
2026-08-23,16,47,True,365.0,0,6
2026-08-22,14,38,True,318.0,0,5
2026-08-23,12,16,False,225.0,1,6
2026-08-24,13,13,False,286.0,0,0
2026-08-22,16,45,True,290.0,1,5
2026-08-19,11,8,False,183.0,1,2
2026-08-18,21,38,False,295.0,1,1
2026-08-12,20,32,False,313.0,1,2
2026-08-23,9,22,False,345.0,1,6
2026-08-28,12,17,False,355.0,0,4
2026-08-28,21,5,False,324.0,1,4
2026-08-28,14,8,True,358.0,0,4
2026-08-27,19,50,False,237.0,1,3
2026-08-01,11,30,False,353.0,1,5
2026-08-19,19,19,False,339.0,1,2
2026-08-28,8,12,False,290.0,0,4
2026-08-27,15,25,True,347.0,1,3
2026-08-20,12,44,True,348.0,0,3
2026-08-29,17,13,True,381.0,0,5
2026-08-30,9,4,True,332.0,1,6
2026-08-17,10,10,True,303.0,0,0
2026-08-05,19,48,False,268.0,1,2
2026-08-26,21,28,True,374.0,1,2
2026-08-03,17,5,False,205.0,1,0
2026-08-02,19,28,False,168.0,1,6
2026-08-31,17,44,True,358.0,1,0
2026-08-03,12,31,True,335.0,1,0
2026-08-08,18,16,False,285.0,1,5
2026-08-16,11,23,False,236.0,1,6
2026-08-06,16,29,False,212.0,1,3
2026-08-13,16,47,False,255.0,0,3
2026-08-30,15,21,False,294.0,1,6
2026-08-23,9,2,False,275.0,1,6
2026-08-28,12,23,False,321.0,0,4
2026-08-22,21,16,False,260.0,1,5
2026-08-22,15,11,False,259.0,1,5
2026-08-16,15,9,True,348.0,1,6
2026-08-28,14,2,False,265.0,1,4
2026-08-16,11,18,True,315.0,1,6
2026-08-03,10,13,False,267.0,1,0
2026-08-28,15,45,True,287.0,0,4
2026-08-13,15,8,True,334.0,1,3
2026-08-14,20,10,True,352.0,1,4
2026-08-08,17,27,True,331.0,1,5
2026-08-12,12,17,True,300.0,1,2
2026-08-23,10,24,False,284.0,1,6
2026-08-23,12,21,True,388.0,1,6
2026-08-22,11,1,True,271.0,1,5
2026-08-21,15,16,True,395.0,0,4
2026-08-26,9,43,False,302.0,1,2
2026-08-08,18,33,True,317.0,0,5
2026-08-21,15,6,True,358.0,1,4
2026-08-25,17,12,True,239.0,1,1
2026-08-09,13,32,False,337.0,1,6
2026-08-01,11,48,True,402.0,0,5
2026-08-06,18,11,True,368.0,1,3
2026-08-23,21,18,True,254.0,0,6
2026-08-19,21,2,False,329.0,0,2
2026-08-23,21,32,True,404.0,0,6
2026-08-11,10,49,False,354.0,1,1
2026-08-11,17,49,True,266.0,0,1
2026-08-23,20,20,True,373.0,0,6
2026-08-30,12,21,True,396.0,0,6
2026-08-13,13,36,True,323.0,0,3
2026-08-11,8,38,True,286.0,0,1
2026-08-18,8,27,True,378.0,1,1
2026-08-23,18,47,True,367.0,1,6
2026-08-15,17,11,False,276.0,1,5
2026-08-01,10,18,False,245.0,1,5
2026-08-21,9,17,True,377.0,1,4
2026-08-25,19,34,False,257.0,1,1
2026-08-07,8,45,False,320.0,1,4
2026-08-23,18,26,False,347.0,0,6
2026-08-27,15,6,True,254.0,0,3
2026-08-13,19,43,False,324.0,1,3
2026-08-12,20,30,True,324.0,0,2
2026-08-18,8,39,False,297.0,1,1
2026-08-24,17,50,True,343.0,0,0
2026-08-19,21,32,True,307.0,0,2
2026-08-15,15,17,True,273.0,1,5
2026-08-08,12,13,True,253.0,1,5
2026-08-19,20,46,False,342.0,1,2
2026-08-10,11,41,True,313.0,0,0
2026-08-07,15,13,False,303.0,0,4
2026-08-18,15,6,True,301.0,1,1
2026-08-16,18,22,True,278.0,1,6
2026-08-20,21,33,False,324.0,1,3
2026-08-27,15,33,False,293.0,1,3
2026-08-06,10,4,True,323.0,0,3
2026-08-27,19,14,True,340.0,1,3
2026-08-09,15,50,False,242.0,0,6
2026-08-21,20,48,True,375.0,0,4
2026-08-13,8,35,False,356.0,0,3
2026-08-25,20,27,False,323.0,1,1
2026-08-31,11,6,True,313.0,1,0
2026-08-21,12,1,True,327.0,1,4
2026-08-26,13,43,True,385.0,0,2
2026-08-08,12,28,True,376.0,0,5
2026-08-16,12,29,False,364.0,1,6
2026-08-13,12,32,False,253.0,0,3
2026-08-13,16,28,False,246.0,1,3
2026-08-17,17,27,False,287.0,1,0
2026-08-23,17,10,True,338.0,1,6
2026-08-20,10,18,False,287.0,1,3
2026-08-05,9,4,True,322.0,1,2
2026-08-22,17,38,False,333.0,1,5
2026-08-21,9,41,True,334.0,0,4
2026-08-28,15,42,False,231.0,0,4
2026-08-17,12,32,False,241.0,1,0
2026-08-28,12,5,True,334.0,0,4
2026-08-09,13,22,True,442.0,1,6
2026-08-02,16,48,False,241.0,1,6
2026-08-25,14,22,True,308.0,0,1
2026-08-26,12,2,False,381.0,0,2
2026-08-18,12,41,False,265.0,1,1
2026-08-09,17,43,True,340.0,1,6
2026-08-06,16,34,True,396.0,0,3
2026-08-11,16,50,False,242.0,1,1
2026-08-25,9,2,True,326.0,0,1
2026-08-29,14,46,True,301.0,1,5
2026-08-06,17,36,False,221.0,0,3
2026-08-06,8,40,False,367.0,1,3
2026-08-13,11,8,True,305.0,1,3
2026-08-11,9,33,True,303.0,1,1
2026-08-14,17,33,False,264.0,1,4
2026-08-02,16,4,False,318.0,0,6
2026-08-08,19,18,False,293.0,1,5
2026-08-03,13,19,True,290.0,0,0
2026-08-23,11,10,False,304.0,1,6
2026-08-21,10,50,False,325.0,1,4
2026-08-03,11,42,False,287.0,1,0
2026-08-01,9,41,False,289.0,1,5
2026-08-24,12,30,True,365.0,0,0
2026-08-19,16,22,False,273.0,1,2
2026-08-18,13,39,True,386.0,0,1
2026-08-17,9,38,True,308.0,0,0
2026-08-20,13,1,False,251.0,0,3
2026-08-29,16,30,False,244.0,1,5
2026-08-24,21,5,False,288.0,1,0
2026-08-13,11,47,False,288.0,1,3
2026-08-03,8,26,True,291.0,1,0
2026-08-30,9,46,False,302.0,1,6
2026-08-01,12,31,True,347.0,1,5
2026-08-04,17,39,False,223.0,1,1
2026-08-25,14,41,True,300.0,0,1
2026-08-13,15,12,False,303.0,0,3
2026-08-17,10,17,True,289.0,0,0
2026-08-28,16,18,False,268.0,1,4
2026-08-30,9,2,False,342.0,1,6
2026-08-11,11,49,True,400.0,1,1
2026-08-02,11,24,False,306.0,1,6
2026-08-25,13,28,False,275.0,1,1
2026-08-16,17,39,False,262.0,1,6
2026-08-02,13,10,False,318.0,1,6
2026-08-29,10,47,True,378.0,0,5
2026-08-19,16,33,True,274.0,0,2
2026-08-23,18,24,True,361.0,1,6
2026-08-19,12,11,True,300.0,1,2
2026-08-25,21,8,True,304.0,0,1
2026-08-16,9,27,False,292.0,1,6
2026-08-22,13,26,True,362.0,1,5
2026-08-19,10,12,True,345.0,1,2
2026-08-09,15,35,True,331.0,1,6
2026-08-01,20,15,False,307.0,1,5
2026-08-10,10,21,False,311.0,0,0
2026-08-19,12,37,True,320.0,1,2
2026-08-01,11,30,False,313.0,1,5
2026-08-02,11,5,True,302.0,1,6
2026-08-16,9,17,False,324.0,0,6
2026-08-12,15,26,False,314.0,1,2
2026-08-08,10,34,True,360.0,1,5
2026-08-23,11,33,False,318.0,1,6
2026-08-18,13,18,False,301.0,1,1
2026-08-02,16,25,True,367.0,1,6
2026-08-25,21,41,False,207.0,1,1
2026-08-29,19,30,True,362.0,0,5
2026-08-13,11,37,True,407.0,0,3
2026-08-06,10,20,True,308.0,1,3
2026-08-21,12,45,True,295.0,1,4
2026-08-26,16,2,True,372.0,1,2
2026-08-06,8,13,False,267.0,0,3
2026-08-09,12,40,True,298.0,1,6
2026-08-16,18,42,True,331.0,0,6
2026-08-11,11,20,False,256.0,1,1
2026-08-07,12,6,False,320.0,0,4
2026-08-31,14,11,False,249.0,0,0
2026-08-10,14,46,False,295.0,0,0
2026-08-10,14,25,False,292.0,1,0
2026-08-30,8,42,False,371.0,1,6
2026-08-25,16,10,False,327.0,1,1
2026-08-20,14,31,False,259.0,1,3
2026-08-18,11,43,True,277.0,1,1
2026-08-28,11,4,True,362.0,1,4
2026-08-24,9,25,False,272.0,0,0
2026-08-20,13,28,True,309.0,1,3
2026-08-29,20,24,True,290.0,0,5
2026-08-09,19,35,False,315.0,1,6
2026-08-31,17,41,False,256.0,1,0
2026-08-15,10,5,True,331.0,1,5
2026-08-04,8,33,False,304.0,0,1
2026-08-31,12,11,False,292.0,1,0
2026-08-08,13,8,False,308.0,1,5
2026-08-09,18,21,False,275.0,1,6
2026-08-13,12,32,False,255.0,1,3
2026-08-09,12,5,False,210.0,1,6
2026-08-26,19,34,True,332.0,0,2
2026-08-04,17,9,False,276.0,1,1
2026-08-17,20,38,False,264.0,1,0
2026-08-16,21,43,False,301.0,1,6
2026-08-15,18,32,False,319.0,1,5
2026-08-03,21,10,True,382.0,0,0
2026-08-25,20,12,False,231.0,1,1
2026-08-20,15,35,True,306.0,0,3
2026-08-05,21,39,True,376.0,1,2
2026-08-23,21,18,True,402.0,0,6
2026-08-05,17,23,True,289.0,1,2
2026-08-20,8,12,False,360.0,1,3
2026-08-15,15,31,True,266.0,0,5
2026-08-18,20,11,True,378.0,0,1
2026-08-15,18,34,False,273.0,1,5
2026-08-02,14,27,True,383.0,1,6
2026-08-29,8,21,True,326.0,1,5
2026-08-13,21,10,True,326.0,1,3
2026-08-04,16,13,True,315.0,1,1
2026-08-10,19,45,True,267.0,1,0
2026-08-13,11,47,True,258.0,1,3
2026-08-10,20,25,False,313.0,1,0
2026-08-29,14,13,True,360.0,1,5
2026-08-31,10,41,True,357.0,0,0
2026-08-09,15,6,False,230.0,1,6
2026-08-08,11,35,True,347.0,0,5
2026-08-03,21,28,False,258.0,1,0
2026-08-16,9,20,True,354.0,1,6
2026-08-31,9,20,True,383.0,1,0
2026-08-14,15,41,False,295.0,1,4
2026-08-09,21,4,True,397.0,0,6
2026-08-30,15,20,True,314.0,1,6
2026-08-21,8,5,False,296.0,1,4
2026-08-11,13,22,True,325.0,0,1
2026-08-03,16,24,False,227.0,0,0
2026-08-05,16,44,False,264.0,1,2
2026-08-29,9,17,True,325.0,0,5
2026-08-10,15,5,False,269.0,1,0
2026-08-13,15,26,False,291.0,1,3
2026-08-04,11,36,False,229.0,1,1
2026-08-24,21,8,False,252.0,1,0
2026-08-13,11,9,False,333.0,0,3
2026-08-12,12,17,True,244.0,1,2
2026-08-05,18,8,False,309.0,1,2
2026-08-10,17,5,True,307.0,0,0
2026-08-28,14,10,True,327.0,1,4
2026-08-24,8,50,False,367.0,1,0
2026-08-09,18,14,True,319.0,0,6
2026-08-20,16,27,False,306.0,1,3
2026-08-07,10,27,True,335.0,1,4
2026-08-02,18,5,False,280.0,1,6
2026-08-22,11,15,True,319.0,1,5
2026-08-24,14,28,True,349.0,0,0
2026-08-28,12,5,True,295.0,0,4
2026-08-23,12,22,False,239.0,1,6
2026-08-07,8,12,True,347.0,1,4
2026-08-08,9,42,False,306.0,0,5
2026-08-07,12,8,True,252.0,1,4
2026-08-21,9,1,True,338.0,1,4
2026-08-23,8,35,True,295.0,0,6
2026-08-29,17,16,True,347.0,0,5
2026-08-14,10,30,False,220.0,1,4
2026-08-26,18,43,False,362.0,1,2
2026-08-19,8,41,True,331.0,1,2
2026-08-05,17,10,False,247.0,1,2
2026-08-23,15,34,False,269.0,0,6
2026-08-31,15,11,True,342.0,1,0
2026-08-25,15,20,True,356.0,1,1
2026-08-31,14,43,False,270.0,1,0
2026-08-18,14,7,True,263.0,0,1
2026-08-20,9,21,True,290.0,1,3
2026-08-12,16,11,True,332.0,1,2
2026-08-23,14,37,False,320.0,0,6
2026-08-17,12,23,True,369.0,1,0
2026-08-13,11,44,True,335.0,1,3
2026-08-02,15,31,True,359.0,1,6
2026-08-25,12,18,True,401.0,1,1
2026-08-13,13,24,True,370.0,1,3
2026-08-26,11,22,False,325.0,1,2
2026-08-07,9,37,True,306.0,1,4
2026-08-28,19,47,False,327.0,1,4
2026-08-10,14,44,True,339.0,1,0
2026-08-23,19,1,False,314.0,1,6
2026-08-06,9,50,False,348.0,1,3
2026-08-03,18,6,True,339.0,1,0
2026-08-26,19,38,False,284.0,0,2
2026-08-03,14,29,True,278.0,1,0
2026-08-18,14,43,False,269.0,1,1
2026-08-11,8,11,True,353.0,0,1
2026-08-22,20,16,False,304.0,1,5
2026-08-20,17,6,False,292.0,0,3
2026-08-05,17,1,False,320.0,0,2
2026-08-19,19,48,False,323.0,1,2
2026-08-22,10,35,True,330.0,0,5
2026-08-27,10,24,False,259.0,1,3
2026-08-28,20,38,False,308.0,0,4
2026-08-19,20,3,False,382.0,1,2
2026-08-30,18,40,True,337.0,1,6
2026-08-15,13,2,False,270.0,0,5
2026-08-30,18,15,True,346.0,1,6
2026-08-16,10,22,False,316.0,0,6
2026-08-24,19,46,True,351.0,1,0
2026-08-09,16,46,True,375.0,1,6
2026-08-04,12,4,False,300.0,1,1
2026-08-15,13,24,True,375.0,0,5
2026-08-25,13,19,False,291.0,1,1
2026-08-12,15,30,False,340.0,1,2
2026-08-23,17,22,True,370.0,1,6
2026-08-03,18,39,True,361.0,0,0
2026-08-23,10,48,False,324.0,1,6
2026-08-14,16,40,True,413.0,0,4
2026-08-17,14,27,False,324.0,1,0
2026-08-19,18,15,False,251.0,1,2
2026-08-06,20,37,True,342.0,1,3
2026-08-04,13,1,True,311.0,0,1
2026-08-07,18,12,True,407.0,1,4
2026-08-30,8,9,False,355.0,1,6
2026-08-19,11,19,True,409.0,0,2
2026-08-17,12,18,True,294.0,1,0
2026-08-25,19,39,False,332.0,0,1
2026-08-16,9,11,False,243.0,1,6
2026-08-15,8,11,True,281.0,1,5
2026-08-22,9,30,True,322.0,1,5
2026-08-08,15,20,False,340.0,1,5
2026-08-19,17,15,False,242.0,0,2
2026-08-08,13,25,False,281.0,0,5
2026-08-18,17,49,False,330.0,1,1
2026-08-28,9,3,False,332.0,0,4
2026-08-16,16,43,False,369.0,1,6
2026-08-20,15,26,False,280.0,1,3
2026-08-19,11,45,False,270.0,1,2
2026-08-10,18,28,False,241.0,1,0
2026-08-17,17,6,True,307.0,1,0
2026-08-31,21,46,True,294.0,0,0
2026-08-13,14,32,False,209.0,1,3
2026-08-13,10,11,True,411.0,0,3
2026-08-07,13,13,False,284.0,0,4
2026-08-27,10,17,True,436.0,0,3
2026-08-10,17,46,False,248.0,1,0
2026-08-02,20,46,True,315.0,0,6
2026-08-04,10,36,False,261.0,0,1
2026-08-25,20,30,False,267.0,1,1
2026-08-06,19,4,True,363.0,1,3
2026-08-24,18,14,False,307.0,0,0
2026-08-18,16,46,True,356.0,1,1
2026-08-23,13,28,True,376.0,1,6
2026-08-06,15,7,True,364.0,1,3
2026-08-29,11,16,True,288.0,0,5
2026-08-30,11,14,False,267.0,0,6
2026-08-25,15,37,True,325.0,0,1
2026-08-23,14,39,False,430.0,1,6
2026-08-17,12,49,True,355.0,0,0
2026-08-14,9,27,False,302.0,1,4
2026-08-24,13,30,True,349.0,0,0
2026-08-11,8,15,False,280.0,1,1
2026-08-26,14,39,False,291.0,1,2
2026-08-31,16,42,False,319.0,1,0
2026-08-19,12,18,True,323.0,1,2
2026-08-30,12,11,False,254.0,1,6
2026-08-02,19,22,True,325.0,0,6
2026-08-28,14,46,True,308.0,1,4
2026-08-03,12,4,True,270.0,0,0
2026-08-11,17,3,True,299.0,1,1
2026-08-06,19,24,True,272.0,0,3
2026-08-29,19,14,False,239.0,1,5
2026-08-14,11,3,True,282.0,1,4
2026-08-19,8,31,True,383.0,1,2
2026-08-26,13,35,True,382.0,0,2
2026-08-16,21,31,False,237.0,0,6
2026-08-21,16,12,False,344.0,1,4
2026-08-22,11,10,True,283.0,0,5
2026-08-24,17,20,False,312.0,0,0
2026-08-07,18,18,False,295.0,1,4
2026-08-30,11,44,True,353.0,1,6
2026-08-27,12,36,False,238.0,1,3
2026-08-08,13,19,False,210.0,1,5
2026-08-19,10,17,False,260.0,1,2
2026-08-20,16,40,True,338.0,1,3
2026-08-16,8,11,True,423.0,1,6
2026-08-22,18,5,True,283.0,1,5
2026-08-27,13,37,False,278.0,1,3
2026-08-07,13,45,False,252.0,1,4
2026-08-09,15,36,True,319.0,1,6
2026-08-13,12,45,True,247.0,1,3
2026-08-01,16,48,False,340.0,0,5
2026-08-29,16,44,False,281.0,1,5
2026-08-31,19,14,False,325.0,1,0
2026-08-08,9,28,False,289.0,1,5
2026-08-24,12,9,False,292.0,0,0
2026-08-22,19,38,True,373.0,1,5
2026-08-04,14,29,True,326.0,0,1
2026-08-03,9,25,True,345.0,0,0
2026-08-27,14,8,False,249.0,0,3
2026-08-03,16,48,True,299.0,1,0
2026-08-22,15,19,True,279.0,0,5
2026-08-13,17,2,True,292.0,1,3
2026-08-08,16,6,True,371.0,0,5
2026-08-07,21,30,False,370.0,0,4
2026-08-27,11,2,True,278.0,0,3
2026-08-01,15,19,True,336.0,1,5
2026-08-27,16,13,False,268.0,1,3
2026-08-16,17,49,True,378.0,1,6
2026-08-06,19,8,False,293.0,1,3
2026-08-07,9,9,False,298.0,1,4
2026-08-12,17,23,False,252.0,1,2
2026-08-23,10,37,False,231.0,0,6
2026-08-09,8,8,True,375.0,1,6
2026-08-27,8,9,False,319.0,0,3
2026-08-11,17,16,True,337.0,0,1
2026-08-10,13,16,True,298.0,1,0
2026-08-21,8,12,True,339.0,1,4
2026-08-01,12,25,True,356.0,0,5
2026-08-18,21,11,False,337.0,1,1
2026-08-31,21,18,True,291.0,1,0
2026-08-04,13,13,False,257.0,1,1
2026-08-05,16,35,True,265.0,0,2
2026-08-09,13,18,True,330.0,1,6
2026-08-27,21,43,False,333.0,0,3
2026-08-31,11,30,True,317.0,0,0
2026-08-17,8,43,False,278.0,1,0
2026-08-03,13,37,True,309.0,1,0
2026-08-16,14,30,True,413.0,0,6
2026-08-05,12,3,True,372.0,1,2
2026-08-16,13,29,False,311.0,1,6
2026-08-03,17,25,True,335.0,0,0
2026-08-20,15,2,True,319.0,1,3
2026-08-15,8,47,True,308.0,0,5
2026-08-30,15,5,False,238.0,1,6
2026-08-03,19,31,False,265.0,1,0
2026-08-20,20,5,False,254.0,0,3
2026-08-14,18,21,True,300.0,0,4
2026-08-31,9,48,False,294.0,1,0
2026-08-16,9,49,False,297.0,0,6
2026-08-29,15,26,False,255.0,0,5
2026-08-29,9,7,False,318.0,1,5
2026-08-31,15,30,False,272.0,1,0
2026-08-31,12,34,True,333.0,1,0
2026-08-17,16,28,False,251.0,1,0
2026-08-28,16,14,False,308.0,1,4
2026-08-24,21,18,True,317.0,0,0
2026-08-20,15,44,True,384.0,0,3
2026-08-23,21,17,False,289.0,0,6
2026-08-18,16,25,True,317.0,0,1
2026-08-18,14,6,False,304.0,1,1
2026-08-22,15,5,True,352.0,0,5
2026-08-14,13,21,True,359.0,1,4
2026-08-18,16,39,True,392.0,1,1
2026-08-15,9,50,True,364.0,1,5
2026-08-15,10,20,True,330.0,0,5
2026-08-06,9,11,True,317.0,0,3
2026-08-27,13,5,False,277.0,0,3
2026-08-15,10,38,False,352.0,0,5
2026-08-18,18,39,True,269.0,1,1
2026-08-04,8,35,False,272.0,0,1
2026-08-23,11,35,False,279.0,1,6
2026-08-08,12,25,False,251.0,1,5
2026-08-15,19,30,False,272.0,1,5
2026-08-03,18,2,True,397.0,0,0
2026-08-30,11,20,True,316.0,1,6
2026-08-15,13,36,True,338.0,1,5
2026-08-13,10,37,True,266.0,1,3
2026-08-09,17,2,False,238.0,1,6
2026-08-02,13,48,True,359.0,1,6
2026-08-24,17,44,False,349.0,1,0
2026-08-08,21,47,False,307.0,1,5
2026-08-29,8,27,False,292.0,0,5
2026-08-30,13,32,False,302.0,0,6
2026-08-20,20,4,True,229.0,1,3
2026-08-17,15,27,False,289.0,0,0
2026-08-13,17,30,True,280.0,0,3
2026-08-01,21,3,False,330.0,1,5
2026-08-02,20,46,False,205.0,1,6
2026-08-30,15,45,False,255.0,1,6
2026-08-15,8,27,True,343.0,1,5
2026-08-12,21,38,False,268.0,1,2
2026-08-14,20,36,True,317.0,1,4
2026-08-25,14,1,True,357.0,1,1
2026-08-29,21,35,False,297.0,0,5
2026-08-02,17,12,True,285.0,1,6
2026-08-18,17,35,False,320.0,1,1
2026-08-22,19,18,True,338.0,0,5
2026-08-07,11,46,False,300.0,0,4
2026-08-29,21,37,True,302.0,1,5
2026-08-23,19,23,False,186.0,0,6
2026-08-31,13,33,False,246.0,0,0
2026-08-29,13,14,False,242.0,1,5
2026-08-25,12,44,True,300.0,0,1
2026-08-06,17,1,False,248.0,1,3
2026-08-14,16,27,True,325.0,0,4
2026-08-08,18,24,True,360.0,1,5
2026-08-27,17,2,True,365.0,0,3
2026-08-22,15,12,False,313.0,1,5
2026-08-02,19,13,True,292.0,1,6
2026-08-17,13,27,False,284.0,1,0
2026-08-05,11,20,False,351.0,0,2
2026-08-14,20,47,True,269.0,1,4
2026-08-25,11,48,False,342.0,0,1
2026-08-24,20,37,True,293.0,0,0
2026-08-30,16,34,False,292.0,1,6
2026-08-29,21,6,True,355.0,1,5
2026-08-20,19,8,False,296.0,0,3
2026-08-21,20,21,True,422.0,1,4
2026-08-29,11,39,True,316.0,1,5
2026-08-21,20,21,True,267.0,1,4
2026-08-22,14,45,True,335.0,1,5
2026-08-03,21,6,True,331.0,0,0
2026-08-05,13,41,True,344.0,1,2
2026-08-16,9,44,True,373.0,1,6
2026-08-18,12,30,False,283.0,1,1
2026-08-26,10,10,False,310.0,1,2
2026-08-17,16,11,False,286.0,1,0
2026-08-11,17,1,False,354.0,1,1
2026-08-17,8,10,False,290.0,1,0
2026-08-16,17,25,False,255.0,1,6
2026-08-26,11,16,True,363.0,1,2
2026-08-23,20,19,False,255.0,1,6
2026-08-02,11,10,True,344.0,1,6
2026-08-04,16,47,False,274.0,1,1
2026-08-21,21,14,False,294.0,1,4
2026-08-07,8,3,True,442.0,1,4
2026-08-02,9,4,False,347.0,0,6
2026-08-30,8,40,True,385.0,1,6
2026-08-06,20,33,True,354.0,1,3
2026-08-17,8,20,True,317.0,1,0
2026-08-07,19,15,False,298.0,1,4
2026-08-25,21,7,False,321.0,0,1
2026-08-05,20,44,False,300.0,1,2
2026-08-05,8,3,True,348.0,1,2
2026-08-20,10,27,False,277.0,0,3
2026-08-16,18,37,False,295.0,0,6
2026-08-19,21,29,True,317.0,0,2
2026-08-09,11,26,False,316.0,1,6
2026-08-05,17,27,True,241.0,0,2
2026-08-08,9,25,True,392.0,1,5
2026-08-09,21,40,True,286.0,1,6
2026-08-05,8,43,False,262.0,1,2
2026-08-10,12,30,True,341.0,1,0
2026-08-25,13,44,True,344.0,1,1
2026-08-02,9,20,True,421.0,0,6
2026-08-09,10,7,True,344.0,1,6
2026-08-11,17,29,True,320.0,0,1
2026-08-04,10,46,True,340.0,1,1
2026-08-22,9,34,False,362.0,1,5
2026-08-22,11,26,True,425.0,1,5
2026-08-22,21,27,False,291.0,1,5
2026-08-02,12,44,False,306.0,1,6
2026-08-23,15,9,True,317.0,0,6
2026-08-29,13,22,True,318.0,1,5
2026-08-06,16,12,False,356.0,1,3
2026-08-27,10,6,True,295.0,0,3
2026-08-14,17,6,True,229.0,1,4
2026-08-01,16,27,True,333.0,1,5
2026-08-18,18,19,False,333.0,1,1
2026-08-07,21,6,False,307.0,1,4
2026-08-01,18,49,False,305.0,0,5
2026-08-31,11,17,False,318.0,0,0
2026-08-01,15,29,True,324.0,0,5
2026-08-01,17,23,True,344.0,1,5
2026-08-24,14,17,True,342.0,0,0
2026-08-04,21,21,True,260.0,1,1
2026-08-04,14,10,True,325.0,1,1
2026-08-29,16,43,True,258.0,1,5
2026-08-18,17,8,True,320.0,0,1
2026-08-27,21,14,True,318.0,0,3
2026-08-11,9,31,True,379.0,1,1
2026-08-27,12,18,False,294.0,0,3
2026-08-01,10,47,False,311.0,1,5
2026-08-28,14,30,False,273.0,1,4
2026-08-10,10,18,True,375.0,0,0
2026-08-09,12,25,True,261.0,0,6
2026-08-23,12,49,True,289.0,0,6
2026-08-04,9,37,True,389.0,1,1
2026-08-28,18,25,True,307.0,0,4
2026-08-06,8,30,False,219.0,1,3
2026-08-30,19,30,False,346.0,0,6
2026-08-16,13,36,True,365.0,1,6
2026-08-02,20,11,True,361.0,0,6
2026-08-23,8,48,True,348.0,1,6
2026-08-18,16,39,True,387.0,0,1
2026-08-10,17,27,True,372.0,1,0
2026-08-24,12,16,True,386.0,1,0
2026-08-24,8,38,True,372.0,1,0
2026-08-17,19,32,True,333.0,0,0
2026-08-13,15,29,True,304.0,1,3
2026-08-24,8,10,True,294.0,1,0
2026-08-18,11,30,True,348.0,0,1
2026-08-22,14,11,False,304.0,0,5
2026-08-13,11,15,True,314.0,1,3
2026-08-17,19,44,False,313.0,1,0
2026-08-05,12,23,False,271.0,1,2
2026-08-11,14,48,False,315.0,0,1
2026-08-07,11,23,False,253.0,0,4
2026-08-29,12,50,False,242.0,0,5
2026-08-10,14,7,False,271.0,1,0
2026-08-17,8,14,True,378.0,0,0
2026-08-15,19,9,True,282.0,1,5
2026-08-18,10,28,False,334.0,1,1
2026-08-23,8,6,False,239.0,0,6
2026-08-22,21,43,False,288.0,1,5
2026-08-19,10,45,False,236.0,1,2
2026-08-30,18,22,False,180.0,0,6
2026-08-26,9,18,False,313.0,1,2
2026-08-02,12,44,False,277.0,1,6
2026-08-26,17,38,False,226.0,0,2
2026-08-04,12,22,False,264.0,0,1
2026-08-03,17,9,False,300.0,1,0
2026-08-07,16,18,False,266.0,1,4
2026-08-24,15,21,False,272.0,1,0
2026-08-18,10,15,True,317.0,1,1
2026-08-10,8,9,True,321.0,0,0
2026-08-07,12,42,False,261.0,1,4
2026-08-08,18,2,False,260.0,0,5
2026-08-06,10,14,True,302.0,1,3
2026-08-22,12,21,True,284.0,1,5
2026-08-26,16,43,False,265.0,0,2
2026-08-01,18,45,False,259.0,0,5
2026-08-04,21,34,False,255.0,1,1
2026-08-14,8,7,False,335.0,0,4
2026-08-17,8,15,True,394.0,0,0
2026-08-20,16,39,True,320.0,0,3
2026-08-18,10,12,True,335.0,0,1
2026-08-11,19,7,False,260.0,1,1
2026-08-29,17,5,True,365.0,0,5
2026-08-21,12,47,False,354.0,1,4
2026-08-26,16,39,False,274.0,1,2
2026-08-14,18,23,False,264.0,1,4
2026-08-09,12,28,False,298.0,1,6
2026-08-27,19,34,True,333.0,1,3
2026-08-15,21,25,False,278.0,1,5
2026-08-12,19,2,True,347.0,0,2
2026-08-10,10,9,True,370.0,0,0
2026-08-19,16,34,True,289.0,1,2
2026-08-24,19,46,True,430.0,1,0
2026-08-19,14,47,False,219.0,0,2
2026-08-06,19,32,False,254.0,0,3
2026-08-20,19,12,True,337.0,0,3
2026-08-24,14,19,True,410.0,0,0
2026-08-27,21,47,False,275.0,0,3
2026-08-06,15,38,False,237.0,1,3
2026-08-08,18,10,True,346.0,1,5
2026-08-01,12,10,False,275.0,0,5
2026-08-22,9,35,False,325.0,1,5
2026-08-17,18,41,False,282.0,0,0
2026-08-17,16,37,True,286.0,1,0
2026-08-24,10,32,False,386.0,0,0
2026-08-15,18,7,False,166.0,1,5
2026-08-07,21,10,False,371.0,1,4
2026-08-19,9,43,False,335.0,1,2
2026-08-22,17,38,False,252.0,0,5
2026-08-31,17,27,True,397.0,1,0
2026-08-25,12,32,False,230.0,0,1
2026-08-23,15,7,False,320.0,0,6
2026-08-28,10,48,False,209.0,0,4
2026-08-03,13,26,True,276.0,0,0
2026-08-30,16,22,True,275.0,0,6
2026-08-30,9,12,False,268.0,1,6
2026-08-29,15,24,False,280.0,1,5
2026-08-22,17,50,True,289.0,0,5
2026-08-11,14,46,False,199.0,0,1
2026-08-20,10,29,True,351.0,1,3
2026-08-30,8,32,False,306.0,1,6
2026-08-29,13,16,False,298.0,1,5
2026-08-19,9,26,True,345.0,1,2
2026-08-09,10,6,False,331.0,1,6
2026-08-10,19,1,False,285.0,1,0
2026-08-02,21,13,True,379.0,1,6
2026-08-01,12,38,False,253.0,1,5
2026-08-31,21,6,True,309.0,0,0
2026-08-30,18,38,False,340.0,1,6
2026-08-16,15,12,True,374.0,1,6
2026-08-18,9,9,True,361.0,1,1
2026-08-23,13,20,True,286.0,1,6
2026-08-26,8,39,True,306.0,1,2
2026-08-17,14,27,False,334.0,1,0
2026-08-06,11,3,True,379.0,1,3
2026-08-14,8,24,True,342.0,0,4
2026-08-23,16,15,False,374.0,1,6
2026-08-25,16,34,True,339.0,1,1
2026-08-15,18,50,False,240.0,1,5
2026-08-14,10,32,False,281.0,1,4
2026-08-24,13,21,False,282.0,0,0
2026-08-22,14,1,True,324.0,1,5
2026-08-03,20,33,True,383.0,1,0
2026-08-24,11,11,False,250.0,1,0
2026-08-23,13,3,True,269.0,0,6
2026-08-19,16,22,True,345.0,1,2
2026-08-25,21,10,True,318.0,0,1
2026-08-12,17,44,True,419.0,1,2
2026-08-02,13,38,False,320.0,1,6
2026-08-03,14,24,False,259.0,1,0
2026-08-18,13,7,False,331.0,1,1
2026-08-29,14,49,False,310.0,1,5
2026-08-01,8,49,True,370.0,1,5
2026-08-20,13,36,True,317.0,1,3
2026-08-21,19,1,False,305.0,1,4
2026-08-29,16,1,True,236.0,0,5
2026-08-06,18,26,True,377.0,1,3
2026-08-05,10,17,False,155.0,1,2
2026-08-01,21,11,False,280.0,1,5
2026-08-19,13,3,True,258.0,0,2
2026-08-01,11,10,False,268.0,1,5
2026-08-27,14,2,False,278.0,0,3
2026-08-21,14,32,True,273.0,0,4
2026-08-21,20,16,False,182.0,1,4
2026-08-16,16,48,True,329.0,0,6
2026-08-12,11,26,False,371.0,1,2
2026-08-27,21,40,False,284.0,0,3
2026-08-29,15,39,False,318.0,0,5
2026-08-22,15,10,True,380.0,1,5
2026-08-08,15,36,True,244.0,1,5
2026-08-26,21,30,True,320.0,0,2
2026-08-16,15,9,False,229.0,1,6
2026-08-28,13,5,True,290.0,1,4
2026-08-01,15,7,True,388.0,1,5
2026-08-04,13,36,True,331.0,0,1
2026-08-10,17,1,True,354.0,0,0
2026-08-11,21,27,True,336.0,1,1
2026-08-17,21,12,False,250.0,0,0
2026-08-25,9,16,True,365.0,1,1
2026-08-27,20,48,True,383.0,0,3
2026-08-23,10,8,False,305.0,1,6
2026-08-07,13,25,False,302.0,1,4
2026-08-12,14,13,True,271.0,1,2
2026-08-21,21,41,True,366.0,1,4
2026-08-07,11,10,False,342.0,1,4
2026-08-12,8,40,True,361.0,0,2
2026-08-15,11,33,False,216.0,1,5
2026-08-02,13,35,True,387.0,0,6
2026-08-14,15,37,True,282.0,0,4
2026-08-13,20,39,True,348.0,0,3
2026-08-04,19,28,False,326.0,1,1
2026-08-14,20,16,False,336.0,0,4
2026-08-14,20,8,True,260.0,0,4
2026-08-16,21,33,False,303.0,0,6
2026-08-07,20,35,True,335.0,0,4
2026-08-19,11,38,True,386.0,1,2
2026-08-02,17,12,False,300.0,1,6
2026-08-10,8,15,True,402.0,0,0
2026-08-18,12,17,False,306.0,0,1
2026-08-29,14,27,False,278.0,1,5
2026-08-17,13,50,False,290.0,1,0
2026-08-05,10,21,False,353.0,1,2
2026-08-12,20,21,True,281.0,1,2
2026-08-06,14,17,True,357.0,1,3
2026-08-22,11,27,True,303.0,1,5
2026-08-09,12,12,True,291.0,1,6
2026-08-20,18,48,True,365.0,1,3
2026-08-01,14,44,True,285.0,0,5
2026-08-22,9,36,False,313.0,0,5
2026-08-15,11,28,True,308.0,0,5
2026-08-21,11,25,False,194.0,0,4
2026-08-26,13,9,False,301.0,1,2
2026-08-06,19,47,False,293.0,0,3
2026-08-19,18,37,True,248.0,0,2
2026-08-18,14,23,True,293.0,0,1
2026-08-06,11,11,True,256.0,0,3
2026-08-13,17,50,True,351.0,1,3
2026-08-01,8,1,True,400.0,1,5
2026-08-23,8,16,False,338.0,1,6
2026-08-23,12,50,True,364.0,0,6
2026-08-26,8,13,False,284.0,1,2
2026-08-13,10,20,False,314.0,0,3
2026-08-07,16,16,True,320.0,1,4
2026-08-15,10,16,True,340.0,0,5
2026-08-12,10,35,False,331.0,1,2
2026-08-27,20,50,True,380.0,1,3
2026-08-26,16,32,False,265.0,1,2
2026-08-01,12,23,True,268.0,0,5
2026-08-15,19,25,False,281.0,1,5
2026-08-04,15,43,True,311.0,0,1
2026-08-13,17,28,True,333.0,1,3
2026-08-23,16,45,False,314.0,0,6
2026-08-27,19,2,True,251.0,1,3
2026-08-25,13,3,True,295.0,0,1
2026-08-05,14,31,True,282.0,1,2
2026-08-29,14,33,True,371.0,0,5
2026-08-02,14,33,False,272.0,1,6
2026-08-23,11,47,False,267.0,0,6
2026-08-26,20,35,False,314.0,0,2
2026-08-01,20,36,False,269.0,1,5
2026-08-16,9,26,True,337.0,1,6
2026-08-23,9,12,True,411.0,0,6
2026-08-06,14,44,False,352.0,1,3
2026-08-23,17,46,False,266.0,1,6
2026-08-16,14,11,True,313.0,1,6
2026-08-14,17,6,True,297.0,1,4
2026-08-29,14,25,True,243.0,1,5
2026-08-26,20,46,False,334.0,1,2
2026-08-03,15,34,False,377.0,0,0
2026-08-15,10,35,True,315.0,1,5
2026-08-03,20,21,False,260.0,1,0
2026-08-23,18,18,True,314.0,0,6
2026-08-29,12,8,True,328.0,1,5
2026-08-02,13,34,False,237.0,1,6
2026-08-01,20,48,True,314.0,0,5
2026-08-09,15,14,True,361.0,1,6
2026-08-09,15,19,False,285.0,1,6
2026-08-23,17,20,False,333.0,0,6
2026-08-07,10,4,False,307.0,0,4
2026-08-03,19,38,True,284.0,1,0
2026-08-26,21,32,True,315.0,1,2
2026-08-31,11,26,False,298.0,1,0
2026-08-18,13,28,False,237.0,1,1
2026-08-11,11,12,False,238.0,1,1
2026-08-07,17,10,True,274.0,1,4
2026-08-09,11,41,True,349.0,0,6
2026-08-01,12,35,False,270.0,1,5
2026-08-29,17,33,False,329.0,0,5
2026-08-14,14,14,True,285.0,1,4
2026-08-20,19,40,True,230.0,1,3
2026-08-06,9,23,True,333.0,1,3
2026-08-07,20,18,True,398.0,1,4
2026-08-10,9,44,True,339.0,1,0
2026-08-07,19,12,True,273.0,0,4
2026-08-26,17,42,False,217.0,1,2
2026-08-02,21,36,True,386.0,0,6
2026-08-30,16,25,False,248.0,1,6
2026-08-04,11,37,True,390.0,1,1
2026-08-21,12,40,False,311.0,1,4
2026-08-30,10,22,True,302.0,0,6
2026-08-28,9,6,False,345.0,1,4
2026-08-17,21,16,False,261.0,1,0
2026-08-01,17,23,False,224.0,0,5
2026-08-10,15,9,False,245.0,0,0
2026-08-19,11,43,True,359.0,1,2
2026-08-31,21,35,False,344.0,0,0
2026-08-15,19,29,False,272.0,1,5
2026-08-10,8,14,False,230.0,0,0
2026-08-19,20,5,True,270.0,1,2
2026-08-12,13,21,False,239.0,1,2
2026-08-24,13,6,True,270.0,0,0
2026-08-16,9,1,True,349.0,1,6
2026-08-09,9,31,True,416.0,1,6
2026-08-15,15,45,True,352.0,0,5
2026-08-30,18,41,False,239.0,0,6
2026-08-27,14,28,False,253.0,1,3
2026-08-28,21,3,False,278.0,1,4
2026-08-17,9,38,False,314.0,1,0
2026-08-14,17,23,False,345.0,1,4
2026-08-27,8,40,False,286.0,0,3
2026-08-18,18,4,True,386.0,0,1
2026-08-26,15,6,False,364.0,1,2
2026-08-02,17,12,False,268.0,1,6
2026-08-31,9,12,False,283.0,1,0
2026-08-04,12,7,False,270.0,1,1
2026-08-18,13,28,False,284.0,1,1
2026-08-07,17,26,True,308.0,1,4
2026-08-13,8,48,True,380.0,1,3
2026-08-15,9,7,False,236.0,1,5
2026-08-25,21,3,True,317.0,1,1
2026-08-23,17,13,False,295.0,1,6
2026-08-28,11,41,True,363.0,0,4
2026-08-22,9,11,True,426.0,1,5
2026-08-31,18,39,False,233.0,0,0
2026-08-26,13,23,True,296.0,1,2
2026-08-01,21,47,False,207.0,1,5
2026-08-11,11,1,True,284.0,1,1
2026-08-10,18,34,True,254.0,1,0
2026-08-25,10,31,False,272.0,0,1
2026-08-05,13,33,True,313.0,1,2
2026-08-16,16,47,False,299.0,1,6
2026-08-11,15,36,False,268.0,0,1
2026-08-21,9,36,True,357.0,1,4
2026-08-06,10,14,False,297.0,1,3
2026-08-09,9,37,False,257.0,1,6
2026-08-13,17,32,True,255.0,1,3
2026-08-24,14,28,True,344.0,1,0
2026-08-08,16,1,True,386.0,1,5
2026-08-14,8,47,False,406.0,0,4
2026-08-24,18,7,False,322.0,0,0
2026-08-01,10,16,False,351.0,1,5
2026-08-17,13,32,False,300.0,1,0
2026-08-24,11,24,False,300.0,1,0
2026-08-05,17,14,False,286.0,1,2
2026-08-25,21,47,False,294.0,1,1
2026-08-02,17,15,True,346.0,0,6
2026-08-25,8,1,False,284.0,0,1
2026-08-28,16,28,False,275.0,1,4
2026-08-30,14,19,False,233.0,1,6
2026-08-24,21,7,False,317.0,1,0
2026-08-09,18,18,True,286.0,1,6
2026-08-04,19,47,False,289.0,1,1
2026-08-17,14,13,True,341.0,1,0
2026-08-17,19,18,False,311.0,1,0
2026-08-21,8,4,True,375.0,0,4
2026-08-18,16,50,False,272.0,1,1
2026-08-16,19,4,False,307.0,0,6
2026-08-30,19,27,False,269.0,1,6
2026-08-08,15,16,True,241.0,1,5
2026-08-26,18,14,False,306.0,1,2
2026-08-11,19,14,False,300.0,1,1
2026-08-21,17,7,False,323.0,0,4
2026-08-21,19,45,True,327.0,0,4
2026-08-18,12,14,False,220.0,0,1
2026-08-23,11,42,True,324.0,1,6
2026-08-29,8,45,False,340.0,1,5
2026-08-24,16,6,True,340.0,1,0
2026-08-10,15,43,False,274.0,1,0
2026-08-13,20,38,False,226.0,1,3
2026-08-17,9,27,True,297.0,0,0
2026-08-18,11,11,True,347.0,1,1
2026-08-10,11,31,False,221.0,1,0
2026-08-16,20,49,True,320.0,1,6
2026-08-20,14,3,False,282.0,1,3
2026-08-05,10,1,True,378.0,1,2
2026-08-13,15,16,True,345.0,1,3
2026-08-18,18,44,True,363.0,1,1
2026-08-17,14,27,False,293.0,1,0
2026-08-09,17,46,True,288.0,0,6
2026-08-14,19,50,False,263.0,0,4
2026-08-17,19,3,False,251.0,1,0
2026-08-29,11,8,True,352.0,0,5
2026-08-31,16,50,False,253.0,0,0
2026-08-04,13,16,True,306.0,1,1
2026-08-18,10,47,False,293.0,1,1
2026-08-27,14,2,True,386.0,1,3
2026-08-20,13,29,True,348.0,1,3
2026-08-24,15,16,False,249.0,0,0
2026-08-24,12,29,False,291.0,0,0
2026-08-15,13,31,True,388.0,0,5
2026-08-11,8,42,False,329.0,1,1
2026-08-12,15,11,True,256.0,1,2
2026-08-09,8,32,False,268.0,1,6
2026-08-13,10,24,False,253.0,1,3
2026-08-15,19,19,True,386.0,0,5
2026-08-27,9,32,True,388.0,1,3
2026-08-15,13,10,True,297.0,0,5
2026-08-28,15,49,True,294.0,0,4
2026-08-05,15,32,True,322.0,0,2
2026-08-23,14,23,False,283.0,1,6
2026-08-19,14,33,False,242.0,0,2
2026-08-26,15,30,True,310.0,0,2
2026-08-20,12,30,False,226.0,0,3
2026-08-26,10,7,False,343.0,0,2
2026-08-25,9,16,False,228.0,0,1
2026-08-26,10,43,False,222.0,1,2
2026-08-26,18,50,False,302.0,0,2
2026-08-14,18,1,True,275.0,0,4
2026-08-28,10,30,True,312.0,0,4
2026-08-17,19,34,True,331.0,0,0
2026-08-18,14,34,True,348.0,1,1
2026-08-21,8,38,True,336.0,1,4
2026-08-03,14,31,False,352.0,1,0
2026-08-02,13,8,True,322.0,1,6
2026-08-01,18,20,False,332.0,1,5
2026-08-10,17,46,True,333.0,1,0
2026-08-19,21,29,False,383.0,1,2
2026-08-17,9,31,False,340.0,0,0
2026-08-12,17,21,True,324.0,1,2
2026-08-01,8,26,True,370.0,1,5
2026-08-12,16,31,False,270.0,1,2
2026-08-17,9,20,True,327.0,1,0
2026-08-24,11,22,True,276.0,1,0
2026-08-31,16,40,True,288.0,1,0
2026-08-03,16,26,False,363.0,0,0
2026-08-11,19,17,False,240.0,1,1
2026-08-17,18,25,False,258.0,1,0
2026-08-23,8,37,False,301.0,0,6
2026-08-26,21,27,False,296.0,0,2
2026-08-03,9,3,False,313.0,1,0
2026-08-08,9,24,False,279.0,1,5
2026-08-20,19,25,True,346.0,1,3
2026-08-04,9,50,True,384.0,1,1
2026-08-21,15,10,False,331.0,1,4
2026-08-22,20,36,False,282.0,0,5
2026-08-07,15,42,True,344.0,1,4
2026-08-14,17,18,True,276.0,1,4
2026-08-14,19,45,False,259.0,1,4
2026-08-04,15,17,False,233.0,0,1
2026-08-16,19,14,True,326.0,0,6
2026-08-24,11,19,False,254.0,1,0
2026-08-29,15,18,False,219.0,1,5
2026-08-22,21,23,False,283.0,1,5
2026-08-30,20,8,True,263.0,0,6
2026-08-01,14,50,True,374.0,0,5
2026-08-17,15,16,True,298.0,1,0
2026-08-25,8,25,True,384.0,1,1
2026-08-10,10,43,False,273.0,0,0
2026-08-22,17,32,True,274.0,0,5
2026-08-16,13,49,False,329.0,0,6
2026-08-16,8,50,True,348.0,1,6
2026-08-26,11,19,True,403.0,1,2
2026-08-08,16,18,False,262.0,1,5
2026-08-29,14,32,False,263.0,1,5
2026-08-07,8,46,True,385.0,0,4
2026-08-28,20,49,False,333.0,0,4
2026-08-06,19,40,False,294.0,1,3
2026-08-16,13,15,False,415.0,1,6
2026-08-20,13,49,False,271.0,1,3
2026-08-16,19,21,True,277.0,0,6
2026-08-07,9,11,False,258.0,1,4
2026-08-09,13,29,False,271.0,1,6
2026-08-14,21,32,True,399.0,1,4
2026-08-11,17,6,True,315.0,1,1
2026-08-26,9,19,False,361.0,0,2
2026-08-26,15,16,True,337.0,0,2
2026-08-14,14,12,True,364.0,1,4
2026-08-07,21,15,False,313.0,1,4
2026-08-01,13,11,True,337.0,1,5
2026-08-26,21,39,True,368.0,0,2
2026-08-25,17,10,False,259.0,1,1
2026-08-13,13,37,False,260.0,1,3
2026-08-20,16,49,True,334.0,1,3
2026-08-31,16,24,False,358.0,1,0
2026-08-03,17,36,False,220.0,1,0
2026-08-20,17,1,False,201.0,0,3
2026-08-04,9,46,True,327.0,0,1
2026-08-29,10,17,True,374.0,1,5
2026-08-26,17,14,True,324.0,0,2
2026-08-11,14,38,False,234.0,1,1
2026-08-02,18,25,False,288.0,1,6
2026-08-14,17,37,False,213.0,1,4
2026-08-12,19,35,False,313.0,1,2
2026-08-30,20,22,False,280.0,1,6
2026-08-17,21,47,True,335.0,1,0
2026-08-12,21,7,False,315.0,1,2
2026-08-26,16,11,False,289.0,1,2
2026-08-12,19,10,False,266.0,0,2
2026-08-01,20,14,True,374.0,1,5
2026-08-13,21,35,False,330.0,1,3
2026-08-14,13,46,True,251.0,1,4
2026-08-24,18,49,True,315.0,1,0
2026-08-30,8,36,False,261.0,0,6
2026-08-02,18,6,False,234.0,1,6
2026-08-12,14,5,True,342.0,0,2
2026-08-26,18,42,False,268.0,1,2
2026-08-21,8,7,True,339.0,0,4
2026-08-28,12,15,True,298.0,0,4
2026-08-16,16,21,True,335.0,0,6
2026-08-04,17,18,False,309.0,0,1
2026-08-08,18,1,False,371.0,1,5
2026-08-02,17,4,False,275.0,0,6
2026-08-10,16,11,False,223.0,0,0
2026-08-09,8,10,True,324.0,0,6
2026-08-23,13,45,True,356.0,0,6
2026-08-15,20,19,False,262.0,0,5
2026-08-13,10,42,True,273.0,1,3
2026-08-23,19,30,False,258.0,1,6
2026-08-17,16,50,False,259.0,1,0
2026-08-30,21,41,False,255.0,0,6
2026-08-16,19,41,True,337.0,1,6
2026-08-28,10,20,True,329.0,0,4
2026-08-02,9,27,False,330.0,1,6
2026-08-20,15,12,True,302.0,1,3
2026-08-20,10,14,False,315.0,0,3
2026-08-27,12,34,True,305.0,0,3
2026-08-14,19,42,True,283.0,1,4
2026-08-03,13,50,True,300.0,1,0
2026-08-23,19,38,True,263.0,1,6
2026-08-12,17,2,False,354.0,1,2
2026-08-08,21,49,True,344.0,1,5
2026-08-02,17,32,True,290.0,1,6
2026-08-04,8,18,True,329.0,1,1
2026-08-14,14,50,True,222.0,1,4
2026-08-16,18,21,True,382.0,0,6
2026-08-19,14,46,True,374.0,1,2
2026-08-02,12,11,False,289.0,1,6
2026-08-12,16,30,False,293.0,1,2
2026-08-29,18,19,False,234.0,0,5
2026-08-14,9,48,False,250.0,1,4
2026-08-06,12,40,True,257.0,1,3
2026-08-13,9,50,False,292.0,1,3
2026-08-04,21,30,False,340.0,0,1
2026-08-22,9,35,True,323.0,0,5
2026-08-18,19,4,False,302.0,1,1
2026-08-12,18,21,True,364.0,1,2
2026-08-20,16,5,True,256.0,0,3
2026-08-27,14,36,False,354.0,0,3
2026-08-22,11,27,True,374.0,0,5
2026-08-30,21,7,True,359.0,0,6
2026-08-21,18,31,True,361.0,1,4
2026-08-19,21,20,True,377.0,1,2
2026-08-08,15,25,True,332.0,0,5
2026-08-07,18,38,False,342.0,1,4
2026-08-16,18,25,False,266.0,1,6
2026-08-19,20,17,False,311.0,1,2
2026-08-06,11,46,True,381.0,0,3
2026-08-20,8,37,False,197.0,1,3
2026-08-27,19,15,False,306.0,1,3
2026-08-21,21,10,True,367.0,1,4
2026-08-11,17,34,False,214.0,0,1
2026-08-05,21,44,False,309.0,0,2
2026-08-16,10,43,False,261.0,1,6
2026-08-07,17,7,True,338.0,1,4
2026-08-27,19,39,True,324.0,1,3
2026-08-05,8,25,False,267.0,1,2
2026-08-11,9,39,False,342.0,0,1
2026-08-15,9,46,False,281.0,1,5
2026-08-03,14,44,False,291.0,1,0
2026-08-26,20,28,False,345.0,1,2
2026-08-05,11,42,True,291.0,1,2
2026-08-23,17,27,False,282.0,1,6
2026-08-21,19,37,True,308.0,0,4
2026-08-05,16,39,False,270.0,0,2
2026-08-09,9,38,False,384.0,1,6
2026-08-15,16,28,True,339.0,1,5
2026-08-03,13,34,False,295.0,1,0
2026-08-29,17,29,True,343.0,0,5
2026-08-06,15,45,True,337.0,1,3
2026-08-17,14,48,True,247.0,0,0
2026-08-26,18,8,True,416.0,0,2
2026-08-21,20,13,True,274.0,0,4
2026-08-08,15,46,True,389.0,1,5
2026-08-21,20,37,False,317.0,1,4
2026-08-25,20,3,False,300.0,1,1
2026-08-11,16,14,False,268.0,1,1
2026-08-06,19,32,True,432.0,0,3
2026-08-08,20,23,False,317.0,1,5
2026-08-10,15,23,False,281.0,1,0
2026-08-24,13,13,True,301.0,1,0
2026-08-29,15,49,False,254.0,0,5
2026-08-03,15,41,True,322.0,1,0
2026-08-23,9,39,False,261.0,1,6
2026-08-14,9,50,True,365.0,1,4
2026-08-23,18,21,True,299.0,0,6
2026-08-14,8,43,False,345.0,1,4
2026-08-10,17,48,True,361.0,1,0
2026-08-12,9,31,True,336.0,1,2
2026-08-06,14,50,False,304.0,0,3
2026-08-12,18,7,False,310.0,1,2
2026-08-23,10,36,False,234.0,0,6
2026-08-14,11,19,True,397.0,0,4
2026-08-02,11,22,True,318.0,1,6
2026-08-09,11,24,False,316.0,1,6
2026-08-10,9,24,True,367.0,1,0
2026-08-26,18,21,True,225.0,1,2
2026-08-17,13,43,False,256.0,1,0
2026-08-17,8,13,True,378.0,1,0
2026-08-03,19,6,True,330.0,1,0
2026-08-30,21,28,True,366.0,1,6
2026-08-31,12,32,True,328.0,0,0
2026-08-19,9,13,True,387.0,0,2
2026-08-01,16,34,True,325.0,1,5
2026-08-12,9,32,True,395.0,1,2
2026-08-07,13,14,False,243.0,0,4
2026-08-04,11,32,False,283.0,0,1
2026-08-10,21,45,True,314.0,0,0
2026-08-13,13,5,False,298.0,1,3
2026-08-02,9,35,True,327.0,1,6
2026-08-10,19,4,True,319.0,1,0
2026-08-21,9,14,True,310.0,0,4
2026-08-22,19,18,False,270.0,1,5
2026-08-25,14,11,False,280.0,1,1
2026-08-04,10,19,False,212.0,1,1
2026-08-18,10,2,True,240.0,0,1
2026-08-05,14,34,True,323.0,1,2
2026-08-19,15,3,False,169.0,1,2
2026-08-02,14,29,True,313.0,0,6
2026-08-12,10,23,False,277.0,0,2
2026-08-17,10,48,False,314.0,1,0
2026-08-10,14,1,False,254.0,0,0
2026-08-02,10,42,False,355.0,1,6
2026-08-06,20,6,False,326.0,1,3
2026-08-08,9,17,False,238.0,0,5
2026-08-29,21,19,False,287.0,1,5
2026-08-19,14,44,True,382.0,1,2
2026-08-11,10,48,False,265.0,1,1
2026-08-31,12,2,True,322.0,1,0
2026-08-25,14,15,True,377.0,0,1
2026-08-31,20,23,True,311.0,1,0
2026-08-12,9,19,True,383.0,1,2
2026-08-09,15,33,False,244.0,0,6
2026-08-02,9,6,False,182.0,1,6
2026-08-08,11,50,True,377.0,1,5
2026-08-26,11,19,True,346.0,1,2
2026-08-11,15,30,False,300.0,0,1
2026-08-28,18,22,False,241.0,0,4
2026-08-21,8,3,False,264.0,0,4
2026-08-04,19,5,True,374.0,1,1
2026-08-10,16,30,False,290.0,1,0
2026-08-21,13,3,True,317.0,1,4
2026-08-20,11,39,True,337.0,1,3
2026-08-16,13,39,True,382.0,1,6
2026-08-08,20,28,True,361.0,0,5
2026-08-04,20,1,True,314.0,1,1
2026-08-29,13,22,False,226.0,0,5
2026-08-10,20,45,True,356.0,1,0
2026-08-12,21,45,True,301.0,0,2
2026-08-29,16,47,True,273.0,1,5
2026-08-14,18,39,True,377.0,0,4
2026-08-16,21,17,False,333.0,1,6
2026-08-22,19,42,True,343.0,0,5
2026-08-18,11,28,False,238.0,1,1
2026-08-21,15,50,True,392.0,1,4
2026-08-22,8,30,False,346.0,1,5
2026-08-21,13,40,False,270.0,1,4
2026-08-12,12,8,False,264.0,1,2
2026-08-18,10,27,False,296.0,0,1
2026-08-30,11,41,False,269.0,1,6
2026-08-07,15,45,True,408.0,0,4
2026-08-20,18,25,False,269.0,1,3
2026-08-24,18,13,False,242.0,1,0
2026-08-23,17,34,False,346.0,1,6
2026-08-07,18,39,True,302.0,0,4
2026-08-09,21,7,True,369.0,1,6
2026-08-01,9,22,False,325.0,1,5
2026-08-26,15,33,True,318.0,1,2
2026-08-06,14,46,True,282.0,1,3
2026-08-06,8,38,True,343.0,1,3
2026-08-22,20,31,False,246.0,1,5
2026-08-29,9,45,False,297.0,1,5
2026-08-12,14,33,True,351.0,1,2
2026-08-22,18,22,True,393.0,0,5
2026-08-12,20,27,True,289.0,1,2
2026-08-10,18,27,True,314.0,0,0
2026-08-23,10,21,False,272.0,1,6
2026-08-30,9,35,False,309.0,1,6
2026-08-26,8,47,True,284.0,0,2
2026-08-06,14,50,False,243.0,1,3
2026-08-17,10,10,False,225.0,1,0
2026-08-19,13,47,True,264.0,1,2
2026-08-18,17,28,True,296.0,1,1
2026-08-06,15,40,False,347.0,1,3
2026-08-24,13,37,True,336.0,1,0
2026-08-19,21,41,False,301.0,1,2
2026-08-10,14,33,True,374.0,0,0
2026-08-24,18,8,False,300.0,0,0
2026-08-08,13,37,False,301.0,1,5
2026-08-21,14,50,False,262.0,0,4
2026-08-24,12,41,False,259.0,0,0
2026-08-06,16,33,False,228.0,1,3
2026-08-21,10,19,False,268.0,1,4
2026-08-25,13,30,True,311.0,0,1
2026-08-30,16,14,True,334.0,1,6
2026-08-07,8,14,False,303.0,1,4
2026-08-24,12,36,False,270.0,1,0
2026-08-01,20,7,True,296.0,0,5
2026-08-27,11,43,True,344.0,0,3
2026-08-18,16,34,False,261.0,1,1
2026-08-24,18,50,True,339.0,0,0
2026-08-28,20,32,True,256.0,1,4
2026-08-25,18,42,False,298.0,1,1
2026-08-20,8,33,False,334.0,1,3
2026-08-12,20,14,True,357.0,0,2
2026-08-16,11,25,True,320.0,1,6
2026-08-10,8,28,True,381.0,1,0
2026-08-27,10,42,True,282.0,1,3
2026-08-10,11,50,False,284.0,1,0
2026-08-14,8,39,False,297.0,1,4
2026-08-25,12,30,True,366.0,1,1
2026-08-20,13,31,True,241.0,0,3
2026-08-10,8,24,True,302.0,1,0
2026-08-10,17,4,False,352.0,1,0
2026-08-26,18,14,True,227.0,1,2
2026-08-25,20,9,False,325.0,1,1
2026-08-11,20,36,False,264.0,1,1
2026-08-23,17,6,False,292.0,0,6
2026-08-02,21,24,False,355.0,1,6
2026-08-25,19,26,True,340.0,0,1
2026-08-20,20,34,False,350.0,0,3
2026-08-08,19,1,True,308.0,1,5
2026-08-30,11,23,False,274.0,1,6
2026-08-23,11,17,True,359.0,0,6
2026-08-29,21,36,False,280.0,1,5
2026-08-31,8,37,True,368.0,1,0
2026-08-07,9,50,False,345.0,1,4
2026-08-08,18,45,True,359.0,1,5
2026-08-01,17,20,False,219.0,0,5
2026-08-21,12,26,True,311.0,1,4
2026-08-02,9,11,True,349.0,1,6
2026-08-18,10,20,False,283.0,1,1
2026-08-15,16,1,False,284.0,1,5
2026-08-01,12,44,True,336.0,0,5
2026-08-05,8,13,False,283.0,0,2
2026-08-02,12,36,False,277.0,0,6
2026-08-20,10,44,False,245.0,1,3
2026-08-03,8,38,True,325.0,1,0
2026-08-19,10,13,True,271.0,1,2
2026-08-18,18,14,False,289.0,1,1
2026-08-29,13,12,True,314.0,0,5
2026-08-22,17,34,False,245.0,0,5
2026-08-18,12,27,True,396.0,1,1
2026-08-14,19,12,True,318.0,1,4
2026-08-30,19,38,False,299.0,1,6
2026-08-24,8,36,False,279.0,1,0
2026-08-08,18,1,False,268.0,1,5
2026-08-29,9,26,True,351.0,1,5
2026-08-30,12,40,True,311.0,1,6
2026-08-12,16,40,True,321.0,1,2
2026-08-21,18,21,True,357.0,0,4
2026-08-10,21,32,False,277.0,1,0
2026-08-23,19,25,False,235.0,1,6
2026-08-20,19,12,True,267.0,1,3
2026-08-17,20,25,False,350.0,1,0
2026-08-11,12,26,True,362.0,0,1
2026-08-02,12,36,False,311.0,1,6
2026-08-26,8,16,True,327.0,0,2
2026-08-26,12,14,False,231.0,1,2
2026-08-04,15,46,True,309.0,1,1
2026-08-01,16,34,True,317.0,1,5
2026-08-15,17,49,True,277.0,1,5
2026-08-13,10,24,True,274.0,1,3
2026-08-08,11,8,True,259.0,0,5
2026-08-25,14,27,True,347.0,1,1
2026-08-04,14,39,True,272.0,1,1
2026-08-10,8,13,False,317.0,1,0
2026-08-19,18,29,True,309.0,1,2
2026-08-18,13,31,False,306.0,0,1
2026-08-05,20,43,True,346.0,0,2
2026-08-30,19,19,False,279.0,1,6
2026-08-19,21,10,False,303.0,1,2
2026-08-26,16,43,True,316.0,1,2
2026-08-23,12,48,False,260.0,0,6
2026-08-27,15,40,True,359.0,1,3
2026-08-22,18,34,False,268.0,0,5
2026-08-16,17,46,False,279.0,1,6
2026-08-01,18,49,True,268.0,0,5
2026-08-12,16,49,True,331.0,1,2
2026-08-24,17,43,True,298.0,1,0
2026-08-02,17,1,True,303.0,0,6
2026-08-21,20,19,False,259.0,0,4
2026-08-25,10,1,True,328.0,0,1
2026-08-08,8,24,True,264.0,0,5
2026-08-18,21,25,True,365.0,0,1
2026-08-25,21,4,True,336.0,0,1
2026-08-16,9,24,True,319.0,0,6
2026-08-05,12,39,False,223.0,0,2
2026-08-26,21,20,True,355.0,1,2
2026-08-30,17,33,False,257.0,1,6
2026-08-22,14,28,True,373.0,1,5
2026-08-13,18,43,True,344.0,1,3
2026-08-19,13,45,False,343.0,0,2
2026-08-29,11,35,True,333.0,1,5
2026-08-03,16,24,True,364.0,1,0
2026-08-26,19,40,False,307.0,1,2
2026-08-08,18,44,True,306.0,1,5
2026-08-27,11,2,True,335.0,1,3
2026-08-26,10,23,False,259.0,0,2
2026-08-26,18,33,False,367.0,1,2
2026-08-31,12,14,True,320.0,0,0
2026-08-12,11,15,True,329.0,1,2
2026-08-02,9,32,True,354.0,0,6
2026-08-11,10,23,True,289.0,1,1
2026-08-12,14,4,False,333.0,1,2
2026-08-28,19,20,False,247.0,1,4
2026-08-18,9,31,False,248.0,0,1
2026-08-13,8,7,True,338.0,1,3
2026-08-05,9,1,True,287.0,1,2
2026-08-22,19,5,False,350.0,0,5
2026-08-12,15,14,True,311.0,1,2
2026-08-02,15,30,False,151.0,1,6
2026-08-31,19,38,False,296.0,1,0
2026-08-05,17,23,False,304.0,1,2
2026-08-07,9,7,True,321.0,0,4
2026-08-26,13,44,True,268.0,1,2
2026-08-26,18,39,False,280.0,0,2
2026-08-24,19,50,False,269.0,1,0
2026-08-12,18,16,False,245.0,1,2
2026-08-16,18,9,True,282.0,1,6
2026-08-23,14,39,False,287.0,1,6
2026-08-08,8,46,False,341.0,1,5
2026-08-30,14,34,True,339.0,0,6
2026-08-28,19,31,False,219.0,0,4
2026-08-09,18,45,False,309.0,0,6
2026-08-15,15,7,True,351.0,1,5
2026-08-05,16,2,True,376.0,0,2
2026-08-13,21,6,False,260.0,0,3
2026-08-05,15,44,True,318.0,1,2
2026-08-11,10,34,False,315.0,1,1
2026-08-10,15,17,True,299.0,1,0
2026-08-20,10,26,True,355.0,1,3
2026-08-13,13,12,False,281.0,0,3
2026-08-09,11,20,False,254.0,1,6
2026-08-21,14,41,True,290.0,0,4
2026-08-14,15,46,False,330.0,1,4
2026-08-18,17,35,True,282.0,1,1
2026-08-15,13,35,True,275.0,1,5
2026-08-10,17,29,True,336.0,0,0
2026-08-24,11,48,True,327.0,1,0
2026-08-31,15,38,False,228.0,0,0
2026-08-07,14,31,False,260.0,1,4
2026-08-08,17,40,False,249.0,1,5
2026-08-28,15,13,False,254.0,1,4
2026-08-03,20,26,True,433.0,0,0
2026-08-31,17,22,False,270.0,1,0
2026-08-15,14,8,False,245.0,1,5
2026-08-16,21,40,False,379.0,1,6
2026-08-04,10,7,False,328.0,0,1
2026-08-21,10,5,False,321.0,1,4
2026-08-06,16,1,True,287.0,1,3
2026-08-01,21,45,False,346.0,1,5
2026-08-04,14,40,False,313.0,1,1
2026-08-11,19,11,False,294.0,0,1
2026-08-12,8,32,True,276.0,0,2
2026-08-26,10,7,False,292.0,1,2
2026-08-29,18,29,False,354.0,0,5
2026-08-05,8,30,True,353.0,0,2
2026-08-23,13,21,False,267.0,1,6
2026-08-29,20,39,True,323.0,0,5
2026-08-21,9,48,True,332.0,0,4
2026-08-16,14,44,True,289.0,1,6
2026-08-13,15,43,False,278.0,1,3
2026-08-13,20,41,True,390.0,1,3
2026-08-17,20,39,True,386.0,1,0
2026-08-27,20,20,True,302.0,0,3
2026-08-07,13,22,True,373.0,0,4
